region,branch_code,province,branch,month,water_sold_m3
1,5531032,ปราจีนบุรี,กบินทร์บุรี,2022-10-01,256610.0
1,5531025,จันทบุรี,ขลุง,2022-10-01,216049.0
1,5531027,ตราด,คลองใหญ่,2022-10-01,57926.0
1,5531024,จันทบุรี,จันทบุรี,2022-10-01,988327.0
1,5531017,ฉะเชิงเทรา,ฉะเชิงเทรา,2022-10-01,843044.0
1,5531011,ชลบุรี,ชลบุรี,2022-10-01,3447928.0
1,5531026,ตราด,ตราด,2022-10-01,447821.0
1,5531019,ฉะเชิงเทรา,บางคล้า,2022-10-01,1457675.0
1,5531018,ฉะเชิงเทรา,บางปะกง,2022-10-01,1018153.0
1,5531022,ระยอง,บ้านฉาง,2022-10-01,1831006.0
1,5531013,ชลบุรี,บ้านบึง,2022-10-01,1039421.0
1,5531031,ปราจีนบุรี,ปราจีนบุรี,2022-10-01,672426.3
1,5531023,ระยอง,ปากน้ำประแสร์,2022-10-01,342815.0
1,5531020,ฉะเชิงเทรา,พนมสารคาม,2022-10-01,426518.0
1,5531014,ชลบุรี,พนัสนิคม,2022-10-01,1419438.0
1,5531012,ชลบุรี,พัทยา,2022-10-01,3288246.72
1,5531021,ระยอง,ระยอง,2022-10-01,1499994.0
1,5531029,สระแก้ว,วัฒนานคร,2022-10-01,98334.0
1,5531015,ชลบุรี,ศรีราชา,2022-10-01,1350866.0
1,5531028,สระแก้ว,สระแก้ว,2022-10-01,286431.0
1,5531030,สระแก้ว,อรัญประเทศ,2022-10-01,353351.0
1,5531016,ชลบุรี,แหลมฉบัง,2022-10-01,1867132.0
2,5541031,นครราชสีมา,ครบุรี,2022-10-01,132126.0
2,5541039,ปทุมธานี,คลองหลวง,2022-10-01,2569647.0
2,5541017,ลพบุรี,ชัยบาดาล,2022-10-01,173837.0
2,5541036,นครราชสีมา,ชุมพวง,2022-10-01,95430.0
2,5541038,นครราชสีมา,ด่านขุนทด,2022-10-01,127010.0
2,5541024,พระนครศรีอยุธยา,ท่าเรือ,2022-10-01,128760.0
2,5541040,ปทุมธานี,ธัญบุรี,2022-10-01,1556518.0
2,5541027,นครนายก,นครนายก,2022-10-01,337725.0
2,5541029,นครราชสีมา,นครราชสีมา,2022-10-01,762214.0
2,5541028,นครนายก,บ้านนา,2022-10-01,244870.0
2,5541014,สระบุรี,บ้านหมอ,2022-10-01,78844.0
2,5541016,ลพบุรี,บ้านหมี่,2022-10-01,303118.0
2,5541025,ปทุมธานี,ปทุมธานี,2022-10-01,2084707.81
2,5541033,นครราชสีมา,ปักธงชัย,2022-10-01,205438.0
2,5541030,นครราชสีมา,ปากช่อง,2022-10-01,354153.0
2,5541022,พระนครศรีอยุธยา,ผักไห่,2022-10-01,38114.0
2,5541021,พระนครศรีอยุธยา,พระนครศรีอยุธยา,2022-10-01,2351446.37
2,5541011,สระบุรี,พระพุทธบาท,2022-10-01,332325.0
2,5541035,นครราชสีมา,พิมาย,2022-10-01,204249.0
2,5541013,สระบุรี,มวกเหล็ก,2022-10-01,469086.0
2,5541026,ปทุมธานี,รังสิต,2022-10-01,3794266.0
2,5541015,ลพบุรี,ลพบุรี,2022-10-01,1166760.0
2,5541020,อ่างทอง,วิเศษชัยชาญ,2022-10-01,79932.0
2,5541018,สิงห์บุรี,สิงห์บุรี,2022-10-01,209333.0
2,5541032,นครราชสีมา,สีคิ้ว,2022-10-01,672270.0
2,5541012,สระบุรี,หนองแค,2022-10-01,905792.0
2,5541019,อ่างทอง,อ่างทอง,2022-10-01,229715.0
2,5541023,พระนครศรีอยุธยา,เสนา,2022-10-01,218217.0
2,5541034,นครราชสีมา,โชคชัย,2022-10-01,276238.0
2,5541037,นครราชสีมา,โนนสูง,2022-10-01,115286.0
3,5542024,กาญจนบุรี,กาญจนบุรี,2022-10-01,583949.0
3,5542031,ประจวบคีรีขันธ์,กุยบุรี,2022-10-01,327759.54
3,5542022,สุพรรณบุรี,ด่านช้าง,2022-10-01,105953.0
3,5542027,กาญจนบุรี,ท่ามะกา,2022-10-01,187408.0
3,5542033,นครปฐม,นครปฐม,2022-10-01,495476.0
3,5542032,ประจวบคีรีขันธ์,บางสะพาน,2022-10-01,221917.0
3,5542011,ราชบุรี,บ้านโป่ง,2022-10-01,199608.0
3,5542029,ประจวบคีรีขันธ์,ประจวบคีรีขันธ์,2022-10-01,300399.0
3,5542030,ประจวบคีรีขันธ์,ปราณบุรี,2022-10-01,660591.0
3,5542013,ราชบุรี,ปากท่อ,2022-10-01,408343.0
3,5542026,กาญจนบุรี,พนมทวน,2022-10-01,127031.0
3,5542014,ราชบุรี,ราชบุรี,2022-10-01,545471.04
3,5542020,สุพรรณบุรี,ศรีประจันต์,2022-10-01,82515.0
3,5542015,สมุทรสงคราม,สมุทรสงคราม,2022-10-01,810443.0
3,5542016,สมุทรสาคร,สมุทรสาคร,2022-10-01,4950627.0
3,5542012,ราชบุรี,สวนผึ้ง,2022-10-01,106034.0
3,5542018,นครปฐม,สามพราน,2022-10-01,1004175.0
3,5542019,สุพรรณบุรี,สุพรรณบุรี,2022-10-01,522047.0
3,5542023,สุพรรณบุรี,อู่ทอง,2022-10-01,331854.0
3,5542017,สมุทรสาคร,อ้อมน้อย,2022-10-01,2480049.0
3,5542021,สุพรรณบุรี,เดิมบางนางบวช,2022-10-01,177599.0
3,5542028,เพชรบุรี,เพชรบุรี,2022-10-01,1132787.0
3,5542025,กาญจนบุรี,เลาขวัญ,2022-10-01,115602.0
4,5551025,กระบี่,กระบี่,2022-10-01,699462.0
4,5551012,สุราษฎร์ธานี,กาญจนดิษฐ์,2022-10-01,251042.0
4,5551031,นครศรีธรรมราช,ขนอม,2022-10-01,120534.0
4,5551034,กระบี่,คลองท่อม,2022-10-01,99912.0
4,5551030,นครศรีธรรมราช,จันดี,2022-10-01,125101.0
4,5551028,นครศรีธรรมราช,ชะอวด,2022-10-01,88851.0
4,5551017,ชุมพร,ชุมพร,2022-10-01,794398.0
4,5551022,พังงา,ตะกั่วป่า,2022-10-01,120849.0
4,5551027,นครศรีธรรมราช,ทุ่งสง,2022-10-01,464802.0
4,5551019,ชุมพร,ท่าแซะ,2022-10-01,88118.0
4,5551023,พังงา,ท้ายเหมือง,2022-10-01,67856.0
4,5551032,นครศรีธรรมราช,นครศรีธรรมราช,2022-10-01,221321.0
4,5551015,สุราษฎร์ธานี,บ้านตาขุน,2022-10-01,82961.0
4,5551014,สุราษฎร์ธานี,บ้านนาสาร,2022-10-01,146765.0
4,5551029,นครศรีธรรมราช,ปากพนัง,2022-10-01,230687.0
4,5551021,พังงา,พังงา,2022-10-01,198425.0
4,5551024,ภูเก็ต,ภูเก็ต,2022-10-01,1485656.0
4,5551020,ระนอง,ระนอง,2022-10-01,421782.33
4,5551011,สุราษฎร์ธานี,สุราษฎร์ธานี,2022-10-01,1635095.3
4,5551018,ชุมพร,หลังสวน,2022-10-01,297000.0
4,5551026,กระบี่,อ่าวลึก,2022-10-01,83743.0
4,5551033,สุราษฎร์ธานี,เกาะพะงัน,2022-10-01,77471.0
4,5551013,สุราษฎร์ธานี,เกาะสมุย,2022-10-01,482304.0
4,5551016,สุราษฎร์ธานี,ไชยา,2022-10-01,84558.0
5,5552021,ตรัง,กันตัง,2022-10-01,215249.0
5,5552018,ตรัง,ตรัง,2022-10-01,320420.0
5,5552027,นราธิวาส,นราธิวาส,2022-10-01,455669.0
5,5552014,สงขลา,นาทวี,2022-10-01,77040.0
5,5552030,สงขลา,พังลา,2022-10-01,85945.0
5,5552016,พัทลุง,พัทลุง,2022-10-01,355230.0
5,5552024,ยะลา,ยะหา,2022-10-01,62130.0
5,5552020,ตรัง,ย่านตาขาว,2022-10-01,119930.0
5,5552015,สงขลา,ระโนด,2022-10-01,40796.0
5,5552028,นราธิวาส,รือเสาะ,2022-10-01,41635.0
5,5552023,สตูล,ละงู,2022-10-01,158761.0
5,5552011,สงขลา,สงขลา,2022-10-01,1421559.0
5,5552022,สตูล,สตูล,2022-10-01,324271.0
5,5552013,สงขลา,สะเดา,2022-10-01,381899.0
5,5552026,ปัตตานี,สายบุรี,2022-10-01,41697.0
5,5552029,นราธิวาส,สุไหงโก-ลก,2022-10-01,212902.0
5,5552012,สงขลา,หาดใหญ่,2022-10-01,1873523.0
5,5552019,ตรัง,ห้วยยอด,2022-10-01,191329.0
5,5552017,พัทลุง,เขาชัยสน,2022-10-01,46260.0
5,5552025,ยะลา,เบตง,2022-10-01,204734.0
6,5521016,ขอนแก่น,กระนวน,2022-10-01,230376.0
6,5521019,กาฬสินธุ์,กาฬสินธุ์,2022-10-01,490318.0
6,5521020,กาฬสินธุ์,กุฉินารายณ์,2022-10-01,75825.0
6,5521011,ขอนแก่น,ขอนแก่น,2022-10-01,2651954.0
6,5521026,ชัยภูมิ,จัตุรัส,2022-10-01,229490.0
6,5521015,ขอนแก่น,ชนบท,2022-10-01,231627.0
6,5521024,ชัยภูมิ,ชัยภูมิ,2022-10-01,703382.0
6,5521013,ขอนแก่น,ชุมแพ,2022-10-01,305016.0
6,5521014,ขอนแก่น,น้ำพอง,2022-10-01,365177.0
6,5521029,ชัยภูมิ,บำเหน็จณรงค์,2022-10-01,203210.0
6,5521012,ขอนแก่น,บ้านไผ่,2022-10-01,269386.0
6,5521023,มหาสารคาม,พยัคฆภูมิพิสัย,2022-10-01,122793.0
6,5521028,ชัยภูมิ,ภูเขียว,2022-10-01,177972.0
6,5521022,มหาสารคาม,มหาสารคาม,2022-10-01,1046891.0
6,5521030,ร้อยเอ็ด,ร้อยเอ็ด,2022-10-01,621745.0
6,5521021,กาฬสินธุ์,สมเด็จ,2022-10-01,98933.0
6,5521032,ร้อยเอ็ด,สุวรรณภูมิ,2022-10-01,83776.0
6,5521027,ชัยภูมิ,หนองบัวแดง,2022-10-01,109311.0
6,5521017,ขอนแก่น,หนองเรือ,2022-10-01,169406.0
6,5521018,ขอนแก่น,เมืองพล,2022-10-01,183462.0
6,5521025,ชัยภูมิ,แก้งคร้อ,2022-10-01,166586.0
6,5521031,ร้อยเอ็ด,โพนทอง,2022-10-01,125984.0
7,5522012,อุดรธานี,กุมภวาปี,2022-10-01,264589.0
7,5522018,เลย,ด่านซ้าย,2022-10-01,69804.0
7,5522028,นครพนม,ธาตุพนม,2022-10-01,177532.0
7,5522027,นครพนม,นครพนม,2022-10-01,317284.0
7,5522021,บึงกาฬ,บึงกาฬ,2022-10-01,148903.0
7,5522014,อุดรธานี,บ้านดุง,2022-10-01,164411.0
7,5522013,อุดรธานี,บ้านผือ,2022-10-01,146017.0
7,5522029,นครพนม,บ้านแพง,2022-10-01,66369.0
7,5522026,สกลนคร,พังโคน,2022-10-01,190585.0
7,5522019,เลย,วังสะพุง,2022-10-01,155802.0
7,5522030,นครพนม,ศรีสงคราม,2022-10-01,96619.0
7,5522022,หนองคาย,ศรีเชียงใหม่,2022-10-01,87715.0
7,5522024,สกลนคร,สกลนคร,2022-10-01,563745.0
7,5522025,สกลนคร,สว่างแดนดิน,2022-10-01,162420.0
7,5522020,หนองคาย,หนองคาย,2022-10-01,474622.0
7,5522015,หนองบัวลำภู,หนองบัวลำภู,2022-10-01,248796.0
7,5522011,อุดรธานี,อุดรธานี,2022-10-01,1926587.0
7,5522017,เลย,เชียงคาน,2022-10-01,154428.0
7,5522016,เลย,เลย,2022-10-01,489100.0
7,5522023,หนองคาย,โพนพิสัย,2022-10-01,131724.0
8,5532029,ศรีสะเกษ,กันทรลักษ์,2022-10-01,98666.0
8,5532022,บุรีรัมย์,นางรอง,2022-10-01,199052.0
8,5532019,บุรีรัมย์,บุรีรัมย์,2022-10-01,708374.0
8,5532012,อุบลราชธานี,พิบูลมังสาหาร,2022-10-01,98605.0
8,5532018,ยโสธร,มหาชนะชัย,2022-10-01,87698.0
8,5532030,มุกดาหาร,มุกดาหาร,2022-10-01,383257.0
8,5532016,ยโสธร,ยโสธร,2022-10-01,258664.0
8,5532026,สุรินทร์,รัตนบุรี,2022-10-01,154415.0
8,5532023,บุรีรัมย์,ละหานทราย,2022-10-01,192343.0
8,5532021,บุรีรัมย์,ลำปลายมาศ,2022-10-01,95484.0
8,5532028,ศรีสะเกษ,ศรีสะเกษ,2022-10-01,644277.0
8,5532025,สุรินทร์,ศีขรภูมิ,2022-10-01,138822.0
8,5532020,บุรีรัมย์,สตึก,2022-10-01,104226.0
8,5532027,สุรินทร์,สังขะ,2022-10-01,190906.0
8,5532024,สุรินทร์,สุรินทร์,2022-10-01,758561.0
8,5532015,อำนาจเจริญ,อำนาจเจริญ,2022-10-01,205049.0
8,5532011,อุบลราชธานี,อุบลราชธานี,2022-10-01,1387622.0
8,5532014,อุบลราชธานี,เขมราฐ,2022-10-01,131678.0
8,5532013,อุบลราชธานี,เดชอุดม,2022-10-01,146330.0
8,5532017,ยโสธร,เลิงนกทา,2022-10-01,97250.0
9,5511017,เชียงใหม่,จอมทอง,2022-10-01,77695.0
9,5511031,พะเยา,จุน,2022-10-01,86811.0
9,5511029,น่าน,ท่าวังผา,2022-10-01,91412.0
9,5511028,น่าน,น่าน,2022-10-01,311537.0
9,5511021,ลำพูน,บ้านโฮ่ง,2022-10-01,17617.0
9,5511016,เชียงใหม่,ฝาง,2022-10-01,110301.0
9,5511030,พะเยา,พะเยา,2022-10-01,473811.0
9,5511033,เชียงราย,พาน,2022-10-01,132746.0
9,5511027,แพร่,ร้องกวาง,2022-10-01,54418.0
9,5511022,ลำปาง,ลำปาง,2022-10-01,766117.0
9,5511020,ลำพูน,ลำพูน,2022-10-01,310833.0
9,5511013,เชียงใหม่,สันกำแพง,2022-10-01,268188.0
9,5511012,เชียงใหม่,ฮอด,2022-10-01,53632.0
9,5511023,ลำปาง,เกาะคา,2022-10-01,93192.0
9,5511032,เชียงราย,เชียงราย,2022-10-01,704481.0
9,5511011,เชียงใหม่,เชียงใหม่,2022-10-01,2807513.0
9,5511026,แพร่,เด่นชัย,2022-10-01,90333.0
9,5511024,ลำปาง,เถิน,2022-10-01,112956.0
9,5511034,เชียงราย,เทิง,2022-10-01,47279.0
9,5511035,เชียงราย,เวียงเชียงของ,2022-10-01,72233.0
9,5511025,แพร่,แพร่,2022-10-01,217487.0
9,5511037,เชียงราย,แม่ขะจาน,2022-10-01,57018.0
9,5511014,เชียงใหม่,แม่ริม,2022-10-01,438881.0
9,5511019,แม่ฮ่องสอน,แม่สะเรียง,2022-10-01,111924.0
9,5511036,เชียงราย,แม่สาย,2022-10-01,348817.0
9,5511018,แม่ฮ่องสอน,แม่ฮ่องสอน,2022-10-01,153984.0
9,5511015,เชียงใหม่,แม่แตง,2022-10-01,139003.0
10,5512017,กำแพงเพชร,กำแพงเพชร,2022-10-01,482301.0
10,5512018,กำแพงเพชร,ขาณุวรลักษบุรี,2022-10-01,96806.0
10,5512034,เพชรบูรณ์,ชนแดน,2022-10-01,55115.0
10,5512015,ชัยนาท,ชัยนาท,2022-10-01,218893.0
10,5512031,พิจิตร,ตะพานหิน,2022-10-01,141462.0
10,5512019,ตาก,ตาก,2022-10-01,459087.0
10,5512022,สุโขทัย,ทุ่งเสลี่ยม,2022-10-01,52729.0
10,5512012,นครสวรรค์,ท่าตะโก,2022-10-01,193135.0
10,5512011,นครสวรรค์,นครสวรรค์,2022-10-01,552496.0
10,5512028,พิษณุโลก,นครไทย,2022-10-01,90443.0
10,5512030,พิจิตร,บางมูลนาก,2022-10-01,88676.0
10,5512014,นครสวรรค์,พยุหะคีรี,2022-10-01,174711.0
10,5512029,พิจิตร,พิจิตร,2022-10-01,431395.0
10,5512027,พิษณุโลก,พิษณุโลก,2022-10-01,595051.0
10,5512013,นครสวรรค์,ลาดยาว,2022-10-01,112713.0
10,5512036,เพชรบูรณ์,วิเชียรบุรี,2022-10-01,114759.0
10,5512025,สุโขทัย,ศรีสัชนาลัย,2022-10-01,107190.0
10,5512023,สุโขทัย,ศรีสำโรง,2022-10-01,48331.0
10,5512024,สุโขทัย,สวรรคโลก,2022-10-01,114162.0
10,5512021,สุโขทัย,สุโขทัย,2022-10-01,342713.0
10,5512035,เพชรบูรณ์,หนองไผ่,2022-10-01,115210.0
10,5512033,เพชรบูรณ์,หล่มสัก,2022-10-01,197190.0
10,5512026,อุตรดิตถ์,อุตรดิตถ์,2022-10-01,71696.0
10,5512016,อุทัยธานี,อุทัยธานี,2022-10-01,176670.0
10,5512032,เพชรบูรณ์,เพชรบูรณ์,2022-10-01,340168.0
10,5512020,ตาก,แม่สอด,2022-10-01,624119.0
1,5531032,ปราจีนบุรี,กบินทร์บุรี,2022-11-01,269499.0
1,5531025,จันทบุรี,ขลุง,2022-11-01,243255.0
1,5531027,ตราด,คลองใหญ่,2022-11-01,67433.0
1,5531024,จันทบุรี,จันทบุรี,2022-11-01,1046542.72
1,5531017,ฉะเชิงเทรา,ฉะเชิงเทรา,2022-11-01,876463.0
1,5531011,ชลบุรี,ชลบุรี,2022-11-01,3689757.0
1,5531026,ตราด,ตราด,2022-11-01,491393.0
1,5531019,ฉะเชิงเทรา,บางคล้า,2022-11-01,1546877.67
1,5531018,ฉะเชิงเทรา,บางปะกง,2022-11-01,1071710.86
1,5531022,ระยอง,บ้านฉาง,2022-11-01,1944899.0
1,5531013,ชลบุรี,บ้านบึง,2022-11-01,1099436.0
1,5531031,ปราจีนบุรี,ปราจีนบุรี,2022-11-01,712461.8
1,5531023,ระยอง,ปากน้ำประแสร์,2022-11-01,394630.0
1,5531020,ฉะเชิงเทรา,พนมสารคาม,2022-11-01,457332.0
1,5531014,ชลบุรี,พนัสนิคม,2022-11-01,1532215.0
1,5531012,ชลบุรี,พัทยา,2022-11-01,3624839.39
1,5531021,ระยอง,ระยอง,2022-11-01,1578912.0
1,5531029,สระแก้ว,วัฒนานคร,2022-11-01,100197.0
1,5531015,ชลบุรี,ศรีราชา,2022-11-01,1446497.95
1,5531028,สระแก้ว,สระแก้ว,2022-11-01,298433.0
1,5531030,สระแก้ว,อรัญประเทศ,2022-11-01,378624.0
1,5531016,ชลบุรี,แหลมฉบัง,2022-11-01,1950059.0
2,5541031,นครราชสีมา,ครบุรี,2022-11-01,139563.0
2,5541039,ปทุมธานี,คลองหลวง,2022-11-01,2629368.0
2,5541017,ลพบุรี,ชัยบาดาล,2022-11-01,183678.0
2,5541036,นครราชสีมา,ชุมพวง,2022-11-01,91439.0
2,5541038,นครราชสีมา,ด่านขุนทด,2022-11-01,136464.0
2,5541024,พระนครศรีอยุธยา,ท่าเรือ,2022-11-01,143870.44
2,5541040,ปทุมธานี,ธัญบุรี,2022-11-01,1657457.0
2,5541027,นครนายก,นครนายก,2022-11-01,361689.0
2,5541029,นครราชสีมา,นครราชสีมา,2022-11-01,810879.0
2,5541028,นครนายก,บ้านนา,2022-11-01,257273.0
2,5541014,สระบุรี,บ้านหมอ,2022-11-01,82961.0
2,5541016,ลพบุรี,บ้านหมี่,2022-11-01,323313.0
2,5541025,ปทุมธานี,ปทุมธานี,2022-11-01,2179002.4
2,5541033,นครราชสีมา,ปักธงชัย,2022-11-01,215413.0
2,5541030,นครราชสีมา,ปากช่อง,2022-11-01,374496.0
2,5541022,พระนครศรีอยุธยา,ผักไห่,2022-11-01,39181.0
2,5541021,พระนครศรีอยุธยา,พระนครศรีอยุธยา,2022-11-01,2413408.22
2,5541011,สระบุรี,พระพุทธบาท,2022-11-01,350757.0
2,5541035,นครราชสีมา,พิมาย,2022-11-01,206591.0
2,5541013,สระบุรี,มวกเหล็ก,2022-11-01,488510.0
2,5541026,ปทุมธานี,รังสิต,2022-11-01,4010608.0
2,5541015,ลพบุรี,ลพบุรี,2022-11-01,1263472.0
2,5541020,อ่างทอง,วิเศษชัยชาญ,2022-11-01,86021.0
2,5541018,สิงห์บุรี,สิงห์บุรี,2022-11-01,228103.0
2,5541032,นครราชสีมา,สีคิ้ว,2022-11-01,693978.0
2,5541012,สระบุรี,หนองแค,2022-11-01,918168.0
2,5541019,อ่างทอง,อ่างทอง,2022-11-01,244038.0
2,5541023,พระนครศรีอยุธยา,เสนา,2022-11-01,231328.0
2,5541034,นครราชสีมา,โชคชัย,2022-11-01,291407.0
2,5541037,นครราชสีมา,โนนสูง,2022-11-01,120049.0
3,5542024,กาญจนบุรี,กาญจนบุรี,2022-11-01,615339.0
3,5542031,ประจวบคีรีขันธ์,กุยบุรี,2022-11-01,324722.0
3,5542022,สุพรรณบุรี,ด่านช้าง,2022-11-01,108409.0
3,5542027,กาญจนบุรี,ท่ามะกา,2022-11-01,196818.0
3,5542033,นครปฐม,นครปฐม,2022-11-01,520602.0
3,5542032,ประจวบคีรีขันธ์,บางสะพาน,2022-11-01,208418.0
3,5542011,ราชบุรี,บ้านโป่ง,2022-11-01,200420.0
3,5542029,ประจวบคีรีขันธ์,ประจวบคีรีขันธ์,2022-11-01,295695.0
3,5542030,ประจวบคีรีขันธ์,ปราณบุรี,2022-11-01,701515.0
3,5542013,ราชบุรี,ปากท่อ,2022-11-01,404230.0
3,5542026,กาญจนบุรี,พนมทวน,2022-11-01,138773.0
3,5542014,ราชบุรี,ราชบุรี,2022-11-01,564912.0
3,5542020,สุพรรณบุรี,ศรีประจันต์,2022-11-01,89014.0
3,5542015,สมุทรสงคราม,สมุทรสงคราม,2022-11-01,798090.0
3,5542016,สมุทรสาคร,สมุทรสาคร,2022-11-01,5062296.0
3,5542012,ราชบุรี,สวนผึ้ง,2022-11-01,107265.0
3,5542018,นครปฐม,สามพราน,2022-11-01,1024452.0
3,5542019,สุพรรณบุรี,สุพรรณบุรี,2022-11-01,532798.0
3,5542023,สุพรรณบุรี,อู่ทอง,2022-11-01,339315.0
3,5542017,สมุทรสาคร,อ้อมน้อย,2022-11-01,2556333.0
3,5542021,สุพรรณบุรี,เดิมบางนางบวช,2022-11-01,188468.0
3,5542028,เพชรบุรี,เพชรบุรี,2022-11-01,1159422.0
3,5542025,กาญจนบุรี,เลาขวัญ,2022-11-01,125996.0
4,5551025,กระบี่,กระบี่,2022-11-01,722294.0
4,5551012,สุราษฎร์ธานี,กาญจนดิษฐ์,2022-11-01,255845.97
4,5551031,นครศรีธรรมราช,ขนอม,2022-11-01,124996.0
4,5551034,กระบี่,คลองท่อม,2022-11-01,99396.0
4,5551030,นครศรีธรรมราช,จันดี,2022-11-01,124407.0
4,5551028,นครศรีธรรมราช,ชะอวด,2022-11-01,94150.0
4,5551017,ชุมพร,ชุมพร,2022-11-01,786152.0
4,5551022,พังงา,ตะกั่วป่า,2022-11-01,142517.0
4,5551027,นครศรีธรรมราช,ทุ่งสง,2022-11-01,466335.0
4,5551019,ชุมพร,ท่าแซะ,2022-11-01,87609.0
4,5551023,พังงา,ท้ายเหมือง,2022-11-01,66943.0
4,5551032,นครศรีธรรมราช,นครศรีธรรมราช,2022-11-01,211696.0
4,5551015,สุราษฎร์ธานี,บ้านตาขุน,2022-11-01,80826.0
4,5551014,สุราษฎร์ธานี,บ้านนาสาร,2022-11-01,148063.0
4,5551029,นครศรีธรรมราช,ปากพนัง,2022-11-01,218101.0
4,5551021,พังงา,พังงา,2022-11-01,195369.0
4,5551024,ภูเก็ต,ภูเก็ต,2022-11-01,1552656.0
4,5551020,ระนอง,ระนอง,2022-11-01,439718.11
4,5551011,สุราษฎร์ธานี,สุราษฎร์ธานี,2022-11-01,1607732.98
4,5551018,ชุมพร,หลังสวน,2022-11-01,308544.11
4,5551026,กระบี่,อ่าวลึก,2022-11-01,81953.0
4,5551033,สุราษฎร์ธานี,เกาะพะงัน,2022-11-01,80253.0
4,5551013,สุราษฎร์ธานี,เกาะสมุย,2022-11-01,472040.0
4,5551016,สุราษฎร์ธานี,ไชยา,2022-11-01,79772.0
5,5552021,ตรัง,กันตัง,2022-11-01,214998.0
5,5552018,ตรัง,ตรัง,2022-11-01,327163.0
5,5552027,นราธิวาส,นราธิวาส,2022-11-01,441327.0
5,5552014,สงขลา,นาทวี,2022-11-01,77606.0
5,5552030,สงขลา,พังลา,2022-11-01,85111.0
5,5552016,พัทลุง,พัทลุง,2022-11-01,349657.0
5,5552024,ยะลา,ยะหา,2022-11-01,54465.0
5,5552020,ตรัง,ย่านตาขาว,2022-11-01,122791.0
5,5552015,สงขลา,ระโนด,2022-11-01,39909.0
5,5552028,นราธิวาส,รือเสาะ,2022-11-01,42014.0
5,5552023,สตูล,ละงู,2022-11-01,161769.0
5,5552011,สงขลา,สงขลา,2022-11-01,1379923.0
5,5552022,สตูล,สตูล,2022-11-01,319125.0
5,5552013,สงขลา,สะเดา,2022-11-01,373143.0
5,5552026,ปัตตานี,สายบุรี,2022-11-01,43504.0
5,5552029,นราธิวาส,สุไหงโก-ลก,2022-11-01,217349.0
5,5552012,สงขลา,หาดใหญ่,2022-11-01,1861401.0
5,5552019,ตรัง,ห้วยยอด,2022-11-01,195687.0
5,5552017,พัทลุง,เขาชัยสน,2022-11-01,43044.0
5,5552025,ยะลา,เบตง,2022-11-01,207195.0
6,5521016,ขอนแก่น,กระนวน,2022-11-01,240692.0
6,5521019,กาฬสินธุ์,กาฬสินธุ์,2022-11-01,509693.0
6,5521020,กาฬสินธุ์,กุฉินารายณ์,2022-11-01,79802.0
6,5521011,ขอนแก่น,ขอนแก่น,2022-11-01,2796079.0
6,5521026,ชัยภูมิ,จัตุรัส,2022-11-01,246536.0
6,5521015,ขอนแก่น,ชนบท,2022-11-01,242863.0
6,5521024,ชัยภูมิ,ชัยภูมิ,2022-11-01,692604.0
6,5521013,ขอนแก่น,ชุมแพ,2022-11-01,315877.0
6,5521014,ขอนแก่น,น้ำพอง,2022-11-01,389087.92
6,5521029,ชัยภูมิ,บำเหน็จณรงค์,2022-11-01,204888.0
6,5521012,ขอนแก่น,บ้านไผ่,2022-11-01,281270.0
6,5521023,มหาสารคาม,พยัคฆภูมิพิสัย,2022-11-01,127294.0
6,5521028,ชัยภูมิ,ภูเขียว,2022-11-01,197028.0
6,5521022,มหาสารคาม,มหาสารคาม,2022-11-01,1058088.0
6,5521030,ร้อยเอ็ด,ร้อยเอ็ด,2022-11-01,660651.0
6,5521021,กาฬสินธุ์,สมเด็จ,2022-11-01,112697.0
6,5521032,ร้อยเอ็ด,สุวรรณภูมิ,2022-11-01,92389.0
6,5521027,ชัยภูมิ,หนองบัวแดง,2022-11-01,110979.0
6,5521017,ขอนแก่น,หนองเรือ,2022-11-01,181623.0
6,5521018,ขอนแก่น,เมืองพล,2022-11-01,197292.0
6,5521025,ชัยภูมิ,แก้งคร้อ,2022-11-01,180974.0
6,5521031,ร้อยเอ็ด,โพนทอง,2022-11-01,132347.0
7,5522012,อุดรธานี,กุมภวาปี,2022-11-01,281881.0
7,5522018,เลย,ด่านซ้าย,2022-11-01,72832.0
7,5522028,นครพนม,ธาตุพนม,2022-11-01,193106.0
7,5522027,นครพนม,นครพนม,2022-11-01,330693.0
7,5522021,บึงกาฬ,บึงกาฬ,2022-11-01,162308.0
7,5522014,อุดรธานี,บ้านดุง,2022-11-01,173170.0
7,5522013,อุดรธานี,บ้านผือ,2022-11-01,157719.0
7,5522029,นครพนม,บ้านแพง,2022-11-01,73355.0
7,5522026,สกลนคร,พังโคน,2022-11-01,195411.0
7,5522019,เลย,วังสะพุง,2022-11-01,166770.0
7,5522030,นครพนม,ศรีสงคราม,2022-11-01,101194.0
7,5522022,หนองคาย,ศรีเชียงใหม่,2022-11-01,92123.0
7,5522024,สกลนคร,สกลนคร,2022-11-01,572029.0
7,5522025,สกลนคร,สว่างแดนดิน,2022-11-01,169559.0
7,5522020,หนองคาย,หนองคาย,2022-11-01,509953.0
7,5522015,หนองบัวลำภู,หนองบัวลำภู,2022-11-01,264139.0
7,5522011,อุดรธานี,อุดรธานี,2022-11-01,2032616.0
7,5522017,เลย,เชียงคาน,2022-11-01,175028.0
7,5522016,เลย,เลย,2022-11-01,436376.0
7,5522023,หนองคาย,โพนพิสัย,2022-11-01,143464.0
8,5532029,ศรีสะเกษ,กันทรลักษ์,2022-11-01,104103.0
8,5532022,บุรีรัมย์,นางรอง,2022-11-01,215462.0
8,5532019,บุรีรัมย์,บุรีรัมย์,2022-11-01,729022.0
8,5532012,อุบลราชธานี,พิบูลมังสาหาร,2022-11-01,105694.0
8,5532018,ยโสธร,มหาชนะชัย,2022-11-01,91619.0
8,5532030,มุกดาหาร,มุกดาหาร,2022-11-01,410949.0
8,5532016,ยโสธร,ยโสธร,2022-11-01,271053.0
8,5532026,สุรินทร์,รัตนบุรี,2022-11-01,156028.0
8,5532023,บุรีรัมย์,ละหานทราย,2022-11-01,211503.0
8,5532021,บุรีรัมย์,ลำปลายมาศ,2022-11-01,101085.0
8,5532028,ศรีสะเกษ,ศรีสะเกษ,2022-11-01,689110.0
8,5532025,สุรินทร์,ศีขรภูมิ,2022-11-01,130327.0
8,5532020,บุรีรัมย์,สตึก,2022-11-01,113777.0
8,5532027,สุรินทร์,สังขะ,2022-11-01,199962.0
8,5532024,สุรินทร์,สุรินทร์,2022-11-01,778082.0
8,5532015,อำนาจเจริญ,อำนาจเจริญ,2022-11-01,209001.0
8,5532011,อุบลราชธานี,อุบลราชธานี,2022-11-01,1446033.0
8,5532014,อุบลราชธานี,เขมราฐ,2022-11-01,139941.0
8,5532013,อุบลราชธานี,เดชอุดม,2022-11-01,164824.0
8,5532017,ยโสธร,เลิงนกทา,2022-11-01,103777.0
9,5511017,เชียงใหม่,จอมทอง,2022-11-01,81257.0
9,5511031,พะเยา,จุน,2022-11-01,93965.0
9,5511029,น่าน,ท่าวังผา,2022-11-01,98421.0
9,5511028,น่าน,น่าน,2022-11-01,329160.0
9,5511021,ลำพูน,บ้านโฮ่ง,2022-11-01,18370.0
9,5511016,เชียงใหม่,ฝาง,2022-11-01,113086.0
9,5511030,พะเยา,พะเยา,2022-11-01,441260.0
9,5511033,เชียงราย,พาน,2022-11-01,143454.0
9,5511027,แพร่,ร้องกวาง,2022-11-01,56872.0
9,5511022,ลำปาง,ลำปาง,2022-11-01,819856.0
9,5511020,ลำพูน,ลำพูน,2022-11-01,328476.0
9,5511013,เชียงใหม่,สันกำแพง,2022-11-01,293489.0
9,5511012,เชียงใหม่,ฮอด,2022-11-01,55545.0
9,5511023,ลำปาง,เกาะคา,2022-11-01,100879.0
9,5511032,เชียงราย,เชียงราย,2022-11-01,743924.0
9,5511011,เชียงใหม่,เชียงใหม่,2022-11-01,3040749.0
9,5511026,แพร่,เด่นชัย,2022-11-01,92023.0
9,5511024,ลำปาง,เถิน,2022-11-01,121930.0
9,5511034,เชียงราย,เทิง,2022-11-01,49337.0
9,5511035,เชียงราย,เวียงเชียงของ,2022-11-01,74178.0
9,5511025,แพร่,แพร่,2022-11-01,231428.0
9,5511037,เชียงราย,แม่ขะจาน,2022-11-01,60876.0
9,5511014,เชียงใหม่,แม่ริม,2022-11-01,474928.0
9,5511019,แม่ฮ่องสอน,แม่สะเรียง,2022-11-01,114239.0
9,5511036,เชียงราย,แม่สาย,2022-11-01,358601.0
9,5511018,แม่ฮ่องสอน,แม่ฮ่องสอน,2022-11-01,158161.0
9,5511015,เชียงใหม่,แม่แตง,2022-11-01,142489.0
10,5512017,กำแพงเพชร,กำแพงเพชร,2022-11-01,502573.0
10,5512018,กำแพงเพชร,ขาณุวรลักษบุรี,2022-11-01,104546.0
10,5512034,เพชรบูรณ์,ชนแดน,2022-11-01,64404.0
10,5512015,ชัยนาท,ชัยนาท,2022-11-01,237500.0
10,5512031,พิจิตร,ตะพานหิน,2022-11-01,155037.0
10,5512019,ตาก,ตาก,2022-11-01,481512.0
10,5512022,สุโขทัย,ทุ่งเสลี่ยม,2022-11-01,55719.0
10,5512012,นครสวรรค์,ท่าตะโก,2022-11-01,199411.0
10,5512011,นครสวรรค์,นครสวรรค์,2022-11-01,594744.0
10,5512028,พิษณุโลก,นครไทย,2022-11-01,100200.0
10,5512030,พิจิตร,บางมูลนาก,2022-11-01,91597.0
10,5512014,นครสวรรค์,พยุหะคีรี,2022-11-01,200636.0
10,5512029,พิจิตร,พิจิตร,2022-11-01,458719.0
10,5512027,พิษณุโลก,พิษณุโลก,2022-11-01,616090.0
10,5512013,นครสวรรค์,ลาดยาว,2022-11-01,121666.0
10,5512036,เพชรบูรณ์,วิเชียรบุรี,2022-11-01,135043.0
10,5512025,สุโขทัย,ศรีสัชนาลัย,2022-11-01,116331.0
10,5512023,สุโขทัย,ศรีสำโรง,2022-11-01,50723.0
10,5512024,สุโขทัย,สวรรคโลก,2022-11-01,115996.0
10,5512021,สุโขทัย,สุโขทัย,2022-11-01,362792.0
10,5512035,เพชรบูรณ์,หนองไผ่,2022-11-01,127097.0
10,5512033,เพชรบูรณ์,หล่มสัก,2022-11-01,209769.0
10,5512026,อุตรดิตถ์,อุตรดิตถ์,2022-11-01,74909.0
10,5512016,อุทัยธานี,อุทัยธานี,2022-11-01,190123.0
10,5512032,เพชรบูรณ์,เพชรบูรณ์,2022-11-01,358253.0
10,5512020,ตาก,แม่สอด,2022-11-01,666202.0
1,5531032,ปราจีนบุรี,กบินทร์บุรี,2022-12-01,265214.0
1,5531025,จันทบุรี,ขลุง,2022-12-01,237558.0
1,5531027,ตราด,คลองใหญ่,2022-12-01,66723.0
1,5531024,จันทบุรี,จันทบุรี,2022-12-01,1062168.0
1,5531017,ฉะเชิงเทรา,ฉะเชิงเทรา,2022-12-01,873818.0
1,5531011,ชลบุรี,ชลบุรี,2022-12-01,3560805.0
1,5531026,ตราด,ตราด,2022-12-01,478594.0
1,5531019,ฉะเชิงเทรา,บางคล้า,2022-12-01,1546737.47
1,5531018,ฉะเชิงเทรา,บางปะกง,2022-12-01,1059566.0
1,5531022,ระยอง,บ้านฉาง,2022-12-01,1911979.0
1,5531013,ชลบุรี,บ้านบึง,2022-12-01,1068377.0
1,5531031,ปราจีนบุรี,ปราจีนบุรี,2022-12-01,703552.44
1,5531023,ระยอง,ปากน้ำประแสร์,2022-12-01,380221.0
1,5531020,ฉะเชิงเทรา,พนมสารคาม,2022-12-01,455439.0
1,5531014,ชลบุรี,พนัสนิคม,2022-12-01,1471335.0
1,5531012,ชลบุรี,พัทยา,2022-12-01,3661344.07
1,5531021,ระยอง,ระยอง,2022-12-01,1541378.0
1,5531029,สระแก้ว,วัฒนานคร,2022-12-01,97426.0
1,5531015,ชลบุรี,ศรีราชา,2022-12-01,1418572.0
1,5531028,สระแก้ว,สระแก้ว,2022-12-01,296646.0
1,5531030,สระแก้ว,อรัญประเทศ,2022-12-01,371235.0
1,5531016,ชลบุรี,แหลมฉบัง,2022-12-01,1883001.0
2,5541031,นครราชสีมา,ครบุรี,2022-12-01,139589.0
2,5541039,ปทุมธานี,คลองหลวง,2022-12-01,2581964.0
2,5541017,ลพบุรี,ชัยบาดาล,2022-12-01,181696.0
2,5541036,นครราชสีมา,ชุมพวง,2022-12-01,98600.0
2,5541038,นครราชสีมา,ด่านขุนทด,2022-12-01,135461.0
2,5541024,พระนครศรีอยุธยา,ท่าเรือ,2022-12-01,130210.67
2,5541040,ปทุมธานี,ธัญบุรี,2022-12-01,1649650.0
2,5541027,นครนายก,นครนายก,2022-12-01,363593.0
2,5541029,นครราชสีมา,นครราชสีมา,2022-12-01,806012.0
2,5541028,นครนายก,บ้านนา,2022-12-01,257414.0
2,5541014,สระบุรี,บ้านหมอ,2022-12-01,75370.0
2,5541016,ลพบุรี,บ้านหมี่,2022-12-01,317579.0
2,5541025,ปทุมธานี,ปทุมธานี,2022-12-01,2159006.23
2,5541033,นครราชสีมา,ปักธงชัย,2022-12-01,219755.0
2,5541030,นครราชสีมา,ปากช่อง,2022-12-01,370409.0
2,5541022,พระนครศรีอยุธยา,ผักไห่,2022-12-01,37615.0
2,5541021,พระนครศรีอยุธยา,พระนครศรีอยุธยา,2022-12-01,2336920.83
2,5541011,สระบุรี,พระพุทธบาท,2022-12-01,335725.0
2,5541035,นครราชสีมา,พิมาย,2022-12-01,213432.0
2,5541013,สระบุรี,มวกเหล็ก,2022-12-01,479984.0
2,5541026,ปทุมธานี,รังสิต,2022-12-01,3920054.0
2,5541015,ลพบุรี,ลพบุรี,2022-12-01,1194657.0
2,5541020,อ่างทอง,วิเศษชัยชาญ,2022-12-01,85715.89
2,5541018,สิงห์บุรี,สิงห์บุรี,2022-12-01,213386.0
2,5541032,นครราชสีมา,สีคิ้ว,2022-12-01,667885.0
2,5541012,สระบุรี,หนองแค,2022-12-01,902798.0
2,5541019,อ่างทอง,อ่างทอง,2022-12-01,233948.0
2,5541023,พระนครศรีอยุธยา,เสนา,2022-12-01,224702.0
2,5541034,นครราชสีมา,โชคชัย,2022-12-01,293298.0
2,5541037,นครราชสีมา,โนนสูง,2022-12-01,128315.0
3,5542024,กาญจนบุรี,กาญจนบุรี,2022-12-01,632072.0
3,5542031,ประจวบคีรีขันธ์,กุยบุรี,2022-12-01,328234.0
3,5542022,สุพรรณบุรี,ด่านช้าง,2022-12-01,107345.0
3,5542027,กาญจนบุรี,ท่ามะกา,2022-12-01,198122.0
3,5542033,นครปฐม,นครปฐม,2022-12-01,519420.0
3,5542032,ประจวบคีรีขันธ์,บางสะพาน,2022-12-01,216823.0
3,5542011,ราชบุรี,บ้านโป่ง,2022-12-01,194500.0
3,5542029,ประจวบคีรีขันธ์,ประจวบคีรีขันธ์,2022-12-01,298852.0
3,5542030,ประจวบคีรีขันธ์,ปราณบุรี,2022-12-01,670646.0
3,5542013,ราชบุรี,ปากท่อ,2022-12-01,419326.0
3,5542026,กาญจนบุรี,พนมทวน,2022-12-01,138221.0
3,5542014,ราชบุรี,ราชบุรี,2022-12-01,581464.0
3,5542020,สุพรรณบุรี,ศรีประจันต์,2022-12-01,85852.0
3,5542015,สมุทรสงคราม,สมุทรสงคราม,2022-12-01,825469.0
3,5542016,สมุทรสาคร,สมุทรสาคร,2022-12-01,5105769.0
3,5542012,ราชบุรี,สวนผึ้ง,2022-12-01,109445.0
3,5542018,นครปฐม,สามพราน,2022-12-01,1010211.0
3,5542019,สุพรรณบุรี,สุพรรณบุรี,2022-12-01,540745.0
3,5542023,สุพรรณบุรี,อู่ทอง,2022-12-01,352362.0
3,5542017,สมุทรสาคร,อ้อมน้อย,2022-12-01,2489137.0
3,5542021,สุพรรณบุรี,เดิมบางนางบวช,2022-12-01,184587.0
3,5542028,เพชรบุรี,เพชรบุรี,2022-12-01,1173657.0
3,5542025,กาญจนบุรี,เลาขวัญ,2022-12-01,122146.0
4,5551025,กระบี่,กระบี่,2022-12-01,729754.0
4,5551012,สุราษฎร์ธานี,กาญจนดิษฐ์,2022-12-01,237615.93
4,5551031,นครศรีธรรมราช,ขนอม,2022-12-01,114105.0
4,5551034,กระบี่,คลองท่อม,2022-12-01,97082.0
4,5551030,นครศรีธรรมราช,จันดี,2022-12-01,119140.0
4,5551028,นครศรีธรรมราช,ชะอวด,2022-12-01,86311.0
4,5551017,ชุมพร,ชุมพร,2022-12-01,754521.0
4,5551022,พังงา,ตะกั่วป่า,2022-12-01,134561.0
4,5551027,นครศรีธรรมราช,ทุ่งสง,2022-12-01,462643.0
4,5551019,ชุมพร,ท่าแซะ,2022-12-01,81249.0
4,5551023,พังงา,ท้ายเหมือง,2022-12-01,75122.0
4,5551032,นครศรีธรรมราช,นครศรีธรรมราช,2022-12-01,203532.0
4,5551015,สุราษฎร์ธานี,บ้านตาขุน,2022-12-01,79318.0
4,5551014,สุราษฎร์ธานี,บ้านนาสาร,2022-12-01,145425.0
4,5551029,นครศรีธรรมราช,ปากพนัง,2022-12-01,208451.0
4,5551021,พังงา,พังงา,2022-12-01,200998.0
4,5551024,ภูเก็ต,ภูเก็ต,2022-12-01,1652568.0
4,5551020,ระนอง,ระนอง,2022-12-01,423291.0
4,5551011,สุราษฎร์ธานี,สุราษฎร์ธานี,2022-12-01,1604365.56
4,5551018,ชุมพร,หลังสวน,2022-12-01,306693.6
4,5551026,กระบี่,อ่าวลึก,2022-12-01,81981.0
4,5551033,สุราษฎร์ธานี,เกาะพะงัน,2022-12-01,78169.0
4,5551013,สุราษฎร์ธานี,เกาะสมุย,2022-12-01,449080.85
4,5551016,สุราษฎร์ธานี,ไชยา,2022-12-01,81462.0
5,5552021,ตรัง,กันตัง,2022-12-01,206973.0
5,5552018,ตรัง,ตรัง,2022-12-01,320069.0
5,5552027,นราธิวาส,นราธิวาส,2022-12-01,451243.0
5,5552014,สงขลา,นาทวี,2022-12-01,74894.0
5,5552030,สงขลา,พังลา,2022-12-01,83621.0
5,5552016,พัทลุง,พัทลุง,2022-12-01,338170.0
5,5552024,ยะลา,ยะหา,2022-12-01,59351.0
5,5552020,ตรัง,ย่านตาขาว,2022-12-01,121349.0
5,5552015,สงขลา,ระโนด,2022-12-01,37121.0
5,5552028,นราธิวาส,รือเสาะ,2022-12-01,41283.0
5,5552023,สตูล,ละงู,2022-12-01,161024.0
5,5552011,สงขลา,สงขลา,2022-12-01,1316771.0
5,5552022,สตูล,สตูล,2022-12-01,319186.0
5,5552013,สงขลา,สะเดา,2022-12-01,361520.0
5,5552026,ปัตตานี,สายบุรี,2022-12-01,39595.0
5,5552029,นราธิวาส,สุไหงโก-ลก,2022-12-01,218016.0
5,5552012,สงขลา,หาดใหญ่,2022-12-01,1763745.0
5,5552019,ตรัง,ห้วยยอด,2022-12-01,187580.0
5,5552017,พัทลุง,เขาชัยสน,2022-12-01,43634.0
5,5552025,ยะลา,เบตง,2022-12-01,203126.0
6,5521016,ขอนแก่น,กระนวน,2022-12-01,246304.0
6,5521019,กาฬสินธุ์,กาฬสินธุ์,2022-12-01,524146.0
6,5521020,กาฬสินธุ์,กุฉินารายณ์,2022-12-01,81446.0
6,5521011,ขอนแก่น,ขอนแก่น,2022-12-01,2797025.0
6,5521026,ชัยภูมิ,จัตุรัส,2022-12-01,246079.0
6,5521015,ขอนแก่น,ชนบท,2022-12-01,254942.0
6,5521024,ชัยภูมิ,ชัยภูมิ,2022-12-01,723488.0
6,5521013,ขอนแก่น,ชุมแพ,2022-12-01,315754.0
6,5521014,ขอนแก่น,น้ำพอง,2022-12-01,393941.0
6,5521029,ชัยภูมิ,บำเหน็จณรงค์,2022-12-01,214580.0
6,5521012,ขอนแก่น,บ้านไผ่,2022-12-01,286363.0
6,5521023,มหาสารคาม,พยัคฆภูมิพิสัย,2022-12-01,129865.0
6,5521028,ชัยภูมิ,ภูเขียว,2022-12-01,191863.0
6,5521022,มหาสารคาม,มหาสารคาม,2022-12-01,1049293.0
6,5521030,ร้อยเอ็ด,ร้อยเอ็ด,2022-12-01,673675.0
6,5521021,กาฬสินธุ์,สมเด็จ,2022-12-01,114275.0
6,5521032,ร้อยเอ็ด,สุวรรณภูมิ,2022-12-01,93228.0
6,5521027,ชัยภูมิ,หนองบัวแดง,2022-12-01,107845.0
6,5521017,ขอนแก่น,หนองเรือ,2022-12-01,180923.0
6,5521018,ขอนแก่น,เมืองพล,2022-12-01,194684.0
6,5521025,ชัยภูมิ,แก้งคร้อ,2022-12-01,182529.0
6,5521031,ร้อยเอ็ด,โพนทอง,2022-12-01,139111.0
7,5522012,อุดรธานี,กุมภวาปี,2022-12-01,287365.0
7,5522018,เลย,ด่านซ้าย,2022-12-01,76337.0
7,5522028,นครพนม,ธาตุพนม,2022-12-01,191253.0
7,5522027,นครพนม,นครพนม,2022-12-01,322014.0
7,5522021,บึงกาฬ,บึงกาฬ,2022-12-01,161392.0
7,5522014,อุดรธานี,บ้านดุง,2022-12-01,165879.0
7,5522013,อุดรธานี,บ้านผือ,2022-12-01,161085.0
7,5522029,นครพนม,บ้านแพง,2022-12-01,73023.0
7,5522026,สกลนคร,พังโคน,2022-12-01,198746.0
7,5522019,เลย,วังสะพุง,2022-12-01,164840.0
7,5522030,นครพนม,ศรีสงคราม,2022-12-01,101074.0
7,5522022,หนองคาย,ศรีเชียงใหม่,2022-12-01,88511.0
7,5522024,สกลนคร,สกลนคร,2022-12-01,586845.0
7,5522025,สกลนคร,สว่างแดนดิน,2022-12-01,178712.0
7,5522020,หนองคาย,หนองคาย,2022-12-01,507618.0
7,5522015,หนองบัวลำภู,หนองบัวลำภู,2022-12-01,264949.0
7,5522011,อุดรธานี,อุดรธานี,2022-12-01,2059811.0
7,5522017,เลย,เชียงคาน,2022-12-01,175272.0
7,5522016,เลย,เลย,2022-12-01,476771.0
7,5522023,หนองคาย,โพนพิสัย,2022-12-01,142127.0
8,5532029,ศรีสะเกษ,กันทรลักษ์,2022-12-01,101060.0
8,5532022,บุรีรัมย์,นางรอง,2022-12-01,213132.0
8,5532019,บุรีรัมย์,บุรีรัมย์,2022-12-01,758843.0
8,5532012,อุบลราชธานี,พิบูลมังสาหาร,2022-12-01,102023.0
8,5532018,ยโสธร,มหาชนะชัย,2022-12-01,96166.0
8,5532030,มุกดาหาร,มุกดาหาร,2022-12-01,411957.0
8,5532016,ยโสธร,ยโสธร,2022-12-01,274263.0
8,5532026,สุรินทร์,รัตนบุรี,2022-12-01,161567.0
8,5532023,บุรีรัมย์,ละหานทราย,2022-12-01,224834.0
8,5532021,บุรีรัมย์,ลำปลายมาศ,2022-12-01,99362.0
8,5532028,ศรีสะเกษ,ศรีสะเกษ,2022-12-01,696580.0
8,5532025,สุรินทร์,ศีขรภูมิ,2022-12-01,143064.0
8,5532020,บุรีรัมย์,สตึก,2022-12-01,120437.0
8,5532027,สุรินทร์,สังขะ,2022-12-01,195047.0
8,5532024,สุรินทร์,สุรินทร์,2022-12-01,815076.0
8,5532015,อำนาจเจริญ,อำนาจเจริญ,2022-12-01,212212.0
8,5532011,อุบลราชธานี,อุบลราชธานี,2022-12-01,1469590.0
8,5532014,อุบลราชธานี,เขมราฐ,2022-12-01,138398.0
8,5532013,อุบลราชธานี,เดชอุดม,2022-12-01,166822.0
8,5532017,ยโสธร,เลิงนกทา,2022-12-01,102357.0
9,5511017,เชียงใหม่,จอมทอง,2022-12-01,82192.0
9,5511031,พะเยา,จุน,2022-12-01,92164.0
9,5511029,น่าน,ท่าวังผา,2022-12-01,91235.0
9,5511028,น่าน,น่าน,2022-12-01,330062.0
9,5511021,ลำพูน,บ้านโฮ่ง,2022-12-01,17565.0
9,5511016,เชียงใหม่,ฝาง,2022-12-01,108524.0
9,5511030,พะเยา,พะเยา,2022-12-01,449300.0
9,5511033,เชียงราย,พาน,2022-12-01,144113.0
9,5511027,แพร่,ร้องกวาง,2022-12-01,53105.0
9,5511022,ลำปาง,ลำปาง,2022-12-01,815773.0
9,5511020,ลำพูน,ลำพูน,2022-12-01,311290.0
9,5511013,เชียงใหม่,สันกำแพง,2022-12-01,299543.0
9,5511012,เชียงใหม่,ฮอด,2022-12-01,56273.0
9,5511023,ลำปาง,เกาะคา,2022-12-01,99754.0
9,5511032,เชียงราย,เชียงราย,2022-12-01,759180.0
9,5511011,เชียงใหม่,เชียงใหม่,2022-12-01,3079909.0
9,5511026,แพร่,เด่นชัย,2022-12-01,92082.0
9,5511024,ลำปาง,เถิน,2022-12-01,120800.0
9,5511034,เชียงราย,เทิง,2022-12-01,46888.0
9,5511035,เชียงราย,เวียงเชียงของ,2022-12-01,73793.0
9,5511025,แพร่,แพร่,2022-12-01,230811.0
9,5511037,เชียงราย,แม่ขะจาน,2022-12-01,58499.0
9,5511014,เชียงใหม่,แม่ริม,2022-12-01,473786.79
9,5511019,แม่ฮ่องสอน,แม่สะเรียง,2022-12-01,113573.0
9,5511036,เชียงราย,แม่สาย,2022-12-01,351274.0
9,5511018,แม่ฮ่องสอน,แม่ฮ่องสอน,2022-12-01,159997.0
9,5511015,เชียงใหม่,แม่แตง,2022-12-01,144951.0
10,5512017,กำแพงเพชร,กำแพงเพชร,2022-12-01,497023.0
10,5512018,กำแพงเพชร,ขาณุวรลักษบุรี,2022-12-01,101949.0
10,5512034,เพชรบูรณ์,ชนแดน,2022-12-01,62713.0
10,5512015,ชัยนาท,ชัยนาท,2022-12-01,234097.0
10,5512031,พิจิตร,ตะพานหิน,2022-12-01,149656.0
10,5512019,ตาก,ตาก,2022-12-01,478966.0
10,5512022,สุโขทัย,ทุ่งเสลี่ยม,2022-12-01,55995.0
10,5512012,นครสวรรค์,ท่าตะโก,2022-12-01,198335.0
10,5512011,นครสวรรค์,นครสวรรค์,2022-12-01,584910.0
10,5512028,พิษณุโลก,นครไทย,2022-12-01,92620.0
10,5512030,พิจิตร,บางมูลนาก,2022-12-01,93003.0
10,5512014,นครสวรรค์,พยุหะคีรี,2022-12-01,187689.0
10,5512029,พิจิตร,พิจิตร,2022-12-01,458886.0
10,5512027,พิษณุโลก,พิษณุโลก,2022-12-01,603272.0
10,5512013,นครสวรรค์,ลาดยาว,2022-12-01,116134.0
10,5512036,เพชรบูรณ์,วิเชียรบุรี,2022-12-01,126214.0
10,5512025,สุโขทัย,ศรีสัชนาลัย,2022-12-01,113017.0
10,5512023,สุโขทัย,ศรีสำโรง,2022-12-01,48785.0
10,5512024,สุโขทัย,สวรรคโลก,2022-12-01,119538.0
10,5512021,สุโขทัย,สุโขทัย,2022-12-01,364328.0
10,5512035,เพชรบูรณ์,หนองไผ่,2022-12-01,126326.0
10,5512033,เพชรบูรณ์,หล่มสัก,2022-12-01,204577.0
10,5512026,อุตรดิตถ์,อุตรดิตถ์,2022-12-01,75271.0
10,5512016,อุทัยธานี,อุทัยธานี,2022-12-01,193526.0
10,5512032,เพชรบูรณ์,เพชรบูรณ์,2022-12-01,352253.0
10,5512020,ตาก,แม่สอด,2022-12-01,661297.0
1,5531032,ปราจีนบุรี,กบินทร์บุรี,2023-01-01,269884.0
1,5531025,จันทบุรี,ขลุง,2023-01-01,261208.0
1,5531027,ตราด,คลองใหญ่,2023-01-01,71507.0
1,5531024,จันทบุรี,จันทบุรี,2023-01-01,1173369.0
1,5531017,ฉะเชิงเทรา,ฉะเชิงเทรา,2023-01-01,910719.0
1,5531011,ชลบุรี,ชลบุรี,2023-01-01,3779760.0
1,5531026,ตราด,ตราด,2023-01-01,522964.0
1,5531019,ฉะเชิงเทรา,บางคล้า,2023-01-01,1582034.0
1,5531018,ฉะเชิงเทรา,บางปะกง,2023-01-01,1050455.0
1,5531022,ระยอง,บ้านฉาง,2023-01-01,1990427.0
1,5531013,ชลบุรี,บ้านบึง,2023-01-01,1076722.0
1,5531031,ปราจีนบุรี,ปราจีนบุรี,2023-01-01,703390.13
1,5531023,ระยอง,ปากน้ำประแสร์,2023-01-01,420977.0
1,5531020,ฉะเชิงเทรา,พนมสารคาม,2023-01-01,480678.0
1,5531014,ชลบุรี,พนัสนิคม,2023-01-01,1470490.0
1,5531012,ชลบุรี,พัทยา,2023-01-01,4185494.65
1,5531021,ระยอง,ระยอง,2023-01-01,1642175.0
1,5531029,สระแก้ว,วัฒนานคร,2023-01-01,103417.0
1,5531015,ชลบุรี,ศรีราชา,2023-01-01,1529646.0
1,5531028,สระแก้ว,สระแก้ว,2023-01-01,308379.0
1,5531030,สระแก้ว,อรัญประเทศ,2023-01-01,376552.0
1,5531016,ชลบุรี,แหลมฉบัง,2023-01-01,1942710.0
2,5541031,นครราชสีมา,ครบุรี,2023-01-01,147555.0
2,5541039,ปทุมธานี,คลองหลวง,2023-01-01,2513225.0
2,5541017,ลพบุรี,ชัยบาดาล,2023-01-01,189129.0
2,5541036,นครราชสีมา,ชุมพวง,2023-01-01,100156.0
2,5541038,นครราชสีมา,ด่านขุนทด,2023-01-01,140635.0
2,5541024,พระนครศรีอยุธยา,ท่าเรือ,2023-01-01,136287.0
2,5541040,ปทุมธานี,ธัญบุรี,2023-01-01,1673502.0
2,5541027,นครนายก,นครนายก,2023-01-01,374281.0
2,5541029,นครราชสีมา,นครราชสีมา,2023-01-01,860480.0
2,5541028,นครนายก,บ้านนา,2023-01-01,263346.0
2,5541014,สระบุรี,บ้านหมอ,2023-01-01,81914.0
2,5541016,ลพบุรี,บ้านหมี่,2023-01-01,328992.0
2,5541025,ปทุมธานี,ปทุมธานี,2023-01-01,2158992.9
2,5541033,นครราชสีมา,ปักธงชัย,2023-01-01,228628.0
2,5541030,นครราชสีมา,ปากช่อง,2023-01-01,393553.0
2,5541022,พระนครศรีอยุธยา,ผักไห่,2023-01-01,38115.0
2,5541021,พระนครศรีอยุธยา,พระนครศรีอยุธยา,2023-01-01,2376900.51
2,5541011,สระบุรี,พระพุทธบาท,2023-01-01,355079.0
2,5541035,นครราชสีมา,พิมาย,2023-01-01,219111.0
2,5541013,สระบุรี,มวกเหล็ก,2023-01-01,516142.0
2,5541026,ปทุมธานี,รังสิต,2023-01-01,3923233.0
2,5541015,ลพบุรี,ลพบุรี,2023-01-01,1237684.0
2,5541020,อ่างทอง,วิเศษชัยชาญ,2023-01-01,86652.0
2,5541018,สิงห์บุรี,สิงห์บุรี,2023-01-01,217936.0
2,5541032,นครราชสีมา,สีคิ้ว,2023-01-01,712987.0
2,5541012,สระบุรี,หนองแค,2023-01-01,922175.0
2,5541019,อ่างทอง,อ่างทอง,2023-01-01,243763.0
2,5541023,พระนครศรีอยุธยา,เสนา,2023-01-01,233034.0
2,5541034,นครราชสีมา,โชคชัย,2023-01-01,288684.0
2,5541037,นครราชสีมา,โนนสูง,2023-01-01,133843.0
3,5542024,กาญจนบุรี,กาญจนบุรี,2023-01-01,654088.0
3,5542031,ประจวบคีรีขันธ์,กุยบุรี,2023-01-01,345967.0
3,5542022,สุพรรณบุรี,ด่านช้าง,2023-01-01,115790.0
3,5542027,กาญจนบุรี,ท่ามะกา,2023-01-01,206312.0
3,5542033,นครปฐม,นครปฐม,2023-01-01,525400.0
3,5542032,ประจวบคีรีขันธ์,บางสะพาน,2023-01-01,225098.0
3,5542011,ราชบุรี,บ้านโป่ง,2023-01-01,200652.0
3,5542029,ประจวบคีรีขันธ์,ประจวบคีรีขันธ์,2023-01-01,317069.0
3,5542030,ประจวบคีรีขันธ์,ปราณบุรี,2023-01-01,805428.0
3,5542013,ราชบุรี,ปากท่อ,2023-01-01,430809.0
3,5542026,กาญจนบุรี,พนมทวน,2023-01-01,147862.0
3,5542014,ราชบุรี,ราชบุรี,2023-01-01,590165.81
3,5542020,สุพรรณบุรี,ศรีประจันต์,2023-01-01,88234.0
3,5542015,สมุทรสงคราม,สมุทรสงคราม,2023-01-01,825443.0
3,5542016,สมุทรสาคร,สมุทรสาคร,2023-01-01,4996581.0
3,5542012,ราชบุรี,สวนผึ้ง,2023-01-01,119207.0
3,5542018,นครปฐม,สามพราน,2023-01-01,995180.0
3,5542019,สุพรรณบุรี,สุพรรณบุรี,2023-01-01,550800.0
3,5542023,สุพรรณบุรี,อู่ทอง,2023-01-01,355311.0
3,5542017,สมุทรสาคร,อ้อมน้อย,2023-01-01,2472498.0
3,5542021,สุพรรณบุรี,เดิมบางนางบวช,2023-01-01,188042.0
3,5542028,เพชรบุรี,เพชรบุรี,2023-01-01,1238971.0
3,5542025,กาญจนบุรี,เลาขวัญ,2023-01-01,126709.0
4,5551025,กระบี่,กระบี่,2023-01-01,778675.0
4,5551012,สุราษฎร์ธานี,กาญจนดิษฐ์,2023-01-01,260939.63
4,5551031,นครศรีธรรมราช,ขนอม,2023-01-01,120544.0
4,5551034,กระบี่,คลองท่อม,2023-01-01,101892.0
4,5551030,นครศรีธรรมราช,จันดี,2023-01-01,130020.0
4,5551028,นครศรีธรรมราช,ชะอวด,2023-01-01,84574.0
4,5551017,ชุมพร,ชุมพร,2023-01-01,789578.0
4,5551022,พังงา,ตะกั่วป่า,2023-01-01,166156.0
4,5551027,นครศรีธรรมราช,ทุ่งสง,2023-01-01,487227.0
4,5551019,ชุมพร,ท่าแซะ,2023-01-01,78164.0
4,5551023,พังงา,ท้ายเหมือง,2023-01-01,83475.0
4,5551032,นครศรีธรรมราช,นครศรีธรรมราช,2023-01-01,207161.0
4,5551015,สุราษฎร์ธานี,บ้านตาขุน,2023-01-01,82102.0
4,5551014,สุราษฎร์ธานี,บ้านนาสาร,2023-01-01,153848.0
4,5551029,นครศรีธรรมราช,ปากพนัง,2023-01-01,220598.0
4,5551021,พังงา,พังงา,2023-01-01,209240.0
4,5551024,ภูเก็ต,ภูเก็ต,2023-01-01,1912650.0
4,5551020,ระนอง,ระนอง,2023-01-01,454519.66
4,5551011,สุราษฎร์ธานี,สุราษฎร์ธานี,2023-01-01,1611608.93
4,5551018,ชุมพร,หลังสวน,2023-01-01,316029.0
4,5551026,กระบี่,อ่าวลึก,2023-01-01,90415.0
4,5551033,สุราษฎร์ธานี,เกาะพะงัน,2023-01-01,95680.0
4,5551013,สุราษฎร์ธานี,เกาะสมุย,2023-01-01,498574.0
4,5551016,สุราษฎร์ธานี,ไชยา,2023-01-01,82030.0
5,5552021,ตรัง,กันตัง,2023-01-01,223439.0
5,5552018,ตรัง,ตรัง,2023-01-01,346532.0
5,5552027,นราธิวาส,นราธิวาส,2023-01-01,456859.0
5,5552014,สงขลา,นาทวี,2023-01-01,74650.0
5,5552030,สงขลา,พังลา,2023-01-01,84624.0
5,5552016,พัทลุง,พัทลุง,2023-01-01,345625.0
5,5552024,ยะลา,ยะหา,2023-01-01,60728.0
5,5552020,ตรัง,ย่านตาขาว,2023-01-01,133658.0
5,5552015,สงขลา,ระโนด,2023-01-01,38232.0
5,5552028,นราธิวาส,รือเสาะ,2023-01-01,43328.0
5,5552023,สตูล,ละงู,2023-01-01,176295.0
5,5552011,สงขลา,สงขลา,2023-01-01,1371316.0
5,5552022,สตูล,สตูล,2023-01-01,346737.0
5,5552013,สงขลา,สะเดา,2023-01-01,357571.0
5,5552026,ปัตตานี,สายบุรี,2023-01-01,43237.0
5,5552029,นราธิวาส,สุไหงโก-ลก,2023-01-01,222090.0
5,5552012,สงขลา,หาดใหญ่,2023-01-01,1878862.0
5,5552019,ตรัง,ห้วยยอด,2023-01-01,204070.0
5,5552017,พัทลุง,เขาชัยสน,2023-01-01,46869.0
5,5552025,ยะลา,เบตง,2023-01-01,217595.0
6,5521016,ขอนแก่น,กระนวน,2023-01-01,253412.0
6,5521019,กาฬสินธุ์,กาฬสินธุ์,2023-01-01,536461.0
6,5521020,กาฬสินธุ์,กุฉินารายณ์,2023-01-01,84622.0
6,5521011,ขอนแก่น,ขอนแก่น,2023-01-01,2846288.0
6,5521026,ชัยภูมิ,จัตุรัส,2023-01-01,266734.0
6,5521015,ขอนแก่น,ชนบท,2023-01-01,258264.0
6,5521024,ชัยภูมิ,ชัยภูมิ,2023-01-01,758606.0
6,5521013,ขอนแก่น,ชุมแพ,2023-01-01,336937.0
6,5521014,ขอนแก่น,น้ำพอง,2023-01-01,421646.0
6,5521029,ชัยภูมิ,บำเหน็จณรงค์,2023-01-01,233686.0
6,5521012,ขอนแก่น,บ้านไผ่,2023-01-01,296692.0
6,5521023,มหาสารคาม,พยัคฆภูมิพิสัย,2023-01-01,131778.0
6,5521028,ชัยภูมิ,ภูเขียว,2023-01-01,208309.0
6,5521022,มหาสารคาม,มหาสารคาม,2023-01-01,1037826.0
6,5521030,ร้อยเอ็ด,ร้อยเอ็ด,2023-01-01,673173.0
6,5521021,กาฬสินธุ์,สมเด็จ,2023-01-01,117158.0
6,5521032,ร้อยเอ็ด,สุวรรณภูมิ,2023-01-01,94232.0
6,5521027,ชัยภูมิ,หนองบัวแดง,2023-01-01,120754.0
6,5521017,ขอนแก่น,หนองเรือ,2023-01-01,184906.0
6,5521018,ขอนแก่น,เมืองพล,2023-01-01,211060.0
6,5521025,ชัยภูมิ,แก้งคร้อ,2023-01-01,189777.0
6,5521031,ร้อยเอ็ด,โพนทอง,2023-01-01,145520.0
7,5522012,อุดรธานี,กุมภวาปี,2023-01-01,293776.0
7,5522018,เลย,ด่านซ้าย,2023-01-01,75087.0
7,5522028,นครพนม,ธาตุพนม,2023-01-01,200806.0
7,5522027,นครพนม,นครพนม,2023-01-01,341640.0
7,5522021,บึงกาฬ,บึงกาฬ,2023-01-01,161730.0
7,5522014,อุดรธานี,บ้านดุง,2023-01-01,169630.0
7,5522013,อุดรธานี,บ้านผือ,2023-01-01,161498.0
7,5522029,นครพนม,บ้านแพง,2023-01-01,76782.0
7,5522026,สกลนคร,พังโคน,2023-01-01,206446.0
7,5522019,เลย,วังสะพุง,2023-01-01,178385.0
7,5522030,นครพนม,ศรีสงคราม,2023-01-01,106079.0
7,5522022,หนองคาย,ศรีเชียงใหม่,2023-01-01,94307.0
7,5522024,สกลนคร,สกลนคร,2023-01-01,584972.0
7,5522025,สกลนคร,สว่างแดนดิน,2023-01-01,186451.0
7,5522020,หนองคาย,หนองคาย,2023-01-01,524069.0
7,5522015,หนองบัวลำภู,หนองบัวลำภู,2023-01-01,275142.0
7,5522011,อุดรธานี,อุดรธานี,2023-01-01,2091549.0
7,5522017,เลย,เชียงคาน,2023-01-01,187650.0
7,5522016,เลย,เลย,2023-01-01,476641.0
7,5522023,หนองคาย,โพนพิสัย,2023-01-01,150054.0
8,5532029,ศรีสะเกษ,กันทรลักษ์,2023-01-01,109401.0
8,5532022,บุรีรัมย์,นางรอง,2023-01-01,217171.0
8,5532019,บุรีรัมย์,บุรีรัมย์,2023-01-01,802203.0
8,5532012,อุบลราชธานี,พิบูลมังสาหาร,2023-01-01,113975.0
8,5532018,ยโสธร,มหาชนะชัย,2023-01-01,102358.0
8,5532030,มุกดาหาร,มุกดาหาร,2023-01-01,431974.0
8,5532016,ยโสธร,ยโสธร,2023-01-01,285234.0
8,5532026,สุรินทร์,รัตนบุรี,2023-01-01,173680.0
8,5532023,บุรีรัมย์,ละหานทราย,2023-01-01,229927.0
8,5532021,บุรีรัมย์,ลำปลายมาศ,2023-01-01,107071.0
8,5532028,ศรีสะเกษ,ศรีสะเกษ,2023-01-01,719819.0
8,5532025,สุรินทร์,ศีขรภูมิ,2023-01-01,154752.0
8,5532020,บุรีรัมย์,สตึก,2023-01-01,123160.0
8,5532027,สุรินทร์,สังขะ,2023-01-01,212314.0
8,5532024,สุรินทร์,สุรินทร์,2023-01-01,835881.0
8,5532015,อำนาจเจริญ,อำนาจเจริญ,2023-01-01,225502.0
8,5532011,อุบลราชธานี,อุบลราชธานี,2023-01-01,1515535.0
8,5532014,อุบลราชธานี,เขมราฐ,2023-01-01,154092.0
8,5532013,อุบลราชธานี,เดชอุดม,2023-01-01,171571.0
8,5532017,ยโสธร,เลิงนกทา,2023-01-01,106418.0
9,5511017,เชียงใหม่,จอมทอง,2023-01-01,82770.0
9,5511031,พะเยา,จุน,2023-01-01,98422.0
9,5511029,น่าน,ท่าวังผา,2023-01-01,100337.0
9,5511028,น่าน,น่าน,2023-01-01,349333.0
9,5511021,ลำพูน,บ้านโฮ่ง,2023-01-01,19340.0
9,5511016,เชียงใหม่,ฝาง,2023-01-01,113936.0
9,5511030,พะเยา,พะเยา,2023-01-01,473812.0
9,5511033,เชียงราย,พาน,2023-01-01,155032.0
9,5511027,แพร่,ร้องกวาง,2023-01-01,58702.0
9,5511022,ลำปาง,ลำปาง,2023-01-01,838117.0
9,5511020,ลำพูน,ลำพูน,2023-01-01,330302.0
9,5511013,เชียงใหม่,สันกำแพง,2023-01-01,309117.0
9,5511012,เชียงใหม่,ฮอด,2023-01-01,58369.0
9,5511023,ลำปาง,เกาะคา,2023-01-01,105371.0
9,5511032,เชียงราย,เชียงราย,2023-01-01,778314.0
9,5511011,เชียงใหม่,เชียงใหม่,2023-01-01,3215311.0
9,5511026,แพร่,เด่นชัย,2023-01-01,99122.0
9,5511024,ลำปาง,เถิน,2023-01-01,127593.0
9,5511034,เชียงราย,เทิง,2023-01-01,51897.0
9,5511035,เชียงราย,เวียงเชียงของ,2023-01-01,77231.0
9,5511025,แพร่,แพร่,2023-01-01,236786.0
9,5511037,เชียงราย,แม่ขะจาน,2023-01-01,61746.0
9,5511014,เชียงใหม่,แม่ริม,2023-01-01,504560.73
9,5511019,แม่ฮ่องสอน,แม่สะเรียง,2023-01-01,117048.0
9,5511036,เชียงราย,แม่สาย,2023-01-01,366697.0
9,5511018,แม่ฮ่องสอน,แม่ฮ่องสอน,2023-01-01,165737.0
9,5511015,เชียงใหม่,แม่แตง,2023-01-01,151786.0
10,5512017,กำแพงเพชร,กำแพงเพชร,2023-01-01,501634.0
10,5512018,กำแพงเพชร,ขาณุวรลักษบุรี,2023-01-01,105383.0
10,5512034,เพชรบูรณ์,ชนแดน,2023-01-01,67834.0
10,5512015,ชัยนาท,ชัยนาท,2023-01-01,243867.0
10,5512031,พิจิตร,ตะพานหิน,2023-01-01,154947.0
10,5512019,ตาก,ตาก,2023-01-01,493874.0
10,5512022,สุโขทัย,ทุ่งเสลี่ยม,2023-01-01,58366.0
10,5512012,นครสวรรค์,ท่าตะโก,2023-01-01,218457.0
10,5512011,นครสวรรค์,นครสวรรค์,2023-01-01,596815.0
10,5512028,พิษณุโลก,นครไทย,2023-01-01,103834.0
10,5512030,พิจิตร,บางมูลนาก,2023-01-01,97293.0
10,5512014,นครสวรรค์,พยุหะคีรี,2023-01-01,204483.0
10,5512029,พิจิตร,พิจิตร,2023-01-01,480785.0
10,5512027,พิษณุโลก,พิษณุโลก,2023-01-01,625354.0
10,5512013,นครสวรรค์,ลาดยาว,2023-01-01,123778.0
10,5512036,เพชรบูรณ์,วิเชียรบุรี,2023-01-01,134472.0
10,5512025,สุโขทัย,ศรีสัชนาลัย,2023-01-01,121018.0
10,5512023,สุโขทัย,ศรีสำโรง,2023-01-01,51579.0
10,5512024,สุโขทัย,สวรรคโลก,2023-01-01,119682.0
10,5512021,สุโขทัย,สุโขทัย,2023-01-01,380511.0
10,5512035,เพชรบูรณ์,หนองไผ่,2023-01-01,131828.0
10,5512033,เพชรบูรณ์,หล่มสัก,2023-01-01,212355.0
10,5512026,อุตรดิตถ์,อุตรดิตถ์,2023-01-01,78566.0
10,5512016,อุทัยธานี,อุทัยธานี,2023-01-01,210993.0
10,5512032,เพชรบูรณ์,เพชรบูรณ์,2023-01-01,361945.0
10,5512020,ตาก,แม่สอด,2023-01-01,672818.0
1,5531032,ปราจีนบุรี,กบินทร์บุรี,2023-02-01,285216.0
1,5531025,จันทบุรี,ขลุง,2023-02-01,262239.0
1,5531027,ตราด,คลองใหญ่,2023-02-01,73746.0
1,5531024,จันทบุรี,จันทบุรี,2023-02-01,1066809.0
1,5531017,ฉะเชิงเทรา,ฉะเชิงเทรา,2023-02-01,901421.0
1,5531011,ชลบุรี,ชลบุรี,2023-02-01,3653344.0
1,5531026,ตราด,ตราด,2023-02-01,540743.0
1,5531019,ฉะเชิงเทรา,บางคล้า,2023-02-01,1615954.44
1,5531018,ฉะเชิงเทรา,บางปะกง,2023-02-01,1127037.0
1,5531022,ระยอง,บ้านฉาง,2023-02-01,1976674.0
1,5531013,ชลบุรี,บ้านบึง,2023-02-01,1120894.0
1,5531031,ปราจีนบุรี,ปราจีนบุรี,2023-02-01,752272.71
1,5531023,ระยอง,ปากน้ำประแสร์,2023-02-01,438440.0
1,5531020,ฉะเชิงเทรา,พนมสารคาม,2023-02-01,500497.0
1,5531014,ชลบุรี,พนัสนิคม,2023-02-01,1528699.0
1,5531012,ชลบุรี,พัทยา,2023-02-01,4045107.8
1,5531021,ระยอง,ระยอง,2023-02-01,1584205.0
1,5531029,สระแก้ว,วัฒนานคร,2023-02-01,105606.0
1,5531015,ชลบุรี,ศรีราชา,2023-02-01,1533235.0
1,5531028,สระแก้ว,สระแก้ว,2023-02-01,312073.0
1,5531030,สระแก้ว,อรัญประเทศ,2023-02-01,383304.0
1,5531016,ชลบุรี,แหลมฉบัง,2023-02-01,1965085.0
2,5541031,นครราชสีมา,ครบุรี,2023-02-01,139502.0
2,5541039,ปทุมธานี,คลองหลวง,2023-02-01,2699658.0
2,5541017,ลพบุรี,ชัยบาดาล,2023-02-01,190518.0
2,5541036,นครราชสีมา,ชุมพวง,2023-02-01,98787.0
2,5541038,นครราชสีมา,ด่านขุนทด,2023-02-01,144645.0
2,5541024,พระนครศรีอยุธยา,ท่าเรือ,2023-02-01,133771.0
2,5541040,ปทุมธานี,ธัญบุรี,2023-02-01,1739132.0
2,5541027,นครนายก,นครนายก,2023-02-01,363294.0
2,5541029,นครราชสีมา,นครราชสีมา,2023-02-01,821283.0
2,5541028,นครนายก,บ้านนา,2023-02-01,271370.0
2,5541014,สระบุรี,บ้านหมอ,2023-02-01,82871.0
2,5541016,ลพบุรี,บ้านหมี่,2023-02-01,326006.0
2,5541025,ปทุมธานี,ปทุมธานี,2023-02-01,2236828.41
2,5541033,นครราชสีมา,ปักธงชัย,2023-02-01,227047.0
2,5541030,นครราชสีมา,ปากช่อง,2023-02-01,394995.0
2,5541022,พระนครศรีอยุธยา,ผักไห่,2023-02-01,38118.0
2,5541021,พระนครศรีอยุธยา,พระนครศรีอยุธยา,2023-02-01,2415265.61
2,5541011,สระบุรี,พระพุทธบาท,2023-02-01,356027.0
2,5541035,นครราชสีมา,พิมาย,2023-02-01,215177.0
2,5541013,สระบุรี,มวกเหล็ก,2023-02-01,508161.75
2,5541026,ปทุมธานี,รังสิต,2023-02-01,4094143.0
2,5541015,ลพบุรี,ลพบุรี,2023-02-01,1292406.0
2,5541020,อ่างทอง,วิเศษชัยชาญ,2023-02-01,87831.0
2,5541018,สิงห์บุรี,สิงห์บุรี,2023-02-01,226378.0
2,5541032,นครราชสีมา,สีคิ้ว,2023-02-01,713234.0
2,5541012,สระบุรี,หนองแค,2023-02-01,903456.0
2,5541019,อ่างทอง,อ่างทอง,2023-02-01,240011.0
2,5541023,พระนครศรีอยุธยา,เสนา,2023-02-01,236913.0
2,5541034,นครราชสีมา,โชคชัย,2023-02-01,302627.0
2,5541037,นครราชสีมา,โนนสูง,2023-02-01,132861.0
3,5542024,กาญจนบุรี,กาญจนบุรี,2023-02-01,682117.0
3,5542031,ประจวบคีรีขันธ์,กุยบุรี,2023-02-01,364205.47
3,5542022,สุพรรณบุรี,ด่านช้าง,2023-02-01,118977.0
3,5542027,กาญจนบุรี,ท่ามะกา,2023-02-01,209975.0
3,5542033,นครปฐม,นครปฐม,2023-02-01,540221.0
3,5542032,ประจวบคีรีขันธ์,บางสะพาน,2023-02-01,242808.0
3,5542011,ราชบุรี,บ้านโป่ง,2023-02-01,204503.0
3,5542029,ประจวบคีรีขันธ์,ประจวบคีรีขันธ์,2023-02-01,329299.0
3,5542030,ประจวบคีรีขันธ์,ปราณบุรี,2023-02-01,829355.0
3,5542013,ราชบุรี,ปากท่อ,2023-02-01,433786.0
3,5542026,กาญจนบุรี,พนมทวน,2023-02-01,153848.0
3,5542014,ราชบุรี,ราชบุรี,2023-02-01,611425.45
3,5542020,สุพรรณบุรี,ศรีประจันต์,2023-02-01,89824.0
3,5542015,สมุทรสงคราม,สมุทรสงคราม,2023-02-01,819386.0
3,5542016,สมุทรสาคร,สมุทรสาคร,2023-02-01,5160077.0
3,5542012,ราชบุรี,สวนผึ้ง,2023-02-01,122952.0
3,5542018,นครปฐม,สามพราน,2023-02-01,1021918.0
3,5542019,สุพรรณบุรี,สุพรรณบุรี,2023-02-01,568189.0
3,5542023,สุพรรณบุรี,อู่ทอง,2023-02-01,362228.0
3,5542017,สมุทรสาคร,อ้อมน้อย,2023-02-01,2591605.0
3,5542021,สุพรรณบุรี,เดิมบางนางบวช,2023-02-01,189044.0
3,5542028,เพชรบุรี,เพชรบุรี,2023-02-01,1267063.0
3,5542025,กาญจนบุรี,เลาขวัญ,2023-02-01,133328.0
4,5551025,กระบี่,กระบี่,2023-02-01,806566.0
4,5551012,สุราษฎร์ธานี,กาญจนดิษฐ์,2023-02-01,250231.87
4,5551031,นครศรีธรรมราช,ขนอม,2023-02-01,126193.0
4,5551034,กระบี่,คลองท่อม,2023-02-01,107851.0
4,5551030,นครศรีธรรมราช,จันดี,2023-02-01,129454.0
4,5551028,นครศรีธรรมราช,ชะอวด,2023-02-01,84863.0
4,5551017,ชุมพร,ชุมพร,2023-02-01,843225.0
4,5551022,พังงา,ตะกั่วป่า,2023-02-01,178247.0
4,5551027,นครศรีธรรมราช,ทุ่งสง,2023-02-01,473894.24
4,5551019,ชุมพร,ท่าแซะ,2023-02-01,98145.0
4,5551023,พังงา,ท้ายเหมือง,2023-02-01,90293.0
4,5551032,นครศรีธรรมราช,นครศรีธรรมราช,2023-02-01,212436.0
4,5551015,สุราษฎร์ธานี,บ้านตาขุน,2023-02-01,85938.0
4,5551014,สุราษฎร์ธานี,บ้านนาสาร,2023-02-01,153106.0
4,5551029,นครศรีธรรมราช,ปากพนัง,2023-02-01,210409.0
4,5551021,พังงา,พังงา,2023-02-01,214025.0
4,5551024,ภูเก็ต,ภูเก็ต,2023-02-01,1923329.0
4,5551020,ระนอง,ระนอง,2023-02-01,471407.22
4,5551011,สุราษฎร์ธานี,สุราษฎร์ธานี,2023-02-01,1656561.48
4,5551018,ชุมพร,หลังสวน,2023-02-01,319389.0
4,5551026,กระบี่,อ่าวลึก,2023-02-01,90310.0
4,5551033,สุราษฎร์ธานี,เกาะพะงัน,2023-02-01,99668.0
4,5551013,สุราษฎร์ธานี,เกาะสมุย,2023-02-01,544905.3
4,5551016,สุราษฎร์ธานี,ไชยา,2023-02-01,84847.0
5,5552021,ตรัง,กันตัง,2023-02-01,220025.0
5,5552018,ตรัง,ตรัง,2023-02-01,331957.0
5,5552027,นราธิวาส,นราธิวาส,2023-02-01,451782.0
5,5552014,สงขลา,นาทวี,2023-02-01,74635.0
5,5552030,สงขลา,พังลา,2023-02-01,82924.0
5,5552016,พัทลุง,พัทลุง,2023-02-01,344195.0
5,5552024,ยะลา,ยะหา,2023-02-01,57381.0
5,5552020,ตรัง,ย่านตาขาว,2023-02-01,129130.0
5,5552015,สงขลา,ระโนด,2023-02-01,37486.0
5,5552028,นราธิวาส,รือเสาะ,2023-02-01,41237.0
5,5552023,สตูล,ละงู,2023-02-01,175036.0
5,5552011,สงขลา,สงขลา,2023-02-01,1368960.0
5,5552022,สตูล,สตูล,2023-02-01,336119.0
5,5552013,สงขลา,สะเดา,2023-02-01,383698.0
5,5552026,ปัตตานี,สายบุรี,2023-02-01,41759.0
5,5552029,นราธิวาส,สุไหงโก-ลก,2023-02-01,210324.0
5,5552012,สงขลา,หาดใหญ่,2023-02-01,1892525.0
5,5552019,ตรัง,ห้วยยอด,2023-02-01,200830.0
5,5552017,พัทลุง,เขาชัยสน,2023-02-01,44498.0
5,5552025,ยะลา,เบตง,2023-02-01,211275.0
6,5521016,ขอนแก่น,กระนวน,2023-02-01,237755.0
6,5521019,กาฬสินธุ์,กาฬสินธุ์,2023-02-01,528775.0
6,5521020,กาฬสินธุ์,กุฉินารายณ์,2023-02-01,81116.0
6,5521011,ขอนแก่น,ขอนแก่น,2023-02-01,2797477.0
6,5521026,ชัยภูมิ,จัตุรัส,2023-02-01,247283.0
6,5521015,ขอนแก่น,ชนบท,2023-02-01,251085.0
6,5521024,ชัยภูมิ,ชัยภูมิ,2023-02-01,723824.0
6,5521013,ขอนแก่น,ชุมแพ,2023-02-01,316360.0
6,5521014,ขอนแก่น,น้ำพอง,2023-02-01,391574.0
6,5521029,ชัยภูมิ,บำเหน็จณรงค์,2023-02-01,225118.0
6,5521012,ขอนแก่น,บ้านไผ่,2023-02-01,281034.0
6,5521023,มหาสารคาม,พยัคฆภูมิพิสัย,2023-02-01,130056.0
6,5521028,ชัยภูมิ,ภูเขียว,2023-02-01,192017.0
6,5521022,มหาสารคาม,มหาสารคาม,2023-02-01,1056913.0
6,5521030,ร้อยเอ็ด,ร้อยเอ็ด,2023-02-01,662339.0
6,5521021,กาฬสินธุ์,สมเด็จ,2023-02-01,112737.0
6,5521032,ร้อยเอ็ด,สุวรรณภูมิ,2023-02-01,99132.0
6,5521027,ชัยภูมิ,หนองบัวแดง,2023-02-01,110237.0
6,5521017,ขอนแก่น,หนองเรือ,2023-02-01,181788.0
6,5521018,ขอนแก่น,เมืองพล,2023-02-01,193026.0
6,5521025,ชัยภูมิ,แก้งคร้อ,2023-02-01,185189.0
6,5521031,ร้อยเอ็ด,โพนทอง,2023-02-01,140166.0
7,5522012,อุดรธานี,กุมภวาปี,2023-02-01,294422.0
7,5522018,เลย,ด่านซ้าย,2023-02-01,76491.0
7,5522028,นครพนม,ธาตุพนม,2023-02-01,197106.0
7,5522027,นครพนม,นครพนม,2023-02-01,310386.0
7,5522021,บึงกาฬ,บึงกาฬ,2023-02-01,150476.0
7,5522014,อุดรธานี,บ้านดุง,2023-02-01,170818.0
7,5522013,อุดรธานี,บ้านผือ,2023-02-01,152203.0
7,5522029,นครพนม,บ้านแพง,2023-02-01,69920.0
7,5522026,สกลนคร,พังโคน,2023-02-01,182998.0
7,5522019,เลย,วังสะพุง,2023-02-01,167722.0
7,5522030,นครพนม,ศรีสงคราม,2023-02-01,97384.0
7,5522022,หนองคาย,ศรีเชียงใหม่,2023-02-01,87777.0
7,5522024,สกลนคร,สกลนคร,2023-02-01,565802.0
7,5522025,สกลนคร,สว่างแดนดิน,2023-02-01,173293.0
7,5522020,หนองคาย,หนองคาย,2023-02-01,503003.0
7,5522015,หนองบัวลำภู,หนองบัวลำภู,2023-02-01,268509.0
7,5522011,อุดรธานี,อุดรธานี,2023-02-01,1981050.0
7,5522017,เลย,เชียงคาน,2023-02-01,173032.0
7,5522016,เลย,เลย,2023-02-01,489786.0
7,5522023,หนองคาย,โพนพิสัย,2023-02-01,138858.0
8,5532029,ศรีสะเกษ,กันทรลักษ์,2023-02-01,99226.0
8,5532022,บุรีรัมย์,นางรอง,2023-02-01,211329.0
8,5532019,บุรีรัมย์,บุรีรัมย์,2023-02-01,744516.0
8,5532012,อุบลราชธานี,พิบูลมังสาหาร,2023-02-01,92370.0
8,5532018,ยโสธร,มหาชนะชัย,2023-02-01,95017.0
8,5532030,มุกดาหาร,มุกดาหาร,2023-02-01,395477.0
8,5532016,ยโสธร,ยโสธร,2023-02-01,267900.0
8,5532026,สุรินทร์,รัตนบุรี,2023-02-01,157125.0
8,5532023,บุรีรัมย์,ละหานทราย,2023-02-01,213368.0
8,5532021,บุรีรัมย์,ลำปลายมาศ,2023-02-01,99304.0
8,5532028,ศรีสะเกษ,ศรีสะเกษ,2023-02-01,661388.0
8,5532025,สุรินทร์,ศีขรภูมิ,2023-02-01,142584.0
8,5532020,บุรีรัมย์,สตึก,2023-02-01,118170.0
8,5532027,สุรินทร์,สังขะ,2023-02-01,199209.0
8,5532024,สุรินทร์,สุรินทร์,2023-02-01,811314.0
8,5532015,อำนาจเจริญ,อำนาจเจริญ,2023-02-01,211196.0
8,5532011,อุบลราชธานี,อุบลราชธานี,2023-02-01,1382411.0
8,5532014,อุบลราชธานี,เขมราฐ,2023-02-01,140808.0
8,5532013,อุบลราชธานี,เดชอุดม,2023-02-01,162911.0
8,5532017,ยโสธร,เลิงนกทา,2023-02-01,102675.0
9,5511017,เชียงใหม่,จอมทอง,2023-02-01,85386.0
9,5511031,พะเยา,จุน,2023-02-01,95466.0
9,5511029,น่าน,ท่าวังผา,2023-02-01,96816.0
9,5511028,น่าน,น่าน,2023-02-01,353502.0
9,5511021,ลำพูน,บ้านโฮ่ง,2023-02-01,21980.0
9,5511016,เชียงใหม่,ฝาง,2023-02-01,114974.0
9,5511030,พะเยา,พะเยา,2023-02-01,483348.0
9,5511033,เชียงราย,พาน,2023-02-01,153308.0
9,5511027,แพร่,ร้องกวาง,2023-02-01,59153.0
9,5511022,ลำปาง,ลำปาง,2023-02-01,852208.0
9,5511020,ลำพูน,ลำพูน,2023-02-01,327021.0
9,5511013,เชียงใหม่,สันกำแพง,2023-02-01,327368.0
9,5511012,เชียงใหม่,ฮอด,2023-02-01,56465.0
9,5511023,ลำปาง,เกาะคา,2023-02-01,104268.0
9,5511032,เชียงราย,เชียงราย,2023-02-01,773128.61
9,5511011,เชียงใหม่,เชียงใหม่,2023-02-01,3200225.0
9,5511026,แพร่,เด่นชัย,2023-02-01,92567.0
9,5511024,ลำปาง,เถิน,2023-02-01,127602.0
9,5511034,เชียงราย,เทิง,2023-02-01,50211.0
9,5511035,เชียงราย,เวียงเชียงของ,2023-02-01,75533.0
9,5511025,แพร่,แพร่,2023-02-01,237432.0
9,5511037,เชียงราย,แม่ขะจาน,2023-02-01,62162.0
9,5511014,เชียงใหม่,แม่ริม,2023-02-01,518559.63
9,5511019,แม่ฮ่องสอน,แม่สะเรียง,2023-02-01,117605.0
9,5511036,เชียงราย,แม่สาย,2023-02-01,364709.0
9,5511018,แม่ฮ่องสอน,แม่ฮ่องสอน,2023-02-01,169228.0
9,5511015,เชียงใหม่,แม่แตง,2023-02-01,150923.0
10,5512017,กำแพงเพชร,กำแพงเพชร,2023-02-01,517596.0
10,5512018,กำแพงเพชร,ขาณุวรลักษบุรี,2023-02-01,107368.0
10,5512034,เพชรบูรณ์,ชนแดน,2023-02-01,64937.0
10,5512015,ชัยนาท,ชัยนาท,2023-02-01,240879.0
10,5512031,พิจิตร,ตะพานหิน,2023-02-01,153368.0
10,5512019,ตาก,ตาก,2023-02-01,506257.0
10,5512022,สุโขทัย,ทุ่งเสลี่ยม,2023-02-01,57497.0
10,5512012,นครสวรรค์,ท่าตะโก,2023-02-01,208630.0
10,5512011,นครสวรรค์,นครสวรรค์,2023-02-01,604483.0
10,5512028,พิษณุโลก,นครไทย,2023-02-01,102461.0
10,5512030,พิจิตร,บางมูลนาก,2023-02-01,92979.0
10,5512014,นครสวรรค์,พยุหะคีรี,2023-02-01,204447.0
10,5512029,พิจิตร,พิจิตร,2023-02-01,472427.0
10,5512027,พิษณุโลก,พิษณุโลก,2023-02-01,643090.0
10,5512013,นครสวรรค์,ลาดยาว,2023-02-01,125161.0
10,5512036,เพชรบูรณ์,วิเชียรบุรี,2023-02-01,135298.0
10,5512025,สุโขทัย,ศรีสัชนาลัย,2023-02-01,117205.0
10,5512023,สุโขทัย,ศรีสำโรง,2023-02-01,51754.0
10,5512024,สุโขทัย,สวรรคโลก,2023-02-01,125645.0
10,5512021,สุโขทัย,สุโขทัย,2023-02-01,367230.0
10,5512035,เพชรบูรณ์,หนองไผ่,2023-02-01,134052.0
10,5512033,เพชรบูรณ์,หล่มสัก,2023-02-01,207963.0
10,5512026,อุตรดิตถ์,อุตรดิตถ์,2023-02-01,77461.0
10,5512016,อุทัยธานี,อุทัยธานี,2023-02-01,203772.0
10,5512032,เพชรบูรณ์,เพชรบูรณ์,2023-02-01,368793.0
10,5512020,ตาก,แม่สอด,2023-02-01,682984.0
1,5531032,ปราจีนบุรี,กบินทร์บุรี,2023-03-01,262426.0
1,5531025,จันทบุรี,ขลุง,2023-03-01,247501.0
1,5531027,ตราด,คลองใหญ่,2023-03-01,66520.0
1,5531024,จันทบุรี,จันทบุรี,2023-03-01,1059827.0
1,5531017,ฉะเชิงเทรา,ฉะเชิงเทรา,2023-03-01,858217.0
1,5531011,ชลบุรี,ชลบุรี,2023-03-01,3500664.0
1,5531026,ตราด,ตราด,2023-03-01,499214.0
1,5531019,ฉะเชิงเทรา,บางคล้า,2023-03-01,1500423.0
1,5531018,ฉะเชิงเทรา,บางปะกง,2023-03-01,1048079.0
1,5531022,ระยอง,บ้านฉาง,2023-03-01,1889247.0
1,5531013,ชลบุรี,บ้านบึง,2023-03-01,1025460.0
1,5531031,ปราจีนบุรี,ปราจีนบุรี,2023-03-01,702940.0
1,5531023,ระยอง,ปากน้ำประแสร์,2023-03-01,400683.0
1,5531020,ฉะเชิงเทรา,พนมสารคาม,2023-03-01,457574.0
1,5531014,ชลบุรี,พนัสนิคม,2023-03-01,1466934.0
1,5531012,ชลบุรี,พัทยา,2023-03-01,3848293.06
1,5531021,ระยอง,ระยอง,2023-03-01,1490826.0
1,5531029,สระแก้ว,วัฒนานคร,2023-03-01,100152.0
1,5531015,ชลบุรี,ศรีราชา,2023-03-01,1432659.0
1,5531028,สระแก้ว,สระแก้ว,2023-03-01,292726.0
1,5531030,สระแก้ว,อรัญประเทศ,2023-03-01,371807.0
1,5531016,ชลบุรี,แหลมฉบัง,2023-03-01,1870896.0
2,5541031,นครราชสีมา,ครบุรี,2023-03-01,141501.0
2,5541039,ปทุมธานี,คลองหลวง,2023-03-01,2517866.0
2,5541017,ลพบุรี,ชัยบาดาล,2023-03-01,178271.0
2,5541036,นครราชสีมา,ชุมพวง,2023-03-01,97296.0
2,5541038,นครราชสีมา,ด่านขุนทด,2023-03-01,139247.0
2,5541024,พระนครศรีอยุธยา,ท่าเรือ,2023-03-01,128516.0
2,5541040,ปทุมธานี,ธัญบุรี,2023-03-01,1629663.0
2,5541027,นครนายก,นครนายก,2023-03-01,343049.0
2,5541029,นครราชสีมา,นครราชสีมา,2023-03-01,802035.0
2,5541028,นครนายก,บ้านนา,2023-03-01,250862.0
2,5541014,สระบุรี,บ้านหมอ,2023-03-01,79967.0
2,5541016,ลพบุรี,บ้านหมี่,2023-03-01,318040.0
2,5541025,ปทุมธานี,ปทุมธานี,2023-03-01,2092296.86
2,5541033,นครราชสีมา,ปักธงชัย,2023-03-01,214889.0
2,5541030,นครราชสีมา,ปากช่อง,2023-03-01,366823.0
2,5541022,พระนครศรีอยุธยา,ผักไห่,2023-03-01,36044.0
2,5541021,พระนครศรีอยุธยา,พระนครศรีอยุธยา,2023-03-01,2237164.13
2,5541011,สระบุรี,พระพุทธบาท,2023-03-01,334535.0
2,5541035,นครราชสีมา,พิมาย,2023-03-01,206711.0
2,5541013,สระบุรี,มวกเหล็ก,2023-03-01,471305.0
2,5541026,ปทุมธานี,รังสิต,2023-03-01,3795372.0
2,5541015,ลพบุรี,ลพบุรี,2023-03-01,1219687.0
2,5541020,อ่างทอง,วิเศษชัยชาญ,2023-03-01,84007.0
2,5541018,สิงห์บุรี,สิงห์บุรี,2023-03-01,207257.0
2,5541032,นครราชสีมา,สีคิ้ว,2023-03-01,680049.0
2,5541012,สระบุรี,หนองแค,2023-03-01,829669.0
2,5541019,อ่างทอง,อ่างทอง,2023-03-01,226179.0
2,5541023,พระนครศรีอยุธยา,เสนา,2023-03-01,226468.0
2,5541034,นครราชสีมา,โชคชัย,2023-03-01,292926.0
2,5541037,นครราชสีมา,โนนสูง,2023-03-01,128066.0
3,5542024,กาญจนบุรี,กาญจนบุรี,2023-03-01,595156.0
3,5542031,ประจวบคีรีขันธ์,กุยบุรี,2023-03-01,344015.0
3,5542022,สุพรรณบุรี,ด่านช้าง,2023-03-01,112105.0
3,5542027,กาญจนบุรี,ท่ามะกา,2023-03-01,190329.0
3,5542033,นครปฐม,นครปฐม,2023-03-01,518686.0
3,5542032,ประจวบคีรีขันธ์,บางสะพาน,2023-03-01,222677.0
3,5542011,ราชบุรี,บ้านโป่ง,2023-03-01,183880.0
3,5542029,ประจวบคีรีขันธ์,ประจวบคีรีขันธ์,2023-03-01,304737.0
3,5542030,ประจวบคีรีขันธ์,ปราณบุรี,2023-03-01,755725.0
3,5542013,ราชบุรี,ปากท่อ,2023-03-01,419254.0
3,5542026,กาญจนบุรี,พนมทวน,2023-03-01,141321.0
3,5542014,ราชบุรี,ราชบุรี,2023-03-01,564708.0
3,5542020,สุพรรณบุรี,ศรีประจันต์,2023-03-01,84670.0
3,5542015,สมุทรสงคราม,สมุทรสงคราม,2023-03-01,782038.0
3,5542016,สมุทรสาคร,สมุทรสาคร,2023-03-01,4781998.0
3,5542012,ราชบุรี,สวนผึ้ง,2023-03-01,109604.0
3,5542018,นครปฐม,สามพราน,2023-03-01,949302.0
3,5542019,สุพรรณบุรี,สุพรรณบุรี,2023-03-01,519685.0
3,5542023,สุพรรณบุรี,อู่ทอง,2023-03-01,342931.0
3,5542017,สมุทรสาคร,อ้อมน้อย,2023-03-01,2399949.0
3,5542021,สุพรรณบุรี,เดิมบางนางบวช,2023-03-01,185327.0
3,5542028,เพชรบุรี,เพชรบุรี,2023-03-01,1160611.0
3,5542025,กาญจนบุรี,เลาขวัญ,2023-03-01,121676.0
4,5551025,กระบี่,กระบี่,2023-03-01,778900.0
4,5551012,สุราษฎร์ธานี,กาญจนดิษฐ์,2023-03-01,245812.0
4,5551031,นครศรีธรรมราช,ขนอม,2023-03-01,117255.0
4,5551034,กระบี่,คลองท่อม,2023-03-01,105395.0
4,5551030,นครศรีธรรมราช,จันดี,2023-03-01,122917.0
4,5551028,นครศรีธรรมราช,ชะอวด,2023-03-01,78967.0
4,5551017,ชุมพร,ชุมพร,2023-03-01,754835.77
4,5551022,พังงา,ตะกั่วป่า,2023-03-01,174788.0
4,5551027,นครศรีธรรมราช,ทุ่งสง,2023-03-01,445684.0
4,5551019,ชุมพร,ท่าแซะ,2023-03-01,85941.0
4,5551023,พังงา,ท้ายเหมือง,2023-03-01,89338.0
4,5551032,นครศรีธรรมราช,นครศรีธรรมราช,2023-03-01,198704.0
4,5551015,สุราษฎร์ธานี,บ้านตาขุน,2023-03-01,85865.0
4,5551014,สุราษฎร์ธานี,บ้านนาสาร,2023-03-01,143258.0
4,5551029,นครศรีธรรมราช,ปากพนัง,2023-03-01,207964.0
4,5551021,พังงา,พังงา,2023-03-01,206822.0
4,5551024,ภูเก็ต,ภูเก็ต,2023-03-01,1824415.0
4,5551020,ระนอง,ระนอง,2023-03-01,441950.55
4,5551011,สุราษฎร์ธานี,สุราษฎร์ธานี,2023-03-01,1571889.68
4,5551018,ชุมพร,หลังสวน,2023-03-01,274198.0
4,5551026,กระบี่,อ่าวลึก,2023-03-01,86233.0
4,5551033,สุราษฎร์ธานี,เกาะพะงัน,2023-03-01,88697.0
4,5551013,สุราษฎร์ธานี,เกาะสมุย,2023-03-01,502445.42
4,5551016,สุราษฎร์ธานี,ไชยา,2023-03-01,79862.0
5,5552021,ตรัง,กันตัง,2023-03-01,229486.0
5,5552018,ตรัง,ตรัง,2023-03-01,329847.0
5,5552027,นราธิวาส,นราธิวาส,2023-03-01,445642.0
5,5552014,สงขลา,นาทวี,2023-03-01,73504.0
5,5552030,สงขลา,พังลา,2023-03-01,83786.0
5,5552016,พัทลุง,พัทลุง,2023-03-01,327973.0
5,5552024,ยะลา,ยะหา,2023-03-01,57569.0
5,5552020,ตรัง,ย่านตาขาว,2023-03-01,134945.0
5,5552015,สงขลา,ระโนด,2023-03-01,36470.0
5,5552028,นราธิวาส,รือเสาะ,2023-03-01,40025.0
5,5552023,สตูล,ละงู,2023-03-01,181786.0
5,5552011,สงขลา,สงขลา,2023-03-01,1309913.0
5,5552022,สตูล,สตูล,2023-03-01,327199.0
5,5552013,สงขลา,สะเดา,2023-03-01,373771.0
5,5552026,ปัตตานี,สายบุรี,2023-03-01,39382.0
5,5552029,นราธิวาส,สุไหงโก-ลก,2023-03-01,210647.0
5,5552012,สงขลา,หาดใหญ่,2023-03-01,1781985.0
5,5552019,ตรัง,ห้วยยอด,2023-03-01,195533.0
5,5552017,พัทลุง,เขาชัยสน,2023-03-01,42017.0
5,5552025,ยะลา,เบตง,2023-03-01,200718.0
6,5521016,ขอนแก่น,กระนวน,2023-03-01,239984.0
6,5521019,กาฬสินธุ์,กาฬสินธุ์,2023-03-01,508268.0
6,5521020,กาฬสินธุ์,กุฉินารายณ์,2023-03-01,78982.0
6,5521011,ขอนแก่น,ขอนแก่น,2023-03-01,2673725.0
6,5521026,ชัยภูมิ,จัตุรัส,2023-03-01,242978.0
6,5521015,ขอนแก่น,ชนบท,2023-03-01,249608.0
6,5521024,ชัยภูมิ,ชัยภูมิ,2023-03-01,713571.0
6,5521013,ขอนแก่น,ชุมแพ,2023-03-01,288603.0
6,5521014,ขอนแก่น,น้ำพอง,2023-03-01,391805.0
6,5521029,ชัยภูมิ,บำเหน็จณรงค์,2023-03-01,211898.0
6,5521012,ขอนแก่น,บ้านไผ่,2023-03-01,280014.0
6,5521023,มหาสารคาม,พยัคฆภูมิพิสัย,2023-03-01,121464.9
6,5521028,ชัยภูมิ,ภูเขียว,2023-03-01,185032.0
6,5521022,มหาสารคาม,มหาสารคาม,2023-03-01,1006604.0
6,5521030,ร้อยเอ็ด,ร้อยเอ็ด,2023-03-01,644303.0
6,5521021,กาฬสินธุ์,สมเด็จ,2023-03-01,112086.0
6,5521032,ร้อยเอ็ด,สุวรรณภูมิ,2023-03-01,95793.0
6,5521027,ชัยภูมิ,หนองบัวแดง,2023-03-01,107900.0
6,5521017,ขอนแก่น,หนองเรือ,2023-03-01,174783.0
6,5521018,ขอนแก่น,เมืองพล,2023-03-01,188750.0
6,5521025,ชัยภูมิ,แก้งคร้อ,2023-03-01,182294.0
6,5521031,ร้อยเอ็ด,โพนทอง,2023-03-01,140200.0
7,5522012,อุดรธานี,กุมภวาปี,2023-03-01,269304.0
7,5522018,เลย,ด่านซ้าย,2023-03-01,73683.0
7,5522028,นครพนม,ธาตุพนม,2023-03-01,183496.0
7,5522027,นครพนม,นครพนม,2023-03-01,299828.0
7,5522021,บึงกาฬ,บึงกาฬ,2023-03-01,146567.0
7,5522014,อุดรธานี,บ้านดุง,2023-03-01,164175.0
7,5522013,อุดรธานี,บ้านผือ,2023-03-01,151124.0
7,5522029,นครพนม,บ้านแพง,2023-03-01,68644.0
7,5522026,สกลนคร,พังโคน,2023-03-01,183701.0
7,5522019,เลย,วังสะพุง,2023-03-01,165117.0
7,5522030,นครพนม,ศรีสงคราม,2023-03-01,95392.0
7,5522022,หนองคาย,ศรีเชียงใหม่,2023-03-01,89121.0
7,5522024,สกลนคร,สกลนคร,2023-03-01,542032.0
7,5522025,สกลนคร,สว่างแดนดิน,2023-03-01,166188.0
7,5522020,หนองคาย,หนองคาย,2023-03-01,485176.0
7,5522015,หนองบัวลำภู,หนองบัวลำภู,2023-03-01,256627.0
7,5522011,อุดรธานี,อุดรธานี,2023-03-01,1888281.0
7,5522017,เลย,เชียงคาน,2023-03-01,162254.0
7,5522016,เลย,เลย,2023-03-01,471232.0
7,5522023,หนองคาย,โพนพิสัย,2023-03-01,134152.0
8,5532029,ศรีสะเกษ,กันทรลักษ์,2023-03-01,99573.0
8,5532022,บุรีรัมย์,นางรอง,2023-03-01,215192.0
8,5532019,บุรีรัมย์,บุรีรัมย์,2023-03-01,761010.0
8,5532012,อุบลราชธานี,พิบูลมังสาหาร,2023-03-01,106694.0
8,5532018,ยโสธร,มหาชนะชัย,2023-03-01,95647.0
8,5532030,มุกดาหาร,มุกดาหาร,2023-03-01,403338.0
8,5532016,ยโสธร,ยโสธร,2023-03-01,265154.0
8,5532026,สุรินทร์,รัตนบุรี,2023-03-01,152396.0
8,5532023,บุรีรัมย์,ละหานทราย,2023-03-01,214947.0
8,5532021,บุรีรัมย์,ลำปลายมาศ,2023-03-01,102542.0
8,5532028,ศรีสะเกษ,ศรีสะเกษ,2023-03-01,671575.0
8,5532025,สุรินทร์,ศีขรภูมิ,2023-03-01,148128.0
8,5532020,บุรีรัมย์,สตึก,2023-03-01,117529.0
8,5532027,สุรินทร์,สังขะ,2023-03-01,199865.0
8,5532024,สุรินทร์,สุรินทร์,2023-03-01,811078.0
8,5532015,อำนาจเจริญ,อำนาจเจริญ,2023-03-01,210472.0
8,5532011,อุบลราชธานี,อุบลราชธานี,2023-03-01,1381231.0
8,5532014,อุบลราชธานี,เขมราฐ,2023-03-01,146627.0
8,5532013,อุบลราชธานี,เดชอุดม,2023-03-01,163970.0
8,5532017,ยโสธร,เลิงนกทา,2023-03-01,101142.0
9,5511017,เชียงใหม่,จอมทอง,2023-03-01,83568.0
9,5511031,พะเยา,จุน,2023-03-01,91366.0
9,5511029,น่าน,ท่าวังผา,2023-03-01,94645.0
9,5511028,น่าน,น่าน,2023-03-01,331177.0
9,5511021,ลำพูน,บ้านโฮ่ง,2023-03-01,19005.0
9,5511016,เชียงใหม่,ฝาง,2023-03-01,102725.0
9,5511030,พะเยา,พะเยา,2023-03-01,446215.0
9,5511033,เชียงราย,พาน,2023-03-01,139406.0
9,5511027,แพร่,ร้องกวาง,2023-03-01,57872.0
9,5511022,ลำปาง,ลำปาง,2023-03-01,774889.0
9,5511020,ลำพูน,ลำพูน,2023-03-01,313038.0
9,5511013,เชียงใหม่,สันกำแพง,2023-03-01,302511.0
9,5511012,เชียงใหม่,ฮอด,2023-03-01,52816.0
9,5511023,ลำปาง,เกาะคา,2023-03-01,98938.0
9,5511032,เชียงราย,เชียงราย,2023-03-01,712992.0
9,5511011,เชียงใหม่,เชียงใหม่,2023-03-01,3010099.0
9,5511026,แพร่,เด่นชัย,2023-03-01,91820.0
9,5511024,ลำปาง,เถิน,2023-03-01,119109.0
9,5511034,เชียงราย,เทิง,2023-03-01,48005.0
9,5511035,เชียงราย,เวียงเชียงของ,2023-03-01,72753.0
9,5511025,แพร่,แพร่,2023-03-01,220095.0
9,5511037,เชียงราย,แม่ขะจาน,2023-03-01,57168.0
9,5511014,เชียงใหม่,แม่ริม,2023-03-01,465180.11
9,5511019,แม่ฮ่องสอน,แม่สะเรียง,2023-03-01,110021.0
9,5511036,เชียงราย,แม่สาย,2023-03-01,334755.0
9,5511018,แม่ฮ่องสอน,แม่ฮ่องสอน,2023-03-01,150916.0
9,5511015,เชียงใหม่,แม่แตง,2023-03-01,139569.0
10,5512017,กำแพงเพชร,กำแพงเพชร,2023-03-01,495385.0
10,5512018,กำแพงเพชร,ขาณุวรลักษบุรี,2023-03-01,101224.0
10,5512034,เพชรบูรณ์,ชนแดน,2023-03-01,66128.0
10,5512015,ชัยนาท,ชัยนาท,2023-03-01,228114.0
10,5512031,พิจิตร,ตะพานหิน,2023-03-01,148006.0
10,5512019,ตาก,ตาก,2023-03-01,495562.0
10,5512022,สุโขทัย,ทุ่งเสลี่ยม,2023-03-01,54847.0
10,5512012,นครสวรรค์,ท่าตะโก,2023-03-01,199246.0
10,5512011,นครสวรรค์,นครสวรรค์,2023-03-01,571866.0
10,5512028,พิษณุโลก,นครไทย,2023-03-01,100305.0
10,5512030,พิจิตร,บางมูลนาก,2023-03-01,92735.0
10,5512014,นครสวรรค์,พยุหะคีรี,2023-03-01,204583.0
10,5512029,พิจิตร,พิจิตร,2023-03-01,459655.0
10,5512027,พิษณุโลก,พิษณุโลก,2023-03-01,609998.0
10,5512013,นครสวรรค์,ลาดยาว,2023-03-01,120195.0
10,5512036,เพชรบูรณ์,วิเชียรบุรี,2023-03-01,132322.0
10,5512025,สุโขทัย,ศรีสัชนาลัย,2023-03-01,113299.0
10,5512023,สุโขทัย,ศรีสำโรง,2023-03-01,50273.0
10,5512024,สุโขทัย,สวรรคโลก,2023-03-01,118150.0
10,5512021,สุโขทัย,สุโขทัย,2023-03-01,364384.0
10,5512035,เพชรบูรณ์,หนองไผ่,2023-03-01,130871.0
10,5512033,เพชรบูรณ์,หล่มสัก,2023-03-01,192022.0
10,5512026,อุตรดิตถ์,อุตรดิตถ์,2023-03-01,77022.0
10,5512016,อุทัยธานี,อุทัยธานี,2023-03-01,203022.0
10,5512032,เพชรบูรณ์,เพชรบูรณ์,2023-03-01,342551.0
10,5512020,ตาก,แม่สอด,2023-03-01,652562.0
1,5531032,ปราจีนบุรี,กบินทร์บุรี,2023-04-01,313456.0
1,5531025,จันทบุรี,ขลุง,2023-04-01,292160.0
1,5531027,ตราด,คลองใหญ่,2023-04-01,78151.0
1,5531024,จันทบุรี,จันทบุรี,2023-04-01,1248389.0
1,5531017,ฉะเชิงเทรา,ฉะเชิงเทรา,2023-04-01,969105.0
1,5531011,ชลบุรี,ชลบุรี,2023-04-01,3945435.0
1,5531026,ตราด,ตราด,2023-04-01,578066.0
1,5531019,ฉะเชิงเทรา,บางคล้า,2023-04-01,1761768.0
1,5531018,ฉะเชิงเทรา,บางปะกง,2023-04-01,1201391.0
1,5531022,ระยอง,บ้านฉาง,2023-04-01,2210624.0
1,5531013,ชลบุรี,บ้านบึง,2023-04-01,1180780.0
1,5531031,ปราจีนบุรี,ปราจีนบุรี,2023-04-01,821500.36
1,5531023,ระยอง,ปากน้ำประแสร์,2023-04-01,465233.0
1,5531020,ฉะเชิงเทรา,พนมสารคาม,2023-04-01,534307.0
1,5531014,ชลบุรี,พนัสนิคม,2023-04-01,1659876.0
1,5531012,ชลบุรี,พัทยา,2023-04-01,4473556.19
1,5531021,ระยอง,ระยอง,2023-04-01,1712161.0
1,5531029,สระแก้ว,วัฒนานคร,2023-04-01,123321.0
1,5531015,ชลบุรี,ศรีราชา,2023-04-01,1596278.0
1,5531028,สระแก้ว,สระแก้ว,2023-04-01,335345.0
1,5531030,สระแก้ว,อรัญประเทศ,2023-04-01,428287.0
1,5531016,ชลบุรี,แหลมฉบัง,2023-04-01,2154836.0
2,5541031,นครราชสีมา,ครบุรี,2023-04-01,171002.0
2,5541039,ปทุมธานี,คลองหลวง,2023-04-01,2887152.0
2,5541017,ลพบุรี,ชัยบาดาล,2023-04-01,228244.0
2,5541036,นครราชสีมา,ชุมพวง,2023-04-01,117369.0
2,5541038,นครราชสีมา,ด่านขุนทด,2023-04-01,170665.0
2,5541024,พระนครศรีอยุธยา,ท่าเรือ,2023-04-01,153997.44
2,5541040,ปทุมธานี,ธัญบุรี,2023-04-01,1856712.0
2,5541027,นครนายก,นครนายก,2023-04-01,407046.0
2,5541029,นครราชสีมา,นครราชสีมา,2023-04-01,950049.0
2,5541028,นครนายก,บ้านนา,2023-04-01,303377.0
2,5541014,สระบุรี,บ้านหมอ,2023-04-01,89995.0
2,5541016,ลพบุรี,บ้านหมี่,2023-04-01,375852.0
2,5541025,ปทุมธานี,ปทุมธานี,2023-04-01,2414851.08
2,5541033,นครราชสีมา,ปักธงชัย,2023-04-01,253234.0
2,5541030,นครราชสีมา,ปากช่อง,2023-04-01,421978.0
2,5541022,พระนครศรีอยุธยา,ผักไห่,2023-04-01,42577.0
2,5541021,พระนครศรีอยุธยา,พระนครศรีอยุธยา,2023-04-01,2605014.33
2,5541011,สระบุรี,พระพุทธบาท,2023-04-01,388353.0
2,5541035,นครราชสีมา,พิมาย,2023-04-01,247286.0
2,5541013,สระบุรี,มวกเหล็ก,2023-04-01,577202.0
2,5541026,ปทุมธานี,รังสิต,2023-04-01,4352590.0
2,5541015,ลพบุรี,ลพบุรี,2023-04-01,1397572.0
2,5541020,อ่างทอง,วิเศษชัยชาญ,2023-04-01,100924.0
2,5541018,สิงห์บุรี,สิงห์บุรี,2023-04-01,252814.0
2,5541032,นครราชสีมา,สีคิ้ว,2023-04-01,841980.0
2,5541012,สระบุรี,หนองแค,2023-04-01,957767.0
2,5541019,อ่างทอง,อ่างทอง,2023-04-01,257366.0
2,5541023,พระนครศรีอยุธยา,เสนา,2023-04-01,263091.0
2,5541034,นครราชสีมา,โชคชัย,2023-04-01,346756.0
2,5541037,นครราชสีมา,โนนสูง,2023-04-01,153956.0
3,5542024,กาญจนบุรี,กาญจนบุรี,2023-04-01,732206.0
3,5542031,ประจวบคีรีขันธ์,กุยบุรี,2023-04-01,404941.0
3,5542022,สุพรรณบุรี,ด่านช้าง,2023-04-01,135449.0
3,5542027,กาญจนบุรี,ท่ามะกา,2023-04-01,229375.0
3,5542033,นครปฐม,นครปฐม,2023-04-01,579524.0
3,5542032,ประจวบคีรีขันธ์,บางสะพาน,2023-04-01,254086.0
3,5542011,ราชบุรี,บ้านโป่ง,2023-04-01,218344.0
3,5542029,ประจวบคีรีขันธ์,ประจวบคีรีขันธ์,2023-04-01,347771.0
3,5542030,ประจวบคีรีขันธ์,ปราณบุรี,2023-04-01,920915.0
3,5542013,ราชบุรี,ปากท่อ,2023-04-01,469464.0
3,5542026,กาญจนบุรี,พนมทวน,2023-04-01,167810.0
3,5542014,ราชบุรี,ราชบุรี,2023-04-01,666873.95
3,5542020,สุพรรณบุรี,ศรีประจันต์,2023-04-01,103185.0
3,5542015,สมุทรสงคราม,สมุทรสงคราม,2023-04-01,928746.0
3,5542016,สมุทรสาคร,สมุทรสาคร,2023-04-01,5494223.0
3,5542012,ราชบุรี,สวนผึ้ง,2023-04-01,137557.0
3,5542018,นครปฐม,สามพราน,2023-04-01,1094971.0
3,5542019,สุพรรณบุรี,สุพรรณบุรี,2023-04-01,605107.0
3,5542023,สุพรรณบุรี,อู่ทอง,2023-04-01,410240.0
3,5542017,สมุทรสาคร,อ้อมน้อย,2023-04-01,2732101.0
3,5542021,สุพรรณบุรี,เดิมบางนางบวช,2023-04-01,218805.0
3,5542028,เพชรบุรี,เพชรบุรี,2023-04-01,1381986.0
3,5542025,กาญจนบุรี,เลาขวัญ,2023-04-01,152267.0
4,5551025,กระบี่,กระบี่,2023-04-01,895164.0
4,5551012,สุราษฎร์ธานี,กาญจนดิษฐ์,2023-04-01,300592.94
4,5551031,นครศรีธรรมราช,ขนอม,2023-04-01,141643.0
4,5551034,กระบี่,คลองท่อม,2023-04-01,123937.0
4,5551030,นครศรีธรรมราช,จันดี,2023-04-01,143094.0
4,5551028,นครศรีธรรมราช,ชะอวด,2023-04-01,96094.0
4,5551017,ชุมพร,ชุมพร,2023-04-01,906883.0
4,5551022,พังงา,ตะกั่วป่า,2023-04-01,220975.0
4,5551027,นครศรีธรรมราช,ทุ่งสง,2023-04-01,528717.0
4,5551019,ชุมพร,ท่าแซะ,2023-04-01,101268.0
4,5551023,พังงา,ท้ายเหมือง,2023-04-01,109145.0
4,5551032,นครศรีธรรมราช,นครศรีธรรมราช,2023-04-01,228517.0
4,5551015,สุราษฎร์ธานี,บ้านตาขุน,2023-04-01,104586.0
4,5551014,สุราษฎร์ธานี,บ้านนาสาร,2023-04-01,173752.0
4,5551029,นครศรีธรรมราช,ปากพนัง,2023-04-01,239739.0
4,5551021,พังงา,พังงา,2023-04-01,244782.0
4,5551024,ภูเก็ต,ภูเก็ต,2023-04-01,2108263.0
4,5551020,ระนอง,ระนอง,2023-04-01,526525.33
4,5551011,สุราษฎร์ธานี,สุราษฎร์ธานี,2023-04-01,1814507.1
4,5551018,ชุมพร,หลังสวน,2023-04-01,333797.0
4,5551026,กระบี่,อ่าวลึก,2023-04-01,104094.0
4,5551033,สุราษฎร์ธานี,เกาะพะงัน,2023-04-01,112608.0
4,5551013,สุราษฎร์ธานี,เกาะสมุย,2023-04-01,591233.8
4,5551016,สุราษฎร์ธานี,ไชยา,2023-04-01,97556.0
5,5552021,ตรัง,กันตัง,2023-04-01,263483.0
5,5552018,ตรัง,ตรัง,2023-04-01,386856.0
5,5552027,นราธิวาส,นราธิวาส,2023-04-01,490433.0
5,5552014,สงขลา,นาทวี,2023-04-01,86144.0
5,5552030,สงขลา,พังลา,2023-04-01,97372.0
5,5552016,พัทลุง,พัทลุง,2023-04-01,401244.0
5,5552024,ยะลา,ยะหา,2023-04-01,67999.0
5,5552020,ตรัง,ย่านตาขาว,2023-04-01,156716.0
5,5552015,สงขลา,ระโนด,2023-04-01,42580.0
5,5552028,นราธิวาส,รือเสาะ,2023-04-01,46311.0
5,5552023,สตูล,ละงู,2023-04-01,209311.0
5,5552011,สงขลา,สงขลา,2023-04-01,1499376.0
5,5552022,สตูล,สตูล,2023-04-01,362679.0
5,5552013,สงขลา,สะเดา,2023-04-01,435070.0
5,5552026,ปัตตานี,สายบุรี,2023-04-01,46415.0
5,5552029,นราธิวาส,สุไหงโก-ลก,2023-04-01,247000.0
5,5552012,สงขลา,หาดใหญ่,2023-04-01,2093752.0
5,5552019,ตรัง,ห้วยยอด,2023-04-01,236276.0
5,5552017,พัทลุง,เขาชัยสน,2023-04-01,54603.0
5,5552025,ยะลา,เบตง,2023-04-01,225010.0
6,5521016,ขอนแก่น,กระนวน,2023-04-01,289974.0
6,5521019,กาฬสินธุ์,กาฬสินธุ์,2023-04-01,596905.0
6,5521020,กาฬสินธุ์,กุฉินารายณ์,2023-04-01,97331.0
6,5521011,ขอนแก่น,ขอนแก่น,2023-04-01,3106987.0
6,5521026,ชัยภูมิ,จัตุรัส,2023-04-01,298917.0
6,5521015,ขอนแก่น,ชนบท,2023-04-01,304016.0
6,5521024,ชัยภูมิ,ชัยภูมิ,2023-04-01,832561.0
6,5521013,ขอนแก่น,ชุมแพ,2023-04-01,365529.0
6,5521014,ขอนแก่น,น้ำพอง,2023-04-01,477838.0
6,5521029,ชัยภูมิ,บำเหน็จณรงค์,2023-04-01,267462.0
6,5521012,ขอนแก่น,บ้านไผ่,2023-04-01,336458.0
6,5521023,มหาสารคาม,พยัคฆภูมิพิสัย,2023-04-01,144976.0
6,5521028,ชัยภูมิ,ภูเขียว,2023-04-01,228552.0
6,5521022,มหาสารคาม,มหาสารคาม,2023-04-01,1166591.0
6,5521030,ร้อยเอ็ด,ร้อยเอ็ด,2023-04-01,755987.0
6,5521021,กาฬสินธุ์,สมเด็จ,2023-04-01,142906.0
6,5521032,ร้อยเอ็ด,สุวรรณภูมิ,2023-04-01,113538.0
6,5521027,ชัยภูมิ,หนองบัวแดง,2023-04-01,133721.0
6,5521017,ขอนแก่น,หนองเรือ,2023-04-01,218704.0
6,5521018,ขอนแก่น,เมืองพล,2023-04-01,228393.0
6,5521025,ชัยภูมิ,แก้งคร้อ,2023-04-01,225320.0
6,5521031,ร้อยเอ็ด,โพนทอง,2023-04-01,167458.0
7,5522012,อุดรธานี,กุมภวาปี,2023-04-01,338416.0
7,5522018,เลย,ด่านซ้าย,2023-04-01,89289.0
7,5522028,นครพนม,ธาตุพนม,2023-04-01,215053.0
7,5522027,นครพนม,นครพนม,2023-04-01,357917.0
7,5522021,บึงกาฬ,บึงกาฬ,2023-04-01,171293.0
7,5522014,อุดรธานี,บ้านดุง,2023-04-01,197452.0
7,5522013,อุดรธานี,บ้านผือ,2023-04-01,176911.0
7,5522029,นครพนม,บ้านแพง,2023-04-01,82950.0
7,5522026,สกลนคร,พังโคน,2023-04-01,220564.0
7,5522019,เลย,วังสะพุง,2023-04-01,191331.0
7,5522030,นครพนม,ศรีสงคราม,2023-04-01,114139.0
7,5522022,หนองคาย,ศรีเชียงใหม่,2023-04-01,104594.0
7,5522024,สกลนคร,สกลนคร,2023-04-01,644277.0
7,5522025,สกลนคร,สว่างแดนดิน,2023-04-01,201129.0
7,5522020,หนองคาย,หนองคาย,2023-04-01,575152.0
7,5522015,หนองบัวลำภู,หนองบัวลำภู,2023-04-01,306056.0
7,5522011,อุดรธานี,อุดรธานี,2023-04-01,2247974.0
7,5522017,เลย,เชียงคาน,2023-04-01,176371.0
7,5522016,เลย,เลย,2023-04-01,524236.0
7,5522023,หนองคาย,โพนพิสัย,2023-04-01,162128.0
8,5532029,ศรีสะเกษ,กันทรลักษ์,2023-04-01,119487.0
8,5532022,บุรีรัมย์,นางรอง,2023-04-01,253378.0
8,5532019,บุรีรัมย์,บุรีรัมย์,2023-04-01,889784.0
8,5532012,อุบลราชธานี,พิบูลมังสาหาร,2023-04-01,120343.0
8,5532018,ยโสธร,มหาชนะชัย,2023-04-01,115491.0
8,5532030,มุกดาหาร,มุกดาหาร,2023-04-01,488165.0
8,5532016,ยโสธร,ยโสธร,2023-04-01,311486.0
8,5532026,สุรินทร์,รัตนบุรี,2023-04-01,178693.0
8,5532023,บุรีรัมย์,ละหานทราย,2023-04-01,266987.0
8,5532021,บุรีรัมย์,ลำปลายมาศ,2023-04-01,124064.0
8,5532028,ศรีสะเกษ,ศรีสะเกษ,2023-04-01,778782.0
8,5532025,สุรินทร์,ศีขรภูมิ,2023-04-01,168669.0
8,5532020,บุรีรัมย์,สตึก,2023-04-01,135374.0
8,5532027,สุรินทร์,สังขะ,2023-04-01,233800.0
8,5532024,สุรินทร์,สุรินทร์,2023-04-01,937427.0
8,5532015,อำนาจเจริญ,อำนาจเจริญ,2023-04-01,251713.0
8,5532011,อุบลราชธานี,อุบลราชธานี,2023-04-01,1623872.0
8,5532014,อุบลราชธานี,เขมราฐ,2023-04-01,177229.0
8,5532013,อุบลราชธานี,เดชอุดม,2023-04-01,193021.0
8,5532017,ยโสธร,เลิงนกทา,2023-04-01,122868.0
9,5511017,เชียงใหม่,จอมทอง,2023-04-01,90668.0
9,5511031,พะเยา,จุน,2023-04-01,104995.0
9,5511029,น่าน,ท่าวังผา,2023-04-01,108648.0
9,5511028,น่าน,น่าน,2023-04-01,367083.0
9,5511021,ลำพูน,บ้านโฮ่ง,2023-04-01,21584.0
9,5511016,เชียงใหม่,ฝาง,2023-04-01,117684.0
9,5511030,พะเยา,พะเยา,2023-04-01,508993.0
9,5511033,เชียงราย,พาน,2023-04-01,164441.0
9,5511027,แพร่,ร้องกวาง,2023-04-01,65116.0
9,5511022,ลำปาง,ลำปาง,2023-04-01,883262.0
9,5511020,ลำพูน,ลำพูน,2023-04-01,359513.0
9,5511013,เชียงใหม่,สันกำแพง,2023-04-01,340867.0
9,5511012,เชียงใหม่,ฮอด,2023-04-01,64562.0
9,5511023,ลำปาง,เกาะคา,2023-04-01,115703.0
9,5511032,เชียงราย,เชียงราย,2023-04-01,759538.0
9,5511011,เชียงใหม่,เชียงใหม่,2023-04-01,3254959.0
9,5511026,แพร่,เด่นชัย,2023-04-01,114401.0
9,5511024,ลำปาง,เถิน,2023-04-01,142218.0
9,5511034,เชียงราย,เทิง,2023-04-01,57265.0
9,5511035,เชียงราย,เวียงเชียงของ,2023-04-01,83070.0
9,5511025,แพร่,แพร่,2023-04-01,252887.0
9,5511037,เชียงราย,แม่ขะจาน,2023-04-01,68190.0
9,5511014,เชียงใหม่,แม่ริม,2023-04-01,494432.44
9,5511019,แม่ฮ่องสอน,แม่สะเรียง,2023-04-01,135878.0
9,5511036,เชียงราย,แม่สาย,2023-04-01,397695.0
9,5511018,แม่ฮ่องสอน,แม่ฮ่องสอน,2023-04-01,169998.0
9,5511015,เชียงใหม่,แม่แตง,2023-04-01,156083.0
10,5512017,กำแพงเพชร,กำแพงเพชร,2023-04-01,569440.0
10,5512018,กำแพงเพชร,ขาณุวรลักษบุรี,2023-04-01,120175.0
10,5512034,เพชรบูรณ์,ชนแดน,2023-04-01,76156.0
10,5512015,ชัยนาท,ชัยนาท,2023-04-01,256416.0
10,5512031,พิจิตร,ตะพานหิน,2023-04-01,177111.0
10,5512019,ตาก,ตาก,2023-04-01,569364.0
10,5512022,สุโขทัย,ทุ่งเสลี่ยม,2023-04-01,67890.0
10,5512012,นครสวรรค์,ท่าตะโก,2023-04-01,248194.0
10,5512011,นครสวรรค์,นครสวรรค์,2023-04-01,690161.0
10,5512028,พิษณุโลก,นครไทย,2023-04-01,114354.0
10,5512030,พิจิตร,บางมูลนาก,2023-04-01,109513.0
10,5512014,นครสวรรค์,พยุหะคีรี,2023-04-01,244038.0
10,5512029,พิจิตร,พิจิตร,2023-04-01,529028.0
10,5512027,พิษณุโลก,พิษณุโลก,2023-04-01,718378.0
10,5512013,นครสวรรค์,ลาดยาว,2023-04-01,145338.0
10,5512036,เพชรบูรณ์,วิเชียรบุรี,2023-04-01,150804.0
10,5512025,สุโขทัย,ศรีสัชนาลัย,2023-04-01,133331.0
10,5512023,สุโขทัย,ศรีสำโรง,2023-04-01,56187.0
10,5512024,สุโขทัย,สวรรคโลก,2023-04-01,136829.0
10,5512021,สุโขทัย,สุโขทัย,2023-04-01,413380.0
10,5512035,เพชรบูรณ์,หนองไผ่,2023-04-01,155704.0
10,5512033,เพชรบูรณ์,หล่มสัก,2023-04-01,233775.0
10,5512026,อุตรดิตถ์,อุตรดิตถ์,2023-04-01,84395.0
10,5512016,อุทัยธานี,อุทัยธานี,2023-04-01,241098.0
10,5512032,เพชรบูรณ์,เพชรบูรณ์,2023-04-01,391084.0
10,5512020,ตาก,แม่สอด,2023-04-01,780912.0
1,5531032,ปราจีนบุรี,กบินทร์บุรี,2023-05-01,302360.0
1,5531025,จันทบุรี,ขลุง,2023-05-01,298135.0
1,5531027,ตราด,คลองใหญ่,2023-05-01,81490.0
1,5531024,จันทบุรี,จันทบุรี,2023-05-01,1252452.0
1,5531017,ฉะเชิงเทรา,ฉะเชิงเทรา,2023-05-01,949068.0
1,5531011,ชลบุรี,ชลบุรี,2023-05-01,3755208.0
1,5531026,ตราด,ตราด,2023-05-01,547725.0
1,5531019,ฉะเชิงเทรา,บางคล้า,2023-05-01,1709368.0
1,5531018,ฉะเชิงเทรา,บางปะกง,2023-05-01,1168643.0
1,5531022,ระยอง,บ้านฉาง,2023-05-01,2125122.0
1,5531013,ชลบุรี,บ้านบึง,2023-05-01,1156758.0
1,5531031,ปราจีนบุรี,ปราจีนบุรี,2023-05-01,799060.31
1,5531023,ระยอง,ปากน้ำประแสร์,2023-05-01,475377.0
1,5531020,ฉะเชิงเทรา,พนมสารคาม,2023-05-01,540216.0
1,5531014,ชลบุรี,พนัสนิคม,2023-05-01,1584852.0
1,5531012,ชลบุรี,พัทยา,2023-05-01,4602472.03
1,5531021,ระยอง,ระยอง,2023-05-01,1655584.0
1,5531029,สระแก้ว,วัฒนานคร,2023-05-01,115296.0
1,5531015,ชลบุรี,ศรีราชา,2023-05-01,1579938.0
1,5531028,สระแก้ว,สระแก้ว,2023-05-01,326444.0
1,5531030,สระแก้ว,อรัญประเทศ,2023-05-01,414206.0
1,5531016,ชลบุรี,แหลมฉบัง,2023-05-01,2074224.0
2,5541031,นครราชสีมา,ครบุรี,2023-05-01,171503.0
2,5541039,ปทุมธานี,คลองหลวง,2023-05-01,2710601.0
2,5541017,ลพบุรี,ชัยบาดาล,2023-05-01,212859.0
2,5541036,นครราชสีมา,ชุมพวง,2023-05-01,113540.0
2,5541038,นครราชสีมา,ด่านขุนทด,2023-05-01,166964.0
2,5541024,พระนครศรีอยุธยา,ท่าเรือ,2023-05-01,151468.0
2,5541040,ปทุมธานี,ธัญบุรี,2023-05-01,1788689.0
2,5541027,นครนายก,นครนายก,2023-05-01,400799.0
2,5541029,นครราชสีมา,นครราชสีมา,2023-05-01,986120.0
2,5541028,นครนายก,บ้านนา,2023-05-01,294519.0
2,5541014,สระบุรี,บ้านหมอ,2023-05-01,96449.0
2,5541016,ลพบุรี,บ้านหมี่,2023-05-01,387016.0
2,5541025,ปทุมธานี,ปทุมธานี,2023-05-01,2374583.97
2,5541033,นครราชสีมา,ปักธงชัย,2023-05-01,267762.0
2,5541030,นครราชสีมา,ปากช่อง,2023-05-01,410111.0
2,5541022,พระนครศรีอยุธยา,ผักไห่,2023-05-01,45645.0
2,5541021,พระนครศรีอยุธยา,พระนครศรีอยุธยา,2023-05-01,2547131.84
2,5541011,สระบุรี,พระพุทธบาท,2023-05-01,379024.0
2,5541035,นครราชสีมา,พิมาย,2023-05-01,259503.0
2,5541013,สระบุรี,มวกเหล็ก,2023-05-01,545087.0
2,5541026,ปทุมธานี,รังสิต,2023-05-01,4212636.0
2,5541015,ลพบุรี,ลพบุรี,2023-05-01,1391823.0
2,5541020,อ่างทอง,วิเศษชัยชาญ,2023-05-01,101883.0
2,5541018,สิงห์บุรี,สิงห์บุรี,2023-05-01,256786.0
2,5541032,นครราชสีมา,สีคิ้ว,2023-05-01,805966.0
2,5541012,สระบุรี,หนองแค,2023-05-01,947472.0
2,5541019,อ่างทอง,อ่างทอง,2023-05-01,266753.0
2,5541023,พระนครศรีอยุธยา,เสนา,2023-05-01,264600.0
2,5541034,นครราชสีมา,โชคชัย,2023-05-01,343812.0
2,5541037,นครราชสีมา,โนนสูง,2023-05-01,161857.0
3,5542024,กาญจนบุรี,กาญจนบุรี,2023-05-01,758439.0
3,5542031,ประจวบคีรีขันธ์,กุยบุรี,2023-05-01,398708.0
3,5542022,สุพรรณบุรี,ด่านช้าง,2023-05-01,142460.0
3,5542027,กาญจนบุรี,ท่ามะกา,2023-05-01,235878.0
3,5542033,นครปฐม,นครปฐม,2023-05-01,587077.0
3,5542032,ประจวบคีรีขันธ์,บางสะพาน,2023-05-01,272830.0
3,5542011,ราชบุรี,บ้านโป่ง,2023-05-01,222062.0
3,5542029,ประจวบคีรีขันธ์,ประจวบคีรีขันธ์,2023-05-01,366802.0
3,5542030,ประจวบคีรีขันธ์,ปราณบุรี,2023-05-01,933127.0
3,5542013,ราชบุรี,ปากท่อ,2023-05-01,466551.0
3,5542026,กาญจนบุรี,พนมทวน,2023-05-01,177032.0
3,5542014,ราชบุรี,ราชบุรี,2023-05-01,678798.88
3,5542020,สุพรรณบุรี,ศรีประจันต์,2023-05-01,106052.0
3,5542015,สมุทรสงคราม,สมุทรสงคราม,2023-05-01,922881.0
3,5542016,สมุทรสาคร,สมุทรสาคร,2023-05-01,5348066.0
3,5542012,ราชบุรี,สวนผึ้ง,2023-05-01,137959.0
3,5542018,นครปฐม,สามพราน,2023-05-01,1098999.0
3,5542019,สุพรรณบุรี,สุพรรณบุรี,2023-05-01,613308.0
3,5542023,สุพรรณบุรี,อู่ทอง,2023-05-01,428175.0
3,5542017,สมุทรสาคร,อ้อมน้อย,2023-05-01,2647826.0
3,5542021,สุพรรณบุรี,เดิมบางนางบวช,2023-05-01,224905.0
3,5542028,เพชรบุรี,เพชรบุรี,2023-05-01,1404487.0
3,5542025,กาญจนบุรี,เลาขวัญ,2023-05-01,157718.0
4,5551025,กระบี่,กระบี่,2023-05-01,875957.0
4,5551012,สุราษฎร์ธานี,กาญจนดิษฐ์,2023-05-01,305806.91
4,5551031,นครศรีธรรมราช,ขนอม,2023-05-01,148406.0
4,5551034,กระบี่,คลองท่อม,2023-05-01,126983.0
4,5551030,นครศรีธรรมราช,จันดี,2023-05-01,149464.0
4,5551028,นครศรีธรรมราช,ชะอวด,2023-05-01,101131.23
4,5551017,ชุมพร,ชุมพร,2023-05-01,932626.0
4,5551022,พังงา,ตะกั่วป่า,2023-05-01,199270.0
4,5551027,นครศรีธรรมราช,ทุ่งสง,2023-05-01,513129.0
4,5551019,ชุมพร,ท่าแซะ,2023-05-01,112980.0
4,5551023,พังงา,ท้ายเหมือง,2023-05-01,106347.0
4,5551032,นครศรีธรรมราช,นครศรีธรรมราช,2023-05-01,227419.0
4,5551015,สุราษฎร์ธานี,บ้านตาขุน,2023-05-01,98591.0
4,5551014,สุราษฎร์ธานี,บ้านนาสาร,2023-05-01,172318.0
4,5551029,นครศรีธรรมราช,ปากพนัง,2023-05-01,277749.0
4,5551021,พังงา,พังงา,2023-05-01,225075.0
4,5551024,ภูเก็ต,ภูเก็ต,2023-05-01,2099308.0
4,5551020,ระนอง,ระนอง,2023-05-01,497912.38
4,5551011,สุราษฎร์ธานี,สุราษฎร์ธานี,2023-05-01,1766094.77
4,5551018,ชุมพร,หลังสวน,2023-05-01,336756.0
4,5551026,กระบี่,อ่าวลึก,2023-05-01,94848.0
4,5551033,สุราษฎร์ธานี,เกาะพะงัน,2023-05-01,88963.0
4,5551013,สุราษฎร์ธานี,เกาะสมุย,2023-05-01,584477.0
4,5551016,สุราษฎร์ธานี,ไชยา,2023-05-01,100170.0
5,5552021,ตรัง,กันตัง,2023-05-01,255822.0
5,5552018,ตรัง,ตรัง,2023-05-01,364518.0
5,5552027,นราธิวาส,นราธิวาส,2023-05-01,482486.0
5,5552014,สงขลา,นาทวี,2023-05-01,84165.0
5,5552030,สงขลา,พังลา,2023-05-01,92392.0
5,5552016,พัทลุง,พัทลุง,2023-05-01,404489.0
5,5552024,ยะลา,ยะหา,2023-05-01,66327.0
5,5552020,ตรัง,ย่านตาขาว,2023-05-01,148365.0
5,5552015,สงขลา,ระโนด,2023-05-01,45917.0
5,5552028,นราธิวาส,รือเสาะ,2023-05-01,46958.0
5,5552023,สตูล,ละงู,2023-05-01,204391.73
5,5552011,สงขลา,สงขลา,2023-05-01,1451008.0
5,5552022,สตูล,สตูล,2023-05-01,349422.0
5,5552013,สงขลา,สะเดา,2023-05-01,423121.0
5,5552026,ปัตตานี,สายบุรี,2023-05-01,47805.0
5,5552029,นราธิวาส,สุไหงโก-ลก,2023-05-01,254230.0
5,5552012,สงขลา,หาดใหญ่,2023-05-01,1987809.0
5,5552019,ตรัง,ห้วยยอด,2023-05-01,221515.0
5,5552017,พัทลุง,เขาชัยสน,2023-05-01,56047.0
5,5552025,ยะลา,เบตง,2023-05-01,225737.0
6,5521016,ขอนแก่น,กระนวน,2023-05-01,303070.0
6,5521019,กาฬสินธุ์,กาฬสินธุ์,2023-05-01,598929.0
6,5521020,กาฬสินธุ์,กุฉินารายณ์,2023-05-01,101615.0
6,5521011,ขอนแก่น,ขอนแก่น,2023-05-01,3088010.0
6,5521026,ชัยภูมิ,จัตุรัส,2023-05-01,313301.0
6,5521015,ขอนแก่น,ชนบท,2023-05-01,326375.0
6,5521024,ชัยภูมิ,ชัยภูมิ,2023-05-01,851603.0
6,5521013,ขอนแก่น,ชุมแพ,2023-05-01,376535.0
6,5521014,ขอนแก่น,น้ำพอง,2023-05-01,505258.0
6,5521029,ชัยภูมิ,บำเหน็จณรงค์,2023-05-01,266558.0
6,5521012,ขอนแก่น,บ้านไผ่,2023-05-01,347829.0
6,5521023,มหาสารคาม,พยัคฆภูมิพิสัย,2023-05-01,148523.0
6,5521028,ชัยภูมิ,ภูเขียว,2023-05-01,246905.0
6,5521022,มหาสารคาม,มหาสารคาม,2023-05-01,1071772.0
6,5521030,ร้อยเอ็ด,ร้อยเอ็ด,2023-05-01,758786.0
6,5521021,กาฬสินธุ์,สมเด็จ,2023-05-01,151903.0
6,5521032,ร้อยเอ็ด,สุวรรณภูมิ,2023-05-01,115943.0
6,5521027,ชัยภูมิ,หนองบัวแดง,2023-05-01,135540.0
6,5521017,ขอนแก่น,หนองเรือ,2023-05-01,233837.0
6,5521018,ขอนแก่น,เมืองพล,2023-05-01,235398.0
6,5521025,ชัยภูมิ,แก้งคร้อ,2023-05-01,239260.0
6,5521031,ร้อยเอ็ด,โพนทอง,2023-05-01,168644.0
7,5522012,อุดรธานี,กุมภวาปี,2023-05-01,356551.0
7,5522018,เลย,ด่านซ้าย,2023-05-01,92269.0
7,5522028,นครพนม,ธาตุพนม,2023-05-01,230160.0
7,5522027,นครพนม,นครพนม,2023-05-01,389050.0
7,5522021,บึงกาฬ,บึงกาฬ,2023-05-01,167420.0
7,5522014,อุดรธานี,บ้านดุง,2023-05-01,200428.0
7,5522013,อุดรธานี,บ้านผือ,2023-05-01,194737.0
7,5522029,นครพนม,บ้านแพง,2023-05-01,81412.0
7,5522026,สกลนคร,พังโคน,2023-05-01,231778.0
7,5522019,เลย,วังสะพุง,2023-05-01,193416.0
7,5522030,นครพนม,ศรีสงคราม,2023-05-01,119031.0
7,5522022,หนองคาย,ศรีเชียงใหม่,2023-05-01,109703.0
7,5522024,สกลนคร,สกลนคร,2023-05-01,632846.0
7,5522025,สกลนคร,สว่างแดนดิน,2023-05-01,195671.0
7,5522020,หนองคาย,หนองคาย,2023-05-01,610620.0
7,5522015,หนองบัวลำภู,หนองบัวลำภู,2023-05-01,316111.0
7,5522011,อุดรธานี,อุดรธานี,2023-05-01,2301183.0
7,5522017,เลย,เชียงคาน,2023-05-01,203844.0
7,5522016,เลย,เลย,2023-05-01,585127.0
7,5522023,หนองคาย,โพนพิสัย,2023-05-01,169295.0
8,5532029,ศรีสะเกษ,กันทรลักษ์,2023-05-01,123263.0
8,5532022,บุรีรัมย์,นางรอง,2023-05-01,248051.0
8,5532019,บุรีรัมย์,บุรีรัมย์,2023-05-01,896234.0
8,5532012,อุบลราชธานี,พิบูลมังสาหาร,2023-05-01,133443.0
8,5532018,ยโสธร,มหาชนะชัย,2023-05-01,116580.0
8,5532030,มุกดาหาร,มุกดาหาร,2023-05-01,491008.0
8,5532016,ยโสธร,ยโสธร,2023-05-01,328991.0
8,5532026,สุรินทร์,รัตนบุรี,2023-05-01,188875.0
8,5532023,บุรีรัมย์,ละหานทราย,2023-05-01,268139.0
8,5532021,บุรีรัมย์,ลำปลายมาศ,2023-05-01,122385.0
8,5532028,ศรีสะเกษ,ศรีสะเกษ,2023-05-01,784338.0
8,5532025,สุรินทร์,ศีขรภูมิ,2023-05-01,178103.0
8,5532020,บุรีรัมย์,สตึก,2023-05-01,133734.0
8,5532027,สุรินทร์,สังขะ,2023-05-01,227992.0
8,5532024,สุรินทร์,สุรินทร์,2023-05-01,894149.0
8,5532015,อำนาจเจริญ,อำนาจเจริญ,2023-05-01,253632.0
8,5532011,อุบลราชธานี,อุบลราชธานี,2023-05-01,1601791.0
8,5532014,อุบลราชธานี,เขมราฐ,2023-05-01,188322.0
8,5532013,อุบลราชธานี,เดชอุดม,2023-05-01,209412.0
8,5532017,ยโสธร,เลิงนกทา,2023-05-01,125044.0
9,5511017,เชียงใหม่,จอมทอง,2023-05-01,101180.0
9,5511031,พะเยา,จุน,2023-05-01,115738.0
9,5511029,น่าน,ท่าวังผา,2023-05-01,108284.0
9,5511028,น่าน,น่าน,2023-05-01,375750.0
9,5511021,ลำพูน,บ้านโฮ่ง,2023-05-01,25048.0
9,5511016,เชียงใหม่,ฝาง,2023-05-01,121983.0
9,5511030,พะเยา,พะเยา,2023-05-01,549068.0
9,5511033,เชียงราย,พาน,2023-05-01,180614.0
9,5511027,แพร่,ร้องกวาง,2023-05-01,70568.0
9,5511022,ลำปาง,ลำปาง,2023-05-01,1027048.0
9,5511020,ลำพูน,ลำพูน,2023-05-01,382816.0
9,5511013,เชียงใหม่,สันกำแพง,2023-05-01,377203.0
9,5511012,เชียงใหม่,ฮอด,2023-05-01,70286.0
9,5511023,ลำปาง,เกาะคา,2023-05-01,131059.0
9,5511032,เชียงราย,เชียงราย,2023-05-01,812706.0
9,5511011,เชียงใหม่,เชียงใหม่,2023-05-01,3506069.0
9,5511026,แพร่,เด่นชัย,2023-05-01,127088.0
9,5511024,ลำปาง,เถิน,2023-05-01,163754.0
9,5511034,เชียงราย,เทิง,2023-05-01,59716.0
9,5511035,เชียงราย,เวียงเชียงของ,2023-05-01,88671.0
9,5511025,แพร่,แพร่,2023-05-01,269898.0
9,5511037,เชียงราย,แม่ขะจาน,2023-05-01,69873.0
9,5511014,เชียงใหม่,แม่ริม,2023-05-01,553890.78
9,5511019,แม่ฮ่องสอน,แม่สะเรียง,2023-05-01,136360.0
9,5511036,เชียงราย,แม่สาย,2023-05-01,414012.0
9,5511018,แม่ฮ่องสอน,แม่ฮ่องสอน,2023-05-01,191834.0
9,5511015,เชียงใหม่,แม่แตง,2023-05-01,159479.0
10,5512017,กำแพงเพชร,กำแพงเพชร,2023-05-01,603789.0
10,5512018,กำแพงเพชร,ขาณุวรลักษบุรี,2023-05-01,126124.0
10,5512034,เพชรบูรณ์,ชนแดน,2023-05-01,81494.0
10,5512015,ชัยนาท,ชัยนาท,2023-05-01,271947.0
10,5512031,พิจิตร,ตะพานหิน,2023-05-01,189941.0
10,5512019,ตาก,ตาก,2023-05-01,618093.0
10,5512022,สุโขทัย,ทุ่งเสลี่ยม,2023-05-01,69330.0
10,5512012,นครสวรรค์,ท่าตะโก,2023-05-01,262363.0
10,5512011,นครสวรรค์,นครสวรรค์,2023-05-01,726568.0
10,5512028,พิษณุโลก,นครไทย,2023-05-01,117093.0
10,5512030,พิจิตร,บางมูลนาก,2023-05-01,115040.0
10,5512014,นครสวรรค์,พยุหะคีรี,2023-05-01,259085.2
10,5512029,พิจิตร,พิจิตร,2023-05-01,578676.0
10,5512027,พิษณุโลก,พิษณุโลก,2023-05-01,721168.0
10,5512013,นครสวรรค์,ลาดยาว,2023-05-01,153374.0
10,5512036,เพชรบูรณ์,วิเชียรบุรี,2023-05-01,166408.0
10,5512025,สุโขทัย,ศรีสัชนาลัย,2023-05-01,145181.0
10,5512023,สุโขทัย,ศรีสำโรง,2023-05-01,59917.0
10,5512024,สุโขทัย,สวรรคโลก,2023-05-01,150273.0
10,5512021,สุโขทัย,สุโขทัย,2023-05-01,462697.0
10,5512035,เพชรบูรณ์,หนองไผ่,2023-05-01,159064.0
10,5512033,เพชรบูรณ์,หล่มสัก,2023-05-01,239605.0
10,5512026,อุตรดิตถ์,อุตรดิตถ์,2023-05-01,95025.0
10,5512016,อุทัยธานี,อุทัยธานี,2023-05-01,260719.0
10,5512032,เพชรบูรณ์,เพชรบูรณ์,2023-05-01,418682.0
10,5512020,ตาก,แม่สอด,2023-05-01,813221.0
1,5531032,ปราจีนบุรี,กบินทร์บุรี,2023-06-01,303807.0
1,5531025,จันทบุรี,ขลุง,2023-06-01,277231.0
1,5531027,ตราด,คลองใหญ่,2023-06-01,75443.0
1,5531024,จันทบุรี,จันทบุรี,2023-06-01,1206894.0
1,5531017,ฉะเชิงเทรา,ฉะเชิงเทรา,2023-06-01,974068.0
1,5531011,ชลบุรี,ชลบุรี,2023-06-01,3884736.0
1,5531026,ตราด,ตราด,2023-06-01,533573.0
1,5531019,ฉะเชิงเทรา,บางคล้า,2023-06-01,1737204.0
1,5531018,ฉะเชิงเทรา,บางปะกง,2023-06-01,1197271.0
1,5531022,ระยอง,บ้านฉาง,2023-06-01,2158857.57
1,5531013,ชลบุรี,บ้านบึง,2023-06-01,1177496.0
1,5531031,ปราจีนบุรี,ปราจีนบุรี,2023-06-01,777590.51
1,5531023,ระยอง,ปากน้ำประแสร์,2023-06-01,433908.0
1,5531020,ฉะเชิงเทรา,พนมสารคาม,2023-06-01,526660.0
1,5531014,ชลบุรี,พนัสนิคม,2023-06-01,1653556.0
1,5531012,ชลบุรี,พัทยา,2023-06-01,4215871.0
1,5531021,ระยอง,ระยอง,2023-06-01,1650843.0
1,5531029,สระแก้ว,วัฒนานคร,2023-06-01,118023.0
1,5531015,ชลบุรี,ศรีราชา,2023-06-01,1509655.0
1,5531028,สระแก้ว,สระแก้ว,2023-06-01,324781.0
1,5531030,สระแก้ว,อรัญประเทศ,2023-06-01,428332.0
1,5531016,ชลบุรี,แหลมฉบัง,2023-06-01,2034427.0
2,5541031,นครราชสีมา,ครบุรี,2023-06-01,155997.0
2,5541039,ปทุมธานี,คลองหลวง,2023-06-01,2783195.0
2,5541017,ลพบุรี,ชัยบาดาล,2023-06-01,213718.0
2,5541036,นครราชสีมา,ชุมพวง,2023-06-01,105744.0
2,5541038,นครราชสีมา,ด่านขุนทด,2023-06-01,162671.0
2,5541024,พระนครศรีอยุธยา,ท่าเรือ,2023-06-01,148703.0
2,5541040,ปทุมธานี,ธัญบุรี,2023-06-01,1838542.0
2,5541027,นครนายก,นครนายก,2023-06-01,372043.0
2,5541029,นครราชสีมา,นครราชสีมา,2023-06-01,929919.0
2,5541028,นครนายก,บ้านนา,2023-06-01,282385.0
2,5541014,สระบุรี,บ้านหมอ,2023-06-01,90138.0
2,5541016,ลพบุรี,บ้านหมี่,2023-06-01,365943.0
2,5541025,ปทุมธานี,ปทุมธานี,2023-06-01,2424785.01
2,5541033,นครราชสีมา,ปักธงชัย,2023-06-01,240380.0
2,5541030,นครราชสีมา,ปากช่อง,2023-06-01,418375.0
2,5541022,พระนครศรีอยุธยา,ผักไห่,2023-06-01,42444.0
2,5541021,พระนครศรีอยุธยา,พระนครศรีอยุธยา,2023-06-01,2600363.78
2,5541011,สระบุรี,พระพุทธบาท,2023-06-01,383270.0
2,5541035,นครราชสีมา,พิมาย,2023-06-01,234703.0
2,5541013,สระบุรี,มวกเหล็ก,2023-06-01,537311.0
2,5541026,ปทุมธานี,รังสิต,2023-06-01,4324998.0
2,5541015,ลพบุรี,ลพบุรี,2023-06-01,1366601.0
2,5541020,อ่างทอง,วิเศษชัยชาญ,2023-06-01,100996.0
2,5541018,สิงห์บุรี,สิงห์บุรี,2023-06-01,248570.0
2,5541032,นครราชสีมา,สีคิ้ว,2023-06-01,813663.0
2,5541012,สระบุรี,หนองแค,2023-06-01,943037.0
2,5541019,อ่างทอง,อ่างทอง,2023-06-01,272037.0
2,5541023,พระนครศรีอยุธยา,เสนา,2023-06-01,258332.0
2,5541034,นครราชสีมา,โชคชัย,2023-06-01,323533.0
2,5541037,นครราชสีมา,โนนสูง,2023-06-01,148115.0
3,5542024,กาญจนบุรี,กาญจนบุรี,2023-06-01,715179.0
3,5542031,ประจวบคีรีขันธ์,กุยบุรี,2023-06-01,405221.0
3,5542022,สุพรรณบุรี,ด่านช้าง,2023-06-01,134280.0
3,5542027,กาญจนบุรี,ท่ามะกา,2023-06-01,222019.0
3,5542033,นครปฐม,นครปฐม,2023-06-01,580837.0
3,5542032,ประจวบคีรีขันธ์,บางสะพาน,2023-06-01,268996.0
3,5542011,ราชบุรี,บ้านโป่ง,2023-06-01,213305.0
3,5542029,ประจวบคีรีขันธ์,ประจวบคีรีขันธ์,2023-06-01,355555.0
3,5542030,ประจวบคีรีขันธ์,ปราณบุรี,2023-06-01,854937.0
3,5542013,ราชบุรี,ปากท่อ,2023-06-01,450567.0
3,5542026,กาญจนบุรี,พนมทวน,2023-06-01,169432.0
3,5542014,ราชบุรี,ราชบุรี,2023-06-01,644298.58
3,5542020,สุพรรณบุรี,ศรีประจันต์,2023-06-01,99779.0
3,5542015,สมุทรสงคราม,สมุทรสงคราม,2023-06-01,940121.0
3,5542016,สมุทรสาคร,สมุทรสาคร,2023-06-01,5588441.0
3,5542012,ราชบุรี,สวนผึ้ง,2023-06-01,129831.0
3,5542018,นครปฐม,สามพราน,2023-06-01,1110644.0
3,5542019,สุพรรณบุรี,สุพรรณบุรี,2023-06-01,616436.0
3,5542023,สุพรรณบุรี,อู่ทอง,2023-06-01,401651.0
3,5542017,สมุทรสาคร,อ้อมน้อย,2023-06-01,2729005.0
3,5542021,สุพรรณบุรี,เดิมบางนางบวช,2023-06-01,212036.0
3,5542028,เพชรบุรี,เพชรบุรี,2023-06-01,1397203.0
3,5542025,กาญจนบุรี,เลาขวัญ,2023-06-01,144448.0
4,5551025,กระบี่,กระบี่,2023-06-01,835137.0
4,5551012,สุราษฎร์ธานี,กาญจนดิษฐ์,2023-06-01,301053.67
4,5551031,นครศรีธรรมราช,ขนอม,2023-06-01,132862.0
4,5551034,กระบี่,คลองท่อม,2023-06-01,116999.0
4,5551030,นครศรีธรรมราช,จันดี,2023-06-01,144243.0
4,5551028,นครศรีธรรมราช,ชะอวด,2023-06-01,107415.0
4,5551017,ชุมพร,ชุมพร,2023-06-01,939761.0
4,5551022,พังงา,ตะกั่วป่า,2023-06-01,155253.0
4,5551027,นครศรีธรรมราช,ทุ่งสง,2023-06-01,492606.0
4,5551019,ชุมพร,ท่าแซะ,2023-06-01,112492.0
4,5551023,พังงา,ท้ายเหมือง,2023-06-01,82328.0
4,5551032,นครศรีธรรมราช,นครศรีธรรมราช,2023-06-01,226839.0
4,5551015,สุราษฎร์ธานี,บ้านตาขุน,2023-06-01,90759.0
4,5551014,สุราษฎร์ธานี,บ้านนาสาร,2023-06-01,165773.0
4,5551029,นครศรีธรรมราช,ปากพนัง,2023-06-01,252395.0
4,5551021,พังงา,พังงา,2023-06-01,220797.0
4,5551024,ภูเก็ต,ภูเก็ต,2023-06-01,1914571.0
4,5551020,ระนอง,ระนอง,2023-06-01,478488.0
4,5551011,สุราษฎร์ธานี,สุราษฎร์ธานี,2023-06-01,1728094.58
4,5551018,ชุมพร,หลังสวน,2023-06-01,329714.0
4,5551026,กระบี่,อ่าวลึก,2023-06-01,94221.0
4,5551033,สุราษฎร์ธานี,เกาะพะงัน,2023-06-01,78128.0
4,5551013,สุราษฎร์ธานี,เกาะสมุย,2023-06-01,579883.0
4,5551016,สุราษฎร์ธานี,ไชยา,2023-06-01,92865.0
5,5552021,ตรัง,กันตัง,2023-06-01,230616.0
5,5552018,ตรัง,ตรัง,2023-06-01,356306.0
5,5552027,นราธิวาส,นราธิวาส,2023-06-01,496236.0
5,5552014,สงขลา,นาทวี,2023-06-01,86726.0
5,5552030,สงขลา,พังลา,2023-06-01,93235.0
5,5552016,พัทลุง,พัทลุง,2023-06-01,388818.0
5,5552024,ยะลา,ยะหา,2023-06-01,66463.0
5,5552020,ตรัง,ย่านตาขาว,2023-06-01,138005.0
5,5552015,สงขลา,ระโนด,2023-06-01,43249.0
5,5552028,นราธิวาส,รือเสาะ,2023-06-01,48079.0
5,5552023,สตูล,ละงู,2023-06-01,183228.0
5,5552011,สงขลา,สงขลา,2023-06-01,1442558.0
5,5552022,สตูล,สตูล,2023-06-01,361124.0
5,5552013,สงขลา,สะเดา,2023-06-01,410877.0
5,5552026,ปัตตานี,สายบุรี,2023-06-01,47412.0
5,5552029,นราธิวาส,สุไหงโก-ลก,2023-06-01,245246.0
5,5552012,สงขลา,หาดใหญ่,2023-06-01,2036917.0
5,5552019,ตรัง,ห้วยยอด,2023-06-01,208956.0
5,5552017,พัทลุง,เขาชัยสน,2023-06-01,53017.0
5,5552025,ยะลา,เบตง,2023-06-01,226897.0
6,5521016,ขอนแก่น,กระนวน,2023-06-01,293479.0
6,5521019,กาฬสินธุ์,กาฬสินธุ์,2023-06-01,572143.0
6,5521020,กาฬสินธุ์,กุฉินารายณ์,2023-06-01,92294.0
6,5521011,ขอนแก่น,ขอนแก่น,2023-06-01,2990642.0
6,5521026,ชัยภูมิ,จัตุรัส,2023-06-01,285902.0
6,5521015,ขอนแก่น,ชนบท,2023-06-01,288236.0
6,5521024,ชัยภูมิ,ชัยภูมิ,2023-06-01,805861.0
6,5521013,ขอนแก่น,ชุมแพ,2023-06-01,365786.0
6,5521014,ขอนแก่น,น้ำพอง,2023-06-01,466145.0
6,5521029,ชัยภูมิ,บำเหน็จณรงค์,2023-06-01,248596.0
6,5521012,ขอนแก่น,บ้านไผ่,2023-06-01,314094.0
6,5521023,มหาสารคาม,พยัคฆภูมิพิสัย,2023-06-01,143128.0
6,5521028,ชัยภูมิ,ภูเขียว,2023-06-01,223364.0
6,5521022,มหาสารคาม,มหาสารคาม,2023-06-01,1039186.0
6,5521030,ร้อยเอ็ด,ร้อยเอ็ด,2023-06-01,732434.0
6,5521021,กาฬสินธุ์,สมเด็จ,2023-06-01,138074.0
6,5521032,ร้อยเอ็ด,สุวรรณภูมิ,2023-06-01,110763.0
6,5521027,ชัยภูมิ,หนองบัวแดง,2023-06-01,125036.0
6,5521017,ขอนแก่น,หนองเรือ,2023-06-01,211748.0
6,5521018,ขอนแก่น,เมืองพล,2023-06-01,218637.0
6,5521025,ชัยภูมิ,แก้งคร้อ,2023-06-01,209898.0
6,5521031,ร้อยเอ็ด,โพนทอง,2023-06-01,158535.0
7,5522012,อุดรธานี,กุมภวาปี,2023-06-01,332203.0
7,5522018,เลย,ด่านซ้าย,2023-06-01,89821.0
7,5522028,นครพนม,ธาตุพนม,2023-06-01,216049.0
7,5522027,นครพนม,นครพนม,2023-06-01,365643.0
7,5522021,บึงกาฬ,บึงกาฬ,2023-06-01,176156.0
7,5522014,อุดรธานี,บ้านดุง,2023-06-01,189944.0
7,5522013,อุดรธานี,บ้านผือ,2023-06-01,167261.0
7,5522029,นครพนม,บ้านแพง,2023-06-01,81504.0
7,5522026,สกลนคร,พังโคน,2023-06-01,213441.0
7,5522019,เลย,วังสะพุง,2023-06-01,188197.0
7,5522030,นครพนม,ศรีสงคราม,2023-06-01,103908.0
7,5522022,หนองคาย,ศรีเชียงใหม่,2023-06-01,96700.0
7,5522024,สกลนคร,สกลนคร,2023-06-01,627592.0
7,5522025,สกลนคร,สว่างแดนดิน,2023-06-01,193089.0
7,5522020,หนองคาย,หนองคาย,2023-06-01,559136.0
7,5522015,หนองบัวลำภู,หนองบัวลำภู,2023-06-01,305492.0
7,5522011,อุดรธานี,อุดรธานี,2023-06-01,2240454.0
7,5522017,เลย,เชียงคาน,2023-06-01,183787.0
7,5522016,เลย,เลย,2023-06-01,547699.0
7,5522023,หนองคาย,โพนพิสัย,2023-06-01,157467.0
8,5532029,ศรีสะเกษ,กันทรลักษ์,2023-06-01,115259.0
8,5532022,บุรีรัมย์,นางรอง,2023-06-01,235377.0
8,5532019,บุรีรัมย์,บุรีรัมย์,2023-06-01,863656.0
8,5532012,อุบลราชธานี,พิบูลมังสาหาร,2023-06-01,108592.0
8,5532018,ยโสธร,มหาชนะชัย,2023-06-01,108878.0
8,5532030,มุกดาหาร,มุกดาหาร,2023-06-01,478887.0
8,5532016,ยโสธร,ยโสธร,2023-06-01,294977.0
8,5532026,สุรินทร์,รัตนบุรี,2023-06-01,176541.0
8,5532023,บุรีรัมย์,ละหานทราย,2023-06-01,242991.0
8,5532021,บุรีรัมย์,ลำปลายมาศ,2023-06-01,113051.0
8,5532028,ศรีสะเกษ,ศรีสะเกษ,2023-06-01,715519.0
8,5532025,สุรินทร์,ศีขรภูมิ,2023-06-01,166655.0
8,5532020,บุรีรัมย์,สตึก,2023-06-01,124840.0
8,5532027,สุรินทร์,สังขะ,2023-06-01,215107.3
8,5532024,สุรินทร์,สุรินทร์,2023-06-01,866029.0
8,5532015,อำนาจเจริญ,อำนาจเจริญ,2023-06-01,239373.0
8,5532011,อุบลราชธานี,อุบลราชธานี,2023-06-01,1475020.0
8,5532014,อุบลราชธานี,เขมราฐ,2023-06-01,161613.0
8,5532013,อุบลราชธานี,เดชอุดม,2023-06-01,179820.0
8,5532017,ยโสธร,เลิงนกทา,2023-06-01,120278.0
9,5511017,เชียงใหม่,จอมทอง,2023-06-01,95170.0
9,5511031,พะเยา,จุน,2023-06-01,108731.0
9,5511029,น่าน,ท่าวังผา,2023-06-01,108402.0
9,5511028,น่าน,น่าน,2023-06-01,374570.0
9,5511021,ลำพูน,บ้านโฮ่ง,2023-06-01,21199.0
9,5511016,เชียงใหม่,ฝาง,2023-06-01,124924.0
9,5511030,พะเยา,พะเยา,2023-06-01,533348.0
9,5511033,เชียงราย,พาน,2023-06-01,167952.0
9,5511027,แพร่,ร้องกวาง,2023-06-01,65564.0
9,5511022,ลำปาง,ลำปาง,2023-06-01,934767.0
9,5511020,ลำพูน,ลำพูน,2023-06-01,355949.0
9,5511013,เชียงใหม่,สันกำแพง,2023-06-01,350549.0
9,5511012,เชียงใหม่,ฮอด,2023-06-01,64898.0
9,5511023,ลำปาง,เกาะคา,2023-06-01,121158.0
9,5511032,เชียงราย,เชียงราย,2023-06-01,822086.0
9,5511011,เชียงใหม่,เชียงใหม่,2023-06-01,3281207.0
9,5511026,แพร่,เด่นชัย,2023-06-01,112318.0
9,5511024,ลำปาง,เถิน,2023-06-01,140054.0
9,5511034,เชียงราย,เทิง,2023-06-01,54014.0
9,5511035,เชียงราย,เวียงเชียงของ,2023-06-01,83604.0
9,5511025,แพร่,แพร่,2023-06-01,251986.0
9,5511037,เชียงราย,แม่ขะจาน,2023-06-01,66225.0
9,5511014,เชียงใหม่,แม่ริม,2023-06-01,505630.8
9,5511019,แม่ฮ่องสอน,แม่สะเรียง,2023-06-01,129490.0
9,5511036,เชียงราย,แม่สาย,2023-06-01,411810.0
9,5511018,แม่ฮ่องสอน,แม่ฮ่องสอน,2023-06-01,173667.0
9,5511015,เชียงใหม่,แม่แตง,2023-06-01,152245.0
10,5512017,กำแพงเพชร,กำแพงเพชร,2023-06-01,585343.0
10,5512018,กำแพงเพชร,ขาณุวรลักษบุรี,2023-06-01,122910.0
10,5512034,เพชรบูรณ์,ชนแดน,2023-06-01,72074.0
10,5512015,ชัยนาท,ชัยนาท,2023-06-01,269527.0
10,5512031,พิจิตร,ตะพานหิน,2023-06-01,174635.0
10,5512019,ตาก,ตาก,2023-06-01,554505.0
10,5512022,สุโขทัย,ทุ่งเสลี่ยม,2023-06-01,65165.0
10,5512012,นครสวรรค์,ท่าตะโก,2023-06-01,238803.0
10,5512011,นครสวรรค์,นครสวรรค์,2023-06-01,693075.0
10,5512028,พิษณุโลก,นครไทย,2023-06-01,105946.0
10,5512030,พิจิตร,บางมูลนาก,2023-06-01,106186.0
10,5512014,นครสวรรค์,พยุหะคีรี,2023-06-01,241614.0
10,5512029,พิจิตร,พิจิตร,2023-06-01,525648.0
10,5512027,พิษณุโลก,พิษณุโลก,2023-06-01,692179.0
10,5512013,นครสวรรค์,ลาดยาว,2023-06-01,141788.0
10,5512036,เพชรบูรณ์,วิเชียรบุรี,2023-06-01,148792.0
10,5512025,สุโขทัย,ศรีสัชนาลัย,2023-06-01,128708.0
10,5512023,สุโขทัย,ศรีสำโรง,2023-06-01,57672.0
10,5512024,สุโขทัย,สวรรคโลก,2023-06-01,136812.0
10,5512021,สุโขทัย,สุโขทัย,2023-06-01,420608.0
10,5512035,เพชรบูรณ์,หนองไผ่,2023-06-01,147226.0
10,5512033,เพชรบูรณ์,หล่มสัก,2023-06-01,225071.0
10,5512026,อุตรดิตถ์,อุตรดิตถ์,2023-06-01,87656.0
10,5512016,อุทัยธานี,อุทัยธานี,2023-06-01,242235.0
10,5512032,เพชรบูรณ์,เพชรบูรณ์,2023-06-01,381403.0
10,5512020,ตาก,แม่สอด,2023-06-01,779521.0
1,5531032,ปราจีนบุรี,กบินทร์บุรี,2023-07-01,288012.0
1,5531025,จันทบุรี,ขลุง,2023-07-01,245812.0
1,5531027,ตราด,คลองใหญ่,2023-07-01,66860.0
1,5531024,จันทบุรี,จันทบุรี,2023-07-01,1111469.0
1,5531017,ฉะเชิงเทรา,ฉะเชิงเทรา,2023-07-01,920862.0
1,5531011,ชลบุรี,ชลบุรี,2023-07-01,3731863.0
1,5531026,ตราด,ตราด,2023-07-01,487236.0
1,5531019,ฉะเชิงเทรา,บางคล้า,2023-07-01,1668327.0
1,5531018,ฉะเชิงเทรา,บางปะกง,2023-07-01,1139243.0
1,5531022,ระยอง,บ้านฉาง,2023-07-01,2071559.75
1,5531013,ชลบุรี,บ้านบึง,2023-07-01,1152376.0
1,5531031,ปราจีนบุรี,ปราจีนบุรี,2023-07-01,747717.59
1,5531023,ระยอง,ปากน้ำประแสร์,2023-07-01,399097.0
1,5531020,ฉะเชิงเทรา,พนมสารคาม,2023-07-01,513713.0
1,5531014,ชลบุรี,พนัสนิคม,2023-07-01,1589069.0
1,5531012,ชลบุรี,พัทยา,2023-07-01,4226977.0
1,5531021,ระยอง,ระยอง,2023-07-01,1605431.0
1,5531029,สระแก้ว,วัฒนานคร,2023-07-01,110333.0
1,5531015,ชลบุรี,ศรีราชา,2023-07-01,1522663.0
1,5531028,สระแก้ว,สระแก้ว,2023-07-01,302430.0
1,5531030,สระแก้ว,อรัญประเทศ,2023-07-01,392165.0
1,5531016,ชลบุรี,แหลมฉบัง,2023-07-01,2012783.0
2,5541031,นครราชสีมา,ครบุรี,2023-07-01,147325.0
2,5541039,ปทุมธานี,คลองหลวง,2023-07-01,2605174.0
2,5541017,ลพบุรี,ชัยบาดาล,2023-07-01,187751.0
2,5541036,นครราชสีมา,ชุมพวง,2023-07-01,101574.0
2,5541038,นครราชสีมา,ด่านขุนทด,2023-07-01,156755.0
2,5541024,พระนครศรีอยุธยา,ท่าเรือ,2023-07-01,139814.77
2,5541040,ปทุมธานี,ธัญบุรี,2023-07-01,1706015.0
2,5541027,นครนายก,นครนายก,2023-07-01,405214.0
2,5541029,นครราชสีมา,นครราชสีมา,2023-07-01,876548.0
2,5541028,นครนายก,บ้านนา,2023-07-01,248614.0
2,5541014,สระบุรี,บ้านหมอ,2023-07-01,81544.0
2,5541016,ลพบุรี,บ้านหมี่,2023-07-01,340178.0
2,5541025,ปทุมธานี,ปทุมธานี,2023-07-01,2327860.42
2,5541033,นครราชสีมา,ปักธงชัย,2023-07-01,224980.0
2,5541030,นครราชสีมา,ปากช่อง,2023-07-01,412087.0
2,5541022,พระนครศรีอยุธยา,ผักไห่,2023-07-01,39912.0
2,5541021,พระนครศรีอยุธยา,พระนครศรีอยุธยา,2023-07-01,2440689.54
2,5541011,สระบุรี,พระพุทธบาท,2023-07-01,346153.0
2,5541035,นครราชสีมา,พิมาย,2023-07-01,216832.0
2,5541013,สระบุรี,มวกเหล็ก,2023-07-01,486965.0
2,5541026,ปทุมธานี,รังสิต,2023-07-01,4124606.0
2,5541015,ลพบุรี,ลพบุรี,2023-07-01,1305913.0
2,5541020,อ่างทอง,วิเศษชัยชาญ,2023-07-01,88984.0
2,5541018,สิงห์บุรี,สิงห์บุรี,2023-07-01,230871.0
2,5541032,นครราชสีมา,สีคิ้ว,2023-07-01,769630.0
2,5541012,สระบุรี,หนองแค,2023-07-01,882586.0
2,5541019,อ่างทอง,อ่างทอง,2023-07-01,239810.0
2,5541023,พระนครศรีอยุธยา,เสนา,2023-07-01,237590.0
2,5541034,นครราชสีมา,โชคชัย,2023-07-01,310489.0
2,5541037,นครราชสีมา,โนนสูง,2023-07-01,139776.0
3,5542024,กาญจนบุรี,กาญจนบุรี,2023-07-01,665342.0
3,5542031,ประจวบคีรีขันธ์,กุยบุรี,2023-07-01,366289.0
3,5542022,สุพรรณบุรี,ด่านช้าง,2023-07-01,121229.0
3,5542027,กาญจนบุรี,ท่ามะกา,2023-07-01,208500.0
3,5542033,นครปฐม,นครปฐม,2023-07-01,537307.0
3,5542032,ประจวบคีรีขันธ์,บางสะพาน,2023-07-01,210909.0
3,5542011,ราชบุรี,บ้านโป่ง,2023-07-01,204037.56
3,5542029,ประจวบคีรีขันธ์,ประจวบคีรีขันธ์,2023-07-01,320226.0
3,5542030,ประจวบคีรีขันธ์,ปราณบุรี,2023-07-01,773647.0
3,5542013,ราชบุรี,ปากท่อ,2023-07-01,436998.0
3,5542026,กาญจนบุรี,พนมทวน,2023-07-01,157328.0
3,5542014,ราชบุรี,ราชบุรี,2023-07-01,619333.0
3,5542020,สุพรรณบุรี,ศรีประจันต์,2023-07-01,90859.0
3,5542015,สมุทรสงคราม,สมุทรสงคราม,2023-07-01,868903.0
3,5542016,สมุทรสาคร,สมุทรสาคร,2023-07-01,5308399.0
3,5542012,ราชบุรี,สวนผึ้ง,2023-07-01,114742.0
3,5542018,นครปฐม,สามพราน,2023-07-01,1048597.0
3,5542019,สุพรรณบุรี,สุพรรณบุรี,2023-07-01,561955.28
3,5542023,สุพรรณบุรี,อู่ทอง,2023-07-01,371863.0
3,5542017,สมุทรสาคร,อ้อมน้อย,2023-07-01,2557607.0
3,5542021,สุพรรณบุรี,เดิมบางนางบวช,2023-07-01,190391.0
3,5542028,เพชรบุรี,เพชรบุรี,2023-07-01,1253503.0
3,5542025,กาญจนบุรี,เลาขวัญ,2023-07-01,129463.0
4,5551025,กระบี่,กระบี่,2023-07-01,809816.0
4,5551012,สุราษฎร์ธานี,กาญจนดิษฐ์,2023-07-01,288662.99
4,5551031,นครศรีธรรมราช,ขนอม,2023-07-01,120770.0
4,5551034,กระบี่,คลองท่อม,2023-07-01,105178.0
4,5551030,นครศรีธรรมราช,จันดี,2023-07-01,132191.0
4,5551028,นครศรีธรรมราช,ชะอวด,2023-07-01,95362.0
4,5551017,ชุมพร,ชุมพร,2023-07-01,849078.0
4,5551022,พังงา,ตะกั่วป่า,2023-07-01,133352.0
4,5551027,นครศรีธรรมราช,ทุ่งสง,2023-07-01,473755.0
4,5551019,ชุมพร,ท่าแซะ,2023-07-01,93302.0
4,5551023,พังงา,ท้ายเหมือง,2023-07-01,79259.0
4,5551032,นครศรีธรรมราช,นครศรีธรรมราช,2023-07-01,221681.0
4,5551015,สุราษฎร์ธานี,บ้านตาขุน,2023-07-01,91652.0
4,5551014,สุราษฎร์ธานี,บ้านนาสาร,2023-07-01,159700.0
4,5551029,นครศรีธรรมราช,ปากพนัง,2023-07-01,237931.0
4,5551021,พังงา,พังงา,2023-07-01,211931.0
4,5551024,ภูเก็ต,ภูเก็ต,2023-07-01,1890958.0
4,5551020,ระนอง,ระนอง,2023-07-01,429968.33
4,5551011,สุราษฎร์ธานี,สุราษฎร์ธานี,2023-07-01,1669762.42
4,5551018,ชุมพร,หลังสวน,2023-07-01,381740.0
4,5551026,กระบี่,อ่าวลึก,2023-07-01,88051.0
4,5551033,สุราษฎร์ธานี,เกาะพะงัน,2023-07-01,52278.0
4,5551013,สุราษฎร์ธานี,เกาะสมุย,2023-07-01,523790.0
4,5551016,สุราษฎร์ธานี,ไชยา,2023-07-01,86730.0
5,5552021,ตรัง,กันตัง,2023-07-01,219673.0
5,5552018,ตรัง,ตรัง,2023-07-01,337226.0
5,5552027,นราธิวาส,นราธิวาส,2023-07-01,482700.0
5,5552014,สงขลา,นาทวี,2023-07-01,81475.0
5,5552030,สงขลา,พังลา,2023-07-01,87962.0
5,5552016,พัทลุง,พัทลุง,2023-07-01,381004.0
5,5552024,ยะลา,ยะหา,2023-07-01,65251.0
5,5552020,ตรัง,ย่านตาขาว,2023-07-01,135079.0
5,5552015,สงขลา,ระโนด,2023-07-01,41951.0
5,5552028,นราธิวาส,รือเสาะ,2023-07-01,48986.67
5,5552023,สตูล,ละงู,2023-07-01,187571.0
5,5552011,สงขลา,สงขลา,2023-07-01,1414729.0
5,5552022,สตูล,สตูล,2023-07-01,351754.0
5,5552013,สงขลา,สะเดา,2023-07-01,385490.0
5,5552026,ปัตตานี,สายบุรี,2023-07-01,45526.0
5,5552029,นราธิวาส,สุไหงโก-ลก,2023-07-01,236224.0
5,5552012,สงขลา,หาดใหญ่,2023-07-01,1970303.0
5,5552019,ตรัง,ห้วยยอด,2023-07-01,198963.0
5,5552017,พัทลุง,เขาชัยสน,2023-07-01,51733.0
5,5552025,ยะลา,เบตง,2023-07-01,225536.0
6,5521016,ขอนแก่น,กระนวน,2023-07-01,239815.0
6,5521019,กาฬสินธุ์,กาฬสินธุ์,2023-07-01,529937.0
6,5521020,กาฬสินธุ์,กุฉินารายณ์,2023-07-01,81841.0
6,5521011,ขอนแก่น,ขอนแก่น,2023-07-01,2872017.0
6,5521026,ชัยภูมิ,จัตุรัส,2023-07-01,269259.0
6,5521015,ขอนแก่น,ชนบท,2023-07-01,265137.0
6,5521024,ชัยภูมิ,ชัยภูมิ,2023-07-01,764975.0
6,5521013,ขอนแก่น,ชุมแพ,2023-07-01,341647.0
6,5521014,ขอนแก่น,น้ำพอง,2023-07-01,407134.0
6,5521029,ชัยภูมิ,บำเหน็จณรงค์,2023-07-01,236482.0
6,5521012,ขอนแก่น,บ้านไผ่,2023-07-01,296033.0
6,5521023,มหาสารคาม,พยัคฆภูมิพิสัย,2023-07-01,131320.44
6,5521028,ชัยภูมิ,ภูเขียว,2023-07-01,208681.0
6,5521022,มหาสารคาม,มหาสารคาม,2023-07-01,1030283.0
6,5521030,ร้อยเอ็ด,ร้อยเอ็ด,2023-07-01,670870.0
6,5521021,กาฬสินธุ์,สมเด็จ,2023-07-01,123026.0
6,5521032,ร้อยเอ็ด,สุวรรณภูมิ,2023-07-01,98651.0
6,5521027,ชัยภูมิ,หนองบัวแดง,2023-07-01,122881.0
6,5521017,ขอนแก่น,หนองเรือ,2023-07-01,187679.0
6,5521018,ขอนแก่น,เมืองพล,2023-07-01,216863.0
6,5521025,ชัยภูมิ,แก้งคร้อ,2023-07-01,192395.0
6,5521031,ร้อยเอ็ด,โพนทอง,2023-07-01,141606.0
7,5522012,อุดรธานี,กุมภวาปี,2023-07-01,281397.0
7,5522018,เลย,ด่านซ้าย,2023-07-01,83357.0
7,5522028,นครพนม,ธาตุพนม,2023-07-01,191031.0
7,5522027,นครพนม,นครพนม,2023-07-01,332170.0
7,5522021,บึงกาฬ,บึงกาฬ,2023-07-01,147550.0
7,5522014,อุดรธานี,บ้านดุง,2023-07-01,169996.0
7,5522013,อุดรธานี,บ้านผือ,2023-07-01,152093.0
7,5522029,นครพนม,บ้านแพง,2023-07-01,71299.0
7,5522026,สกลนคร,พังโคน,2023-07-01,191959.0
7,5522019,เลย,วังสะพุง,2023-07-01,175346.0
7,5522030,นครพนม,ศรีสงคราม,2023-07-01,96252.0
7,5522022,หนองคาย,ศรีเชียงใหม่,2023-07-01,89125.0
7,5522024,สกลนคร,สกลนคร,2023-07-01,606272.0
7,5522025,สกลนคร,สว่างแดนดิน,2023-07-01,171549.0
7,5522020,หนองคาย,หนองคาย,2023-07-01,504126.0
7,5522015,หนองบัวลำภู,หนองบัวลำภู,2023-07-01,272298.0
7,5522011,อุดรธานี,อุดรธานี,2023-07-01,2078632.0
7,5522017,เลย,เชียงคาน,2023-07-01,174477.0
7,5522016,เลย,เลย,2023-07-01,511136.0
7,5522023,หนองคาย,โพนพิสัย,2023-07-01,140260.0
8,5532029,ศรีสะเกษ,กันทรลักษ์,2023-07-01,108405.0
8,5532022,บุรีรัมย์,นางรอง,2023-07-01,223540.0
8,5532019,บุรีรัมย์,บุรีรัมย์,2023-07-01,789692.0
8,5532012,อุบลราชธานี,พิบูลมังสาหาร,2023-07-01,105881.0
8,5532018,ยโสธร,มหาชนะชัย,2023-07-01,98611.0
8,5532030,มุกดาหาร,มุกดาหาร,2023-07-01,426375.0
8,5532016,ยโสธร,ยโสธร,2023-07-01,281370.0
8,5532026,สุรินทร์,รัตนบุรี,2023-07-01,161229.0
8,5532023,บุรีรัมย์,ละหานทราย,2023-07-01,219296.0
8,5532021,บุรีรัมย์,ลำปลายมาศ,2023-07-01,103005.0
8,5532028,ศรีสะเกษ,ศรีสะเกษ,2023-07-01,701113.0
8,5532025,สุรินทร์,ศีขรภูมิ,2023-07-01,149737.0
8,5532020,บุรีรัมย์,สตึก,2023-07-01,118245.0
8,5532027,สุรินทร์,สังขะ,2023-07-01,201969.0
8,5532024,สุรินทร์,สุรินทร์,2023-07-01,822150.0
8,5532015,อำนาจเจริญ,อำนาจเจริญ,2023-07-01,225921.0
8,5532011,อุบลราชธานี,อุบลราชธานี,2023-07-01,1448113.0
8,5532014,อุบลราชธานี,เขมราฐ,2023-07-01,152606.0
8,5532013,อุบลราชธานี,เดชอุดม,2023-07-01,169701.0
8,5532017,ยโสธร,เลิงนกทา,2023-07-01,105050.0
9,5511017,เชียงใหม่,จอมทอง,2023-07-01,88755.0
9,5511031,พะเยา,จุน,2023-07-01,97822.0
9,5511029,น่าน,ท่าวังผา,2023-07-01,101128.0
9,5511028,น่าน,น่าน,2023-07-01,345149.0
9,5511021,ลำพูน,บ้านโฮ่ง,2023-07-01,19688.0
9,5511016,เชียงใหม่,ฝาง,2023-07-01,116629.0
9,5511030,พะเยา,พะเยา,2023-07-01,508607.0
9,5511033,เชียงราย,พาน,2023-07-01,153035.0
9,5511027,แพร่,ร้องกวาง,2023-07-01,57372.0
9,5511022,ลำปาง,ลำปาง,2023-07-01,876825.0
9,5511020,ลำพูน,ลำพูน,2023-07-01,345941.0
9,5511013,เชียงใหม่,สันกำแพง,2023-07-01,320879.0
9,5511012,เชียงใหม่,ฮอด,2023-07-01,59024.0
9,5511023,ลำปาง,เกาะคา,2023-07-01,107461.0
9,5511032,เชียงราย,เชียงราย,2023-07-01,759655.0
9,5511011,เชียงใหม่,เชียงใหม่,2023-07-01,3177561.0
9,5511026,แพร่,เด่นชัย,2023-07-01,101843.8
9,5511024,ลำปาง,เถิน,2023-07-01,128011.0
9,5511034,เชียงราย,เทิง,2023-07-01,54351.0
9,5511035,เชียงราย,เวียงเชียงของ,2023-07-01,78345.0
9,5511025,แพร่,แพร่,2023-07-01,234050.0
9,5511037,เชียงราย,แม่ขะจาน,2023-07-01,60481.0
9,5511014,เชียงใหม่,แม่ริม,2023-07-01,475973.23
9,5511019,แม่ฮ่องสอน,แม่สะเรียง,2023-07-01,114019.0
9,5511036,เชียงราย,แม่สาย,2023-07-01,383048.0
9,5511018,แม่ฮ่องสอน,แม่ฮ่องสอน,2023-07-01,156423.0
9,5511015,เชียงใหม่,แม่แตง,2023-07-01,151420.0
10,5512017,กำแพงเพชร,กำแพงเพชร,2023-07-01,532857.0
10,5512018,กำแพงเพชร,ขาณุวรลักษบุรี,2023-07-01,109509.0
10,5512034,เพชรบูรณ์,ชนแดน,2023-07-01,64524.0
10,5512015,ชัยนาท,ชัยนาท,2023-07-01,247124.35
10,5512031,พิจิตร,ตะพานหิน,2023-07-01,154157.0
10,5512019,ตาก,ตาก,2023-07-01,525068.0
10,5512022,สุโขทัย,ทุ่งเสลี่ยม,2023-07-01,57774.0
10,5512012,นครสวรรค์,ท่าตะโก,2023-07-01,221163.0
10,5512011,นครสวรรค์,นครสวรรค์,2023-07-01,621980.0
10,5512028,พิษณุโลก,นครไทย,2023-07-01,98411.0
10,5512030,พิจิตร,บางมูลนาก,2023-07-01,96369.0
10,5512014,นครสวรรค์,พยุหะคีรี,2023-07-01,217175.0
10,5512029,พิจิตร,พิจิตร,2023-07-01,487585.0
10,5512027,พิษณุโลก,พิษณุโลก,2023-07-01,652910.0
10,5512013,นครสวรรค์,ลาดยาว,2023-07-01,129231.0
10,5512036,เพชรบูรณ์,วิเชียรบุรี,2023-07-01,140400.0
10,5512025,สุโขทัย,ศรีสัชนาลัย,2023-07-01,119787.0
10,5512023,สุโขทัย,ศรีสำโรง,2023-07-01,52189.0
10,5512024,สุโขทัย,สวรรคโลก,2023-07-01,122922.0
10,5512021,สุโขทัย,สุโขทัย,2023-07-01,378992.0
10,5512035,เพชรบูรณ์,หนองไผ่,2023-07-01,133104.0
10,5512033,เพชรบูรณ์,หล่มสัก,2023-07-01,206687.0
10,5512026,อุตรดิตถ์,อุตรดิตถ์,2023-07-01,81938.0
10,5512016,อุทัยธานี,อุทัยธานี,2023-07-01,218744.0
10,5512032,เพชรบูรณ์,เพชรบูรณ์,2023-07-01,366147.0
10,5512020,ตาก,แม่สอด,2023-07-01,716017.0
1,5531032,ปราจีนบุรี,กบินทร์บุรี,2023-08-01,289043.0
1,5531025,จันทบุรี,ขลุง,2023-08-01,244645.0
1,5531027,ตราด,คลองใหญ่,2023-08-01,69948.0
1,5531024,จันทบุรี,จันทบุรี,2023-08-01,1124507.0
1,5531017,ฉะเชิงเทรา,ฉะเชิงเทรา,2023-08-01,934812.0
1,5531011,ชลบุรี,ชลบุรี,2023-08-01,3825317.0
1,5531026,ตราด,ตราด,2023-08-01,497343.0
1,5531019,ฉะเชิงเทรา,บางคล้า,2023-08-01,1673243.0
1,5531018,ฉะเชิงเทรา,บางปะกง,2023-08-01,1133155.0
1,5531022,ระยอง,บ้านฉาง,2023-08-01,2090998.39
1,5531013,ชลบุรี,บ้านบึง,2023-08-01,1164917.0
1,5531031,ปราจีนบุรี,ปราจีนบุรี,2023-08-01,744995.04
1,5531023,ระยอง,ปากน้ำประแสร์,2023-08-01,414143.0
1,5531020,ฉะเชิงเทรา,พนมสารคาม,2023-08-01,493051.0
1,5531014,ชลบุรี,พนัสนิคม,2023-08-01,1588222.0
1,5531012,ชลบุรี,พัทยา,2023-08-01,4357806.07
1,5531021,ระยอง,ระยอง,2023-08-01,1628575.0
1,5531029,สระแก้ว,วัฒนานคร,2023-08-01,105671.0
1,5531015,ชลบุรี,ศรีราชา,2023-08-01,1520200.0
1,5531028,สระแก้ว,สระแก้ว,2023-08-01,308906.0
1,5531030,สระแก้ว,อรัญประเทศ,2023-08-01,399175.0
1,5531016,ชลบุรี,แหลมฉบัง,2023-08-01,2075553.0
2,5541031,นครราชสีมา,ครบุรี,2023-08-01,156602.0
2,5541039,ปทุมธานี,คลองหลวง,2023-08-01,2681772.0
2,5541017,ลพบุรี,ชัยบาดาล,2023-08-01,192844.0
2,5541036,นครราชสีมา,ชุมพวง,2023-08-01,100991.0
2,5541038,นครราชสีมา,ด่านขุนทด,2023-08-01,159687.0
2,5541024,พระนครศรีอยุธยา,ท่าเรือ,2023-08-01,139663.77
2,5541040,ปทุมธานี,ธัญบุรี,2023-08-01,1761003.0
2,5541027,นครนายก,นครนายก,2023-08-01,360812.0
2,5541029,นครราชสีมา,นครราชสีมา,2023-08-01,882724.0
2,5541028,นครนายก,บ้านนา,2023-08-01,269616.0
2,5541014,สระบุรี,บ้านหมอ,2023-08-01,85676.0
2,5541016,ลพบุรี,บ้านหมี่,2023-08-01,339304.0
2,5541025,ปทุมธานี,ปทุมธานี,2023-08-01,2373687.2
2,5541033,นครราชสีมา,ปักธงชัย,2023-08-01,241074.0
2,5541030,นครราชสีมา,ปากช่อง,2023-08-01,423362.0
2,5541022,พระนครศรีอยุธยา,ผักไห่,2023-08-01,40661.0
2,5541021,พระนครศรีอยุธยา,พระนครศรีอยุธยา,2023-08-01,2493049.0
2,5541011,สระบุรี,พระพุทธบาท,2023-08-01,353513.0
2,5541035,นครราชสีมา,พิมาย,2023-08-01,218870.0
2,5541013,สระบุรี,มวกเหล็ก,2023-08-01,482043.0
2,5541026,ปทุมธานี,รังสิต,2023-08-01,4197901.0
2,5541015,ลพบุรี,ลพบุรี,2023-08-01,1309665.0
2,5541020,อ่างทอง,วิเศษชัยชาญ,2023-08-01,95387.0
2,5541018,สิงห์บุรี,สิงห์บุรี,2023-08-01,234357.0
2,5541032,นครราชสีมา,สีคิ้ว,2023-08-01,773621.0
2,5541012,สระบุรี,หนองแค,2023-08-01,857987.0
2,5541019,อ่างทอง,อ่างทอง,2023-08-01,249422.0
2,5541023,พระนครศรีอยุธยา,เสนา,2023-08-01,251661.0
2,5541034,นครราชสีมา,โชคชัย,2023-08-01,332212.0
2,5541037,นครราชสีมา,โนนสูง,2023-08-01,142241.0
3,5542024,กาญจนบุรี,กาญจนบุรี,2023-08-01,660953.0
3,5542031,ประจวบคีรีขันธ์,กุยบุรี,2023-08-01,371557.0
3,5542022,สุพรรณบุรี,ด่านช้าง,2023-08-01,127134.0
3,5542027,กาญจนบุรี,ท่ามะกา,2023-08-01,204384.0
3,5542033,นครปฐม,นครปฐม,2023-08-01,534089.0
3,5542032,ประจวบคีรีขันธ์,บางสะพาน,2023-08-01,213124.0
3,5542011,ราชบุรี,บ้านโป่ง,2023-08-01,207761.72
3,5542029,ประจวบคีรีขันธ์,ประจวบคีรีขันธ์,2023-08-01,326177.0
3,5542030,ประจวบคีรีขันธ์,ปราณบุรี,2023-08-01,800127.33
3,5542013,ราชบุรี,ปากท่อ,2023-08-01,451187.0
3,5542026,กาญจนบุรี,พนมทวน,2023-08-01,156191.0
3,5542014,ราชบุรี,ราชบุรี,2023-08-01,644764.12
3,5542020,สุพรรณบุรี,ศรีประจันต์,2023-08-01,93677.0
3,5542015,สมุทรสงคราม,สมุทรสงคราม,2023-08-01,877719.0
3,5542016,สมุทรสาคร,สมุทรสาคร,2023-08-01,5358506.0
3,5542012,ราชบุรี,สวนผึ้ง,2023-08-01,119829.0
3,5542018,นครปฐม,สามพราน,2023-08-01,1083214.0
3,5542019,สุพรรณบุรี,สุพรรณบุรี,2023-08-01,578977.0
3,5542023,สุพรรณบุรี,อู่ทอง,2023-08-01,380076.0
3,5542017,สมุทรสาคร,อ้อมน้อย,2023-08-01,2643737.0
3,5542021,สุพรรณบุรี,เดิมบางนางบวช,2023-08-01,203667.0
3,5542028,เพชรบุรี,เพชรบุรี,2023-08-01,1307944.0
3,5542025,กาญจนบุรี,เลาขวัญ,2023-08-01,131752.0
4,5551025,กระบี่,กระบี่,2023-08-01,788279.0
4,5551012,สุราษฎร์ธานี,กาญจนดิษฐ์,2023-08-01,293445.63
4,5551031,นครศรีธรรมราช,ขนอม,2023-08-01,129571.0
4,5551034,กระบี่,คลองท่อม,2023-08-01,104642.0
4,5551030,นครศรีธรรมราช,จันดี,2023-08-01,131481.0
4,5551028,นครศรีธรรมราช,ชะอวด,2023-08-01,93920.0
4,5551017,ชุมพร,ชุมพร,2023-08-01,864393.0
4,5551022,พังงา,ตะกั่วป่า,2023-08-01,131337.0
4,5551027,นครศรีธรรมราช,ทุ่งสง,2023-08-01,480174.0
4,5551019,ชุมพร,ท่าแซะ,2023-08-01,92337.08
4,5551023,พังงา,ท้ายเหมือง,2023-08-01,79423.0
4,5551032,นครศรีธรรมราช,นครศรีธรรมราช,2023-08-01,230738.0
4,5551015,สุราษฎร์ธานี,บ้านตาขุน,2023-08-01,87151.0
4,5551014,สุราษฎร์ธานี,บ้านนาสาร,2023-08-01,160274.0
4,5551029,นครศรีธรรมราช,ปากพนัง,2023-08-01,255835.0
4,5551021,พังงา,พังงา,2023-08-01,210091.0
4,5551024,ภูเก็ต,ภูเก็ต,2023-08-01,1841609.0
4,5551020,ระนอง,ระนอง,2023-08-01,431821.0
4,5551011,สุราษฎร์ธานี,สุราษฎร์ธานี,2023-08-01,1687277.77
4,5551018,ชุมพร,หลังสวน,2023-08-01,394415.0
4,5551026,กระบี่,อ่าวลึก,2023-08-01,83983.0
4,5551033,สุราษฎร์ธานี,เกาะพะงัน,2023-08-01,56219.0
4,5551013,สุราษฎร์ธานี,เกาะสมุย,2023-08-01,517620.4
4,5551016,สุราษฎร์ธานี,ไชยา,2023-08-01,88405.0
5,5552021,ตรัง,กันตัง,2023-08-01,219367.0
5,5552018,ตรัง,ตรัง,2023-08-01,344157.0
5,5552027,นราธิวาส,นราธิวาส,2023-08-01,495387.0
5,5552014,สงขลา,นาทวี,2023-08-01,81008.0
5,5552030,สงขลา,พังลา,2023-08-01,91345.0
5,5552016,พัทลุง,พัทลุง,2023-08-01,379466.0
5,5552024,ยะลา,ยะหา,2023-08-01,69448.0
5,5552020,ตรัง,ย่านตาขาว,2023-08-01,128030.0
5,5552015,สงขลา,ระโนด,2023-08-01,43594.0
5,5552028,นราธิวาส,รือเสาะ,2023-08-01,46417.0
5,5552023,สตูล,ละงู,2023-08-01,170229.0
5,5552011,สงขลา,สงขลา,2023-08-01,1492863.0
5,5552022,สตูล,สตูล,2023-08-01,351536.0
5,5552013,สงขลา,สะเดา,2023-08-01,388953.0
5,5552026,ปัตตานี,สายบุรี,2023-08-01,44506.0
5,5552029,นราธิวาส,สุไหงโก-ลก,2023-08-01,239178.0
5,5552012,สงขลา,หาดใหญ่,2023-08-01,2048938.0
5,5552019,ตรัง,ห้วยยอด,2023-08-01,196638.0
5,5552017,พัทลุง,เขาชัยสน,2023-08-01,49766.0
5,5552025,ยะลา,เบตง,2023-08-01,234568.0
6,5521016,ขอนแก่น,กระนวน,2023-08-01,267867.0
6,5521019,กาฬสินธุ์,กาฬสินธุ์,2023-08-01,541126.0
6,5521020,กาฬสินธุ์,กุฉินารายณ์,2023-08-01,84170.0
6,5521011,ขอนแก่น,ขอนแก่น,2023-08-01,2979653.0
6,5521026,ชัยภูมิ,จัตุรัส,2023-08-01,259489.0
6,5521015,ขอนแก่น,ชนบท,2023-08-01,259208.0
6,5521024,ชัยภูมิ,ชัยภูมิ,2023-08-01,753110.0
6,5521013,ขอนแก่น,ชุมแพ,2023-08-01,334618.0
6,5521014,ขอนแก่น,น้ำพอง,2023-08-01,414570.0
6,5521029,ชัยภูมิ,บำเหน็จณรงค์,2023-08-01,233954.0
6,5521012,ขอนแก่น,บ้านไผ่,2023-08-01,299509.0
6,5521023,มหาสารคาม,พยัคฆภูมิพิสัย,2023-08-01,131865.97
6,5521028,ชัยภูมิ,ภูเขียว,2023-08-01,203060.0
6,5521022,มหาสารคาม,มหาสารคาม,2023-08-01,1084764.0
6,5521030,ร้อยเอ็ด,ร้อยเอ็ด,2023-08-01,677803.0
6,5521021,กาฬสินธุ์,สมเด็จ,2023-08-01,124850.0
6,5521032,ร้อยเอ็ด,สุวรรณภูมิ,2023-08-01,100518.0
6,5521027,ชัยภูมิ,หนองบัวแดง,2023-08-01,119750.0
6,5521017,ขอนแก่น,หนองเรือ,2023-08-01,190895.0
6,5521018,ขอนแก่น,เมืองพล,2023-08-01,205900.0
6,5521025,ชัยภูมิ,แก้งคร้อ,2023-08-01,194451.0
6,5521031,ร้อยเอ็ด,โพนทอง,2023-08-01,144893.0
7,5522012,อุดรธานี,กุมภวาปี,2023-08-01,293448.0
7,5522018,เลย,ด่านซ้าย,2023-08-01,83643.0
7,5522028,นครพนม,ธาตุพนม,2023-08-01,191429.0
7,5522027,นครพนม,นครพนม,2023-08-01,357707.0
7,5522021,บึงกาฬ,บึงกาฬ,2023-08-01,149371.0
7,5522014,อุดรธานี,บ้านดุง,2023-08-01,168120.0
7,5522013,อุดรธานี,บ้านผือ,2023-08-01,158074.0
7,5522029,นครพนม,บ้านแพง,2023-08-01,80050.0
7,5522026,สกลนคร,พังโคน,2023-08-01,194087.0
7,5522019,เลย,วังสะพุง,2023-08-01,176501.0
7,5522030,นครพนม,ศรีสงคราม,2023-08-01,106949.0
7,5522022,หนองคาย,ศรีเชียงใหม่,2023-08-01,90057.0
7,5522024,สกลนคร,สกลนคร,2023-08-01,603742.0
7,5522025,สกลนคร,สว่างแดนดิน,2023-08-01,187030.0
7,5522020,หนองคาย,หนองคาย,2023-08-01,520834.0
7,5522015,หนองบัวลำภู,หนองบัวลำภู,2023-08-01,276082.0
7,5522011,อุดรธานี,อุดรธานี,2023-08-01,2130341.0
7,5522017,เลย,เชียงคาน,2023-08-01,173829.0
7,5522016,เลย,เลย,2023-08-01,502930.0
7,5522023,หนองคาย,โพนพิสัย,2023-08-01,140087.0
8,5532029,ศรีสะเกษ,กันทรลักษ์,2023-08-01,111116.0
8,5532022,บุรีรัมย์,นางรอง,2023-08-01,231365.0
8,5532019,บุรีรัมย์,บุรีรัมย์,2023-08-01,807720.0
8,5532012,อุบลราชธานี,พิบูลมังสาหาร,2023-08-01,108923.0
8,5532018,ยโสธร,มหาชนะชัย,2023-08-01,97145.0
8,5532030,มุกดาหาร,มุกดาหาร,2023-08-01,436339.0
8,5532016,ยโสธร,ยโสธร,2023-08-01,283762.0
8,5532026,สุรินทร์,รัตนบุรี,2023-08-01,165526.0
8,5532023,บุรีรัมย์,ละหานทราย,2023-08-01,230688.0
8,5532021,บุรีรัมย์,ลำปลายมาศ,2023-08-01,107890.0
8,5532028,ศรีสะเกษ,ศรีสะเกษ,2023-08-01,713200.0
8,5532025,สุรินทร์,ศีขรภูมิ,2023-08-01,153329.0
8,5532020,บุรีรัมย์,สตึก,2023-08-01,118610.0
8,5532027,สุรินทร์,สังขะ,2023-08-01,205678.0
8,5532024,สุรินทร์,สุรินทร์,2023-08-01,820825.0
8,5532015,อำนาจเจริญ,อำนาจเจริญ,2023-08-01,229820.0
8,5532011,อุบลราชธานี,อุบลราชธานี,2023-08-01,1524741.0
8,5532014,อุบลราชธานี,เขมราฐ,2023-08-01,155832.0
8,5532013,อุบลราชธานี,เดชอุดม,2023-08-01,178766.0
8,5532017,ยโสธร,เลิงนกทา,2023-08-01,103429.0
9,5511017,เชียงใหม่,จอมทอง,2023-08-01,90171.0
9,5511031,พะเยา,จุน,2023-08-01,97793.0
9,5511029,น่าน,ท่าวังผา,2023-08-01,95795.0
9,5511028,น่าน,น่าน,2023-08-01,349453.0
9,5511021,ลำพูน,บ้านโฮ่ง,2023-08-01,20072.0
9,5511016,เชียงใหม่,ฝาง,2023-08-01,118320.0
9,5511030,พะเยา,พะเยา,2023-08-01,510735.0
9,5511033,เชียงราย,พาน,2023-08-01,154737.0
9,5511027,แพร่,ร้องกวาง,2023-08-01,59529.0
9,5511022,ลำปาง,ลำปาง,2023-08-01,881653.0
9,5511020,ลำพูน,ลำพูน,2023-08-01,346996.0
9,5511013,เชียงใหม่,สันกำแพง,2023-08-01,310865.0
9,5511012,เชียงใหม่,ฮอด,2023-08-01,57914.0
9,5511023,ลำปาง,เกาะคา,2023-08-01,108930.0
9,5511032,เชียงราย,เชียงราย,2023-08-01,790749.0
9,5511011,เชียงใหม่,เชียงใหม่,2023-08-01,3262304.0
9,5511026,แพร่,เด่นชัย,2023-08-01,100576.0
9,5511024,ลำปาง,เถิน,2023-08-01,130783.0
9,5511034,เชียงราย,เทิง,2023-08-01,52819.0
9,5511035,เชียงราย,เวียงเชียงของ,2023-08-01,79209.0
9,5511025,แพร่,แพร่,2023-08-01,235204.0
9,5511037,เชียงราย,แม่ขะจาน,2023-08-01,62691.0
9,5511014,เชียงใหม่,แม่ริม,2023-08-01,489912.07
9,5511019,แม่ฮ่องสอน,แม่สะเรียง,2023-08-01,116800.0
9,5511036,เชียงราย,แม่สาย,2023-08-01,387718.0
9,5511018,แม่ฮ่องสอน,แม่ฮ่องสอน,2023-08-01,165789.0
9,5511015,เชียงใหม่,แม่แตง,2023-08-01,155804.0
10,5512017,กำแพงเพชร,กำแพงเพชร,2023-08-01,539497.0
10,5512018,กำแพงเพชร,ขาณุวรลักษบุรี,2023-08-01,113656.0
10,5512034,เพชรบูรณ์,ชนแดน,2023-08-01,63142.0
10,5512015,ชัยนาท,ชัยนาท,2023-08-01,257117.52
10,5512031,พิจิตร,ตะพานหิน,2023-08-01,160746.0
10,5512019,ตาก,ตาก,2023-08-01,534912.0
10,5512022,สุโขทัย,ทุ่งเสลี่ยม,2023-08-01,63237.0
10,5512012,นครสวรรค์,ท่าตะโก,2023-08-01,229362.0
10,5512011,นครสวรรค์,นครสวรรค์,2023-08-01,651189.0
10,5512028,พิษณุโลก,นครไทย,2023-08-01,100272.0
10,5512030,พิจิตร,บางมูลนาก,2023-08-01,97890.0
10,5512014,นครสวรรค์,พยุหะคีรี,2023-08-01,217420.0
10,5512029,พิจิตร,พิจิตร,2023-08-01,493447.0
10,5512027,พิษณุโลก,พิษณุโลก,2023-08-01,661600.0
10,5512013,นครสวรรค์,ลาดยาว,2023-08-01,130638.0
10,5512036,เพชรบูรณ์,วิเชียรบุรี,2023-08-01,136840.0
10,5512025,สุโขทัย,ศรีสัชนาลัย,2023-08-01,125070.0
10,5512023,สุโขทัย,ศรีสำโรง,2023-08-01,51706.0
10,5512024,สุโขทัย,สวรรคโลก,2023-08-01,127114.0
10,5512021,สุโขทัย,สุโขทัย,2023-08-01,395844.0
10,5512035,เพชรบูรณ์,หนองไผ่,2023-08-01,136787.0
10,5512033,เพชรบูรณ์,หล่มสัก,2023-08-01,214216.0
10,5512026,อุตรดิตถ์,อุตรดิตถ์,2023-08-01,78544.0
10,5512016,อุทัยธานี,อุทัยธานี,2023-08-01,220561.0
10,5512032,เพชรบูรณ์,เพชรบูรณ์,2023-08-01,356892.0
10,5512020,ตาก,แม่สอด,2023-08-01,713403.0
1,5531032,ปราจีนบุรี,กบินทร์บุรี,2023-09-01,302490.0
1,5531025,จันทบุรี,ขลุง,2023-09-01,252963.0
1,5531027,ตราด,คลองใหญ่,2023-09-01,68541.0
1,5531024,จันทบุรี,จันทบุรี,2023-09-01,1163822.0
1,5531017,ฉะเชิงเทรา,ฉะเชิงเทรา,2023-09-01,938515.0
1,5531011,ชลบุรี,ชลบุรี,2023-09-01,3876962.0
1,5531026,ตราด,ตราด,2023-09-01,503898.0
1,5531019,ฉะเชิงเทรา,บางคล้า,2023-09-01,1692807.0
1,5531018,ฉะเชิงเทรา,บางปะกง,2023-09-01,1130132.0
1,5531022,ระยอง,บ้านฉาง,2023-09-01,2170714.45
1,5531013,ชลบุรี,บ้านบึง,2023-09-01,1194089.0
1,5531031,ปราจีนบุรี,ปราจีนบุรี,2023-09-01,752884.07
1,5531023,ระยอง,ปากน้ำประแสร์,2023-09-01,423364.0
1,5531020,ฉะเชิงเทรา,พนมสารคาม,2023-09-01,510258.0
1,5531014,ชลบุรี,พนัสนิคม,2023-09-01,1634914.0
1,5531012,ชลบุรี,พัทยา,2023-09-01,4469678.07
1,5531021,ระยอง,ระยอง,2023-09-01,1680348.0
1,5531029,สระแก้ว,วัฒนานคร,2023-09-01,103154.0
1,5531015,ชลบุรี,ศรีราชา,2023-09-01,1586972.0
1,5531028,สระแก้ว,สระแก้ว,2023-09-01,305548.0
1,5531030,สระแก้ว,อรัญประเทศ,2023-09-01,402078.0
1,5531016,ชลบุรี,แหลมฉบัง,2023-09-01,2087797.0
2,5541031,นครราชสีมา,ครบุรี,2023-09-01,149004.0
2,5541039,ปทุมธานี,คลองหลวง,2023-09-01,2757025.0
2,5541017,ลพบุรี,ชัยบาดาล,2023-09-01,188561.0
2,5541036,นครราชสีมา,ชุมพวง,2023-09-01,101122.0
2,5541038,นครราชสีมา,ด่านขุนทด,2023-09-01,158001.0
2,5541024,พระนครศรีอยุธยา,ท่าเรือ,2023-09-01,144003.44
2,5541040,ปทุมธานี,ธัญบุรี,2023-09-01,1761839.0
2,5541027,นครนายก,นครนายก,2023-09-01,355884.0
2,5541029,นครราชสีมา,นครราชสีมา,2023-09-01,902869.0
2,5541028,นครนายก,บ้านนา,2023-09-01,266318.0
2,5541014,สระบุรี,บ้านหมอ,2023-09-01,85774.0
2,5541016,ลพบุรี,บ้านหมี่,2023-09-01,336440.0
2,5541025,ปทุมธานี,ปทุมธานี,2023-09-01,2357952.96
2,5541033,นครราชสีมา,ปักธงชัย,2023-09-01,235279.0
2,5541030,นครราชสีมา,ปากช่อง,2023-09-01,416237.0
2,5541022,พระนครศรีอยุธยา,ผักไห่,2023-09-01,40270.0
2,5541021,พระนครศรีอยุธยา,พระนครศรีอยุธยา,2023-09-01,2512513.59
2,5541011,สระบุรี,พระพุทธบาท,2023-09-01,364884.0
2,5541035,นครราชสีมา,พิมาย,2023-09-01,217061.0
2,5541013,สระบุรี,มวกเหล็ก,2023-09-01,489735.0
2,5541026,ปทุมธานี,รังสิต,2023-09-01,4189823.0
2,5541015,ลพบุรี,ลพบุรี,2023-09-01,1323530.0
2,5541020,อ่างทอง,วิเศษชัยชาญ,2023-09-01,93214.0
2,5541018,สิงห์บุรี,สิงห์บุรี,2023-09-01,236846.0
2,5541032,นครราชสีมา,สีคิ้ว,2023-09-01,807316.0
2,5541012,สระบุรี,หนองแค,2023-09-01,881902.0
2,5541019,อ่างทอง,อ่างทอง,2023-09-01,249103.0
2,5541023,พระนครศรีอยุธยา,เสนา,2023-09-01,254363.0
2,5541034,นครราชสีมา,โชคชัย,2023-09-01,313137.0
2,5541037,นครราชสีมา,โนนสูง,2023-09-01,141156.0
3,5542024,กาญจนบุรี,กาญจนบุรี,2023-09-01,676506.0
3,5542031,ประจวบคีรีขันธ์,กุยบุรี,2023-09-01,392181.2
3,5542022,สุพรรณบุรี,ด่านช้าง,2023-09-01,117490.0
3,5542027,กาญจนบุรี,ท่ามะกา,2023-09-01,214581.0
3,5542033,นครปฐม,นครปฐม,2023-09-01,550812.0
3,5542032,ประจวบคีรีขันธ์,บางสะพาน,2023-09-01,213948.0
3,5542011,ราชบุรี,บ้านโป่ง,2023-09-01,206944.0
3,5542029,ประจวบคีรีขันธ์,ประจวบคีรีขันธ์,2023-09-01,335096.0
3,5542030,ประจวบคีรีขันธ์,ปราณบุรี,2023-09-01,807886.0
3,5542013,ราชบุรี,ปากท่อ,2023-09-01,436527.0
3,5542026,กาญจนบุรี,พนมทวน,2023-09-01,159401.0
3,5542014,ราชบุรี,ราชบุรี,2023-09-01,634311.96
3,5542020,สุพรรณบุรี,ศรีประจันต์,2023-09-01,93013.0
3,5542015,สมุทรสงคราม,สมุทรสงคราม,2023-09-01,864359.0
3,5542016,สมุทรสาคร,สมุทรสาคร,2023-09-01,5321989.0
3,5542012,ราชบุรี,สวนผึ้ง,2023-09-01,123331.0
3,5542018,นครปฐม,สามพราน,2023-09-01,1081961.0
3,5542019,สุพรรณบุรี,สุพรรณบุรี,2023-09-01,582907.07
3,5542023,สุพรรณบุรี,อู่ทอง,2023-09-01,383252.0
3,5542017,สมุทรสาคร,อ้อมน้อย,2023-09-01,2654428.0
3,5542021,สุพรรณบุรี,เดิมบางนางบวช,2023-09-01,197383.0
3,5542028,เพชรบุรี,เพชรบุรี,2023-09-01,1283588.0
3,5542025,กาญจนบุรี,เลาขวัญ,2023-09-01,135054.0
4,5551025,กระบี่,กระบี่,2023-09-01,797793.0
4,5551012,สุราษฎร์ธานี,กาญจนดิษฐ์,2023-09-01,297299.0
4,5551031,นครศรีธรรมราช,ขนอม,2023-09-01,135452.0
4,5551034,กระบี่,คลองท่อม,2023-09-01,106925.0
4,5551030,นครศรีธรรมราช,จันดี,2023-09-01,132769.0
4,5551028,นครศรีธรรมราช,ชะอวด,2023-09-01,97403.0
4,5551017,ชุมพร,ชุมพร,2023-09-01,845483.0
4,5551022,พังงา,ตะกั่วป่า,2023-09-01,135023.0
4,5551027,นครศรีธรรมราช,ทุ่งสง,2023-09-01,474476.0
4,5551019,ชุมพร,ท่าแซะ,2023-09-01,84447.0
4,5551023,พังงา,ท้ายเหมือง,2023-09-01,77546.0
4,5551032,นครศรีธรรมราช,นครศรีธรรมราช,2023-09-01,239774.0
4,5551015,สุราษฎร์ธานี,บ้านตาขุน,2023-09-01,90320.0
4,5551014,สุราษฎร์ธานี,บ้านนาสาร,2023-09-01,159415.0
4,5551029,นครศรีธรรมราช,ปากพนัง,2023-09-01,252612.0
4,5551021,พังงา,พังงา,2023-09-01,213540.0
4,5551024,ภูเก็ต,ภูเก็ต,2023-09-01,1868123.0
4,5551020,ระนอง,ระนอง,2023-09-01,434340.33
4,5551011,สุราษฎร์ธานี,สุราษฎร์ธานี,2023-09-01,1718619.77
4,5551018,ชุมพร,หลังสวน,2023-09-01,378116.0
4,5551026,กระบี่,อ่าวลึก,2023-09-01,90945.0
4,5551033,สุราษฎร์ธานี,เกาะพะงัน,2023-09-01,40844.0
4,5551013,สุราษฎร์ธานี,เกาะสมุย,2023-09-01,567269.74
4,5551016,สุราษฎร์ธานี,ไชยา,2023-09-01,87983.0
5,5552021,ตรัง,กันตัง,2023-09-01,223510.0
5,5552018,ตรัง,ตรัง,2023-09-01,339667.0
5,5552027,นราธิวาส,นราธิวาส,2023-09-01,486888.0
5,5552014,สงขลา,นาทวี,2023-09-01,80896.0
5,5552030,สงขลา,พังลา,2023-09-01,89032.0
5,5552016,พัทลุง,พัทลุง,2023-09-01,383074.0
5,5552024,ยะลา,ยะหา,2023-09-01,69165.0
5,5552020,ตรัง,ย่านตาขาว,2023-09-01,127905.0
5,5552015,สงขลา,ระโนด,2023-09-01,42078.0
5,5552028,นราธิวาส,รือเสาะ,2023-09-01,45872.0
5,5552023,สตูล,ละงู,2023-09-01,180267.0
5,5552011,สงขลา,สงขลา,2023-09-01,1495402.0
5,5552022,สตูล,สตูล,2023-09-01,341136.0
5,5552013,สงขลา,สะเดา,2023-09-01,395676.0
5,5552026,ปัตตานี,สายบุรี,2023-09-01,44259.0
5,5552029,นราธิวาส,สุไหงโก-ลก,2023-09-01,253035.0
5,5552012,สงขลา,หาดใหญ่,2023-09-01,2045847.0
5,5552019,ตรัง,ห้วยยอด,2023-09-01,198294.0
5,5552017,พัทลุง,เขาชัยสน,2023-09-01,50374.0
5,5552025,ยะลา,เบตง,2023-09-01,232217.0
6,5521016,ขอนแก่น,กระนวน,2023-09-01,261266.0
6,5521019,กาฬสินธุ์,กาฬสินธุ์,2023-09-01,534946.0
6,5521020,กาฬสินธุ์,กุฉินารายณ์,2023-09-01,82932.0
6,5521011,ขอนแก่น,ขอนแก่น,2023-09-01,2962599.0
6,5521026,ชัยภูมิ,จัตุรัส,2023-09-01,259343.0
6,5521015,ขอนแก่น,ชนบท,2023-09-01,267646.0
6,5521024,ชัยภูมิ,ชัยภูมิ,2023-09-01,759417.0
6,5521013,ขอนแก่น,ชุมแพ,2023-09-01,339724.0
6,5521014,ขอนแก่น,น้ำพอง,2023-09-01,414329.0
6,5521029,ชัยภูมิ,บำเหน็จณรงค์,2023-09-01,227678.0
6,5521012,ขอนแก่น,บ้านไผ่,2023-09-01,305870.0
6,5521023,มหาสารคาม,พยัคฆภูมิพิสัย,2023-09-01,131822.0
6,5521028,ชัยภูมิ,ภูเขียว,2023-09-01,203387.0
6,5521022,มหาสารคาม,มหาสารคาม,2023-09-01,1066087.0
6,5521030,ร้อยเอ็ด,ร้อยเอ็ด,2023-09-01,696316.0
6,5521021,กาฬสินธุ์,สมเด็จ,2023-09-01,113823.0
6,5521032,ร้อยเอ็ด,สุวรรณภูมิ,2023-09-01,99343.0
6,5521027,ชัยภูมิ,หนองบัวแดง,2023-09-01,122488.0
6,5521017,ขอนแก่น,หนองเรือ,2023-09-01,189991.0
6,5521018,ขอนแก่น,เมืองพล,2023-09-01,200801.0
6,5521025,ชัยภูมิ,แก้งคร้อ,2023-09-01,195192.0
6,5521031,ร้อยเอ็ด,โพนทอง,2023-09-01,139522.0
7,5522012,อุดรธานี,กุมภวาปี,2023-09-01,286530.0
7,5522018,เลย,ด่านซ้าย,2023-09-01,80952.0
7,5522028,นครพนม,ธาตุพนม,2023-09-01,187943.0
7,5522027,นครพนม,นครพนม,2023-09-01,314744.0
7,5522021,บึงกาฬ,บึงกาฬ,2023-09-01,153308.0
7,5522014,อุดรธานี,บ้านดุง,2023-09-01,167901.0
7,5522013,อุดรธานี,บ้านผือ,2023-09-01,148968.0
7,5522029,นครพนม,บ้านแพง,2023-09-01,64633.0
7,5522026,สกลนคร,พังโคน,2023-09-01,184268.0
7,5522019,เลย,วังสะพุง,2023-09-01,179719.0
7,5522030,นครพนม,ศรีสงคราม,2023-09-01,87895.0
7,5522022,หนองคาย,ศรีเชียงใหม่,2023-09-01,85448.0
7,5522024,สกลนคร,สกลนคร,2023-09-01,575565.0
7,5522025,สกลนคร,สว่างแดนดิน,2023-09-01,172683.0
7,5522020,หนองคาย,หนองคาย,2023-09-01,507139.0
7,5522015,หนองบัวลำภู,หนองบัวลำภู,2023-09-01,272533.0
7,5522011,อุดรธานี,อุดรธานี,2023-09-01,2088552.0
7,5522017,เลย,เชียงคาน,2023-09-01,175110.0
7,5522016,เลย,เลย,2023-09-01,514635.0
7,5522023,หนองคาย,โพนพิสัย,2023-09-01,137937.0
8,5532029,ศรีสะเกษ,กันทรลักษ์,2023-09-01,109590.0
8,5532022,บุรีรัมย์,นางรอง,2023-09-01,229569.0
8,5532019,บุรีรัมย์,บุรีรัมย์,2023-09-01,800835.0
8,5532012,อุบลราชธานี,พิบูลมังสาหาร,2023-09-01,106591.0
8,5532018,ยโสธร,มหาชนะชัย,2023-09-01,96043.0
8,5532030,มุกดาหาร,มุกดาหาร,2023-09-01,413350.0
8,5532016,ยโสธร,ยโสธร,2023-09-01,286380.0
8,5532026,สุรินทร์,รัตนบุรี,2023-09-01,162163.0
8,5532023,บุรีรัมย์,ละหานทราย,2023-09-01,222972.0
8,5532021,บุรีรัมย์,ลำปลายมาศ,2023-09-01,106792.0
8,5532028,ศรีสะเกษ,ศรีสะเกษ,2023-09-01,710288.0
8,5532025,สุรินทร์,ศีขรภูมิ,2023-09-01,150936.0
8,5532020,บุรีรัมย์,สตึก,2023-09-01,117346.0
8,5532027,สุรินทร์,สังขะ,2023-09-01,199576.0
8,5532024,สุรินทร์,สุรินทร์,2023-09-01,803890.0
8,5532015,อำนาจเจริญ,อำนาจเจริญ,2023-09-01,222784.0
8,5532011,อุบลราชธานี,อุบลราชธานี,2023-09-01,1484269.0
8,5532014,อุบลราชธานี,เขมราฐ,2023-09-01,145397.0
8,5532013,อุบลราชธานี,เดชอุดม,2023-09-01,176171.0
8,5532017,ยโสธร,เลิงนกทา,2023-09-01,102498.0
9,5511017,เชียงใหม่,จอมทอง,2023-09-01,90165.0
9,5511031,พะเยา,จุน,2023-09-01,92766.0
9,5511029,น่าน,ท่าวังผา,2023-09-01,94333.0
9,5511028,น่าน,น่าน,2023-09-01,336482.0
9,5511021,ลำพูน,บ้านโฮ่ง,2023-09-01,19562.0
9,5511016,เชียงใหม่,ฝาง,2023-09-01,115584.0
9,5511030,พะเยา,พะเยา,2023-09-01,510621.0
9,5511033,เชียงราย,พาน,2023-09-01,152540.0
9,5511027,แพร่,ร้องกวาง,2023-09-01,58685.0
9,5511022,ลำปาง,ลำปาง,2023-09-01,885142.0
9,5511020,ลำพูน,ลำพูน,2023-09-01,345979.0
9,5511013,เชียงใหม่,สันกำแพง,2023-09-01,304333.0
9,5511012,เชียงใหม่,ฮอด,2023-09-01,56592.0
9,5511023,ลำปาง,เกาะคา,2023-09-01,104990.0
9,5511032,เชียงราย,เชียงราย,2023-09-01,779428.06
9,5511011,เชียงใหม่,เชียงใหม่,2023-09-01,3219985.0
9,5511026,แพร่,เด่นชัย,2023-09-01,96691.0
9,5511024,ลำปาง,เถิน,2023-09-01,128764.0
9,5511034,เชียงราย,เทิง,2023-09-01,52843.0
9,5511035,เชียงราย,เวียงเชียงของ,2023-09-01,74984.0
9,5511025,แพร่,แพร่,2023-09-01,238471.0
9,5511037,เชียงราย,แม่ขะจาน,2023-09-01,61741.0
9,5511014,เชียงใหม่,แม่ริม,2023-09-01,485954.63
9,5511019,แม่ฮ่องสอน,แม่สะเรียง,2023-09-01,113579.0
9,5511036,เชียงราย,แม่สาย,2023-09-01,389136.0
9,5511018,แม่ฮ่องสอน,แม่ฮ่องสอน,2023-09-01,159667.0
9,5511015,เชียงใหม่,แม่แตง,2023-09-01,159024.0
10,5512017,กำแพงเพชร,กำแพงเพชร,2023-09-01,540408.0
10,5512018,กำแพงเพชร,ขาณุวรลักษบุรี,2023-09-01,109057.0
10,5512034,เพชรบูรณ์,ชนแดน,2023-09-01,66506.0
10,5512015,ชัยนาท,ชัยนาท,2023-09-01,253865.73
10,5512031,พิจิตร,ตะพานหิน,2023-09-01,158245.0
10,5512019,ตาก,ตาก,2023-09-01,523570.0
10,5512022,สุโขทัย,ทุ่งเสลี่ยม,2023-09-01,60737.0
10,5512012,นครสวรรค์,ท่าตะโก,2023-09-01,210830.0
10,5512011,นครสวรรค์,นครสวรรค์,2023-09-01,622838.0
10,5512028,พิษณุโลก,นครไทย,2023-09-01,99408.0
10,5512030,พิจิตร,บางมูลนาก,2023-09-01,93112.0
10,5512014,นครสวรรค์,พยุหะคีรี,2023-09-01,214855.0
10,5512029,พิจิตร,พิจิตร,2023-09-01,494564.0
10,5512027,พิษณุโลก,พิษณุโลก,2023-09-01,661852.0
10,5512013,นครสวรรค์,ลาดยาว,2023-09-01,127973.0
10,5512036,เพชรบูรณ์,วิเชียรบุรี,2023-09-01,121169.0
10,5512025,สุโขทัย,ศรีสัชนาลัย,2023-09-01,120121.0
10,5512023,สุโขทัย,ศรีสำโรง,2023-09-01,50462.0
10,5512024,สุโขทัย,สวรรคโลก,2023-09-01,123015.0
10,5512021,สุโขทัย,สุโขทัย,2023-09-01,387900.0
10,5512035,เพชรบูรณ์,หนองไผ่,2023-09-01,135255.0
10,5512033,เพชรบูรณ์,หล่มสัก,2023-09-01,212358.0
10,5512026,อุตรดิตถ์,อุตรดิตถ์,2023-09-01,78120.0
10,5512016,อุทัยธานี,อุทัยธานี,2023-09-01,216537.0
10,5512032,เพชรบูรณ์,เพชรบูรณ์,2023-09-01,365542.0
10,5512020,ตาก,แม่สอด,2023-09-01,714728.0
1,5531032,ปราจีนบุรี,กบินทร์บุรี,2023-10-01,268407.0
1,5531025,จันทบุรี,ขลุง,2023-10-01,229867.0
1,5531027,ตราด,คลองใหญ่,2023-10-01,65870.0
1,5531024,จันทบุรี,จันทบุรี,2023-10-01,1085300.0
1,5531017,ฉะเชิงเทรา,ฉะเชิงเทรา,2023-10-01,865484.0
1,5531011,ชลบุรี,ชลบุรี,2023-10-01,3623331.0
1,5531026,ตราด,ตราด,2023-10-01,469445.0
1,5531019,ฉะเชิงเทรา,บางคล้า,2023-10-01,1586041.0
1,5531018,ฉะเชิงเทรา,บางปะกง,2023-10-01,1056910.0
1,5531022,ระยอง,บ้านฉาง,2023-10-01,1994774.22
1,5531013,ชลบุรี,บ้านบึง,2023-10-01,1111812.0
1,5531031,ปราจีนบุรี,ปราจีนบุรี,2023-10-01,718301.3
1,5531023,ระยอง,ปากน้ำประแสร์,2023-10-01,382589.0
1,5531020,ฉะเชิงเทรา,พนมสารคาม,2023-10-01,458262.0
1,5531014,ชลบุรี,พนัสนิคม,2023-10-01,1559963.0
1,5531012,ชลบุรี,พัทยา,2023-10-01,4154294.0
1,5531021,ระยอง,ระยอง,2023-10-01,1576535.0
1,5531029,สระแก้ว,วัฒนานคร,2023-10-01,95686.0
1,5531015,ชลบุรี,ศรีราชา,2023-10-01,1448076.0
1,5531028,สระแก้ว,สระแก้ว,2023-10-01,292126.0
1,5531030,สระแก้ว,อรัญประเทศ,2023-10-01,377747.0
1,5531016,ชลบุรี,แหลมฉบัง,2023-10-01,1998783.0
2,5541031,นครราชสีมา,ครบุรี,2023-10-01,135066.0
2,5541039,ปทุมธานี,คลองหลวง,2023-10-01,2678272.0
2,5541017,ลพบุรี,ชัยบาดาล,2023-10-01,174664.0
2,5541036,นครราชสีมา,ชุมพวง,2023-10-01,93594.0
2,5541038,นครราชสีมา,ด่านขุนทด,2023-10-01,137430.0
2,5541024,พระนครศรีอยุธยา,ท่าเรือ,2023-10-01,128519.0
2,5541040,ปทุมธานี,ธัญบุรี,2023-10-01,1672082.0
2,5541027,นครนายก,นครนายก,2023-10-01,334036.0
2,5541029,นครราชสีมา,นครราชสีมา,2023-10-01,833091.0
2,5541028,นครนายก,บ้านนา,2023-10-01,253169.0
2,5541014,สระบุรี,บ้านหมอ,2023-10-01,77062.0
2,5541016,ลพบุรี,บ้านหมี่,2023-10-01,306679.0
2,5541025,ปทุมธานี,ปทุมธานี,2023-10-01,2256803.55
2,5541033,นครราชสีมา,ปักธงชัย,2023-10-01,212310.0
2,5541030,นครราชสีมา,ปากช่อง,2023-10-01,381288.0
2,5541022,พระนครศรีอยุธยา,ผักไห่,2023-10-01,36713.0
2,5541021,พระนครศรีอยุธยา,พระนครศรีอยุธยา,2023-10-01,2391089.28
2,5541011,สระบุรี,พระพุทธบาท,2023-10-01,357037.0
2,5541035,นครราชสีมา,พิมาย,2023-10-01,209272.0
2,5541013,สระบุรี,มวกเหล็ก,2023-10-01,455738.0
2,5541026,ปทุมธานี,รังสิต,2023-10-01,4003858.0
2,5541015,ลพบุรี,ลพบุรี,2023-10-01,1198511.0
2,5541020,อ่างทอง,วิเศษชัยชาญ,2023-10-01,85306.0
2,5541018,สิงห์บุรี,สิงห์บุรี,2023-10-01,217955.0
2,5541032,นครราชสีมา,สีคิ้ว,2023-10-01,699435.0
2,5541012,สระบุรี,หนองแค,2023-10-01,822268.0
2,5541019,อ่างทอง,อ่างทอง,2023-10-01,228220.0
2,5541023,พระนครศรีอยุธยา,เสนา,2023-10-01,238558.0
2,5541034,นครราชสีมา,โชคชัย,2023-10-01,286140.0
2,5541037,นครราชสีมา,โนนสูง,2023-10-01,127770.0
3,5542024,กาญจนบุรี,กาญจนบุรี,2023-10-01,626494.0
3,5542031,ประจวบคีรีขันธ์,กุยบุรี,2023-10-01,343647.79
3,5542022,สุพรรณบุรี,ด่านช้าง,2023-10-01,116637.0
3,5542027,กาญจนบุรี,ท่ามะกา,2023-10-01,201683.89
3,5542033,นครปฐม,นครปฐม,2023-10-01,539143.0
3,5542032,ประจวบคีรีขันธ์,บางสะพาน,2023-10-01,205143.0
3,5542011,ราชบุรี,บ้านโป่ง,2023-10-01,195390.0
3,5542029,ประจวบคีรีขันธ์,ประจวบคีรีขันธ์,2023-10-01,307927.0
3,5542030,ประจวบคีรีขันธ์,ปราณบุรี,2023-10-01,768091.0
3,5542013,ราชบุรี,ปากท่อ,2023-10-01,411789.0
3,5542026,กาญจนบุรี,พนมทวน,2023-10-01,144812.0
3,5542014,ราชบุรี,ราชบุรี,2023-10-01,623258.03
3,5542020,สุพรรณบุรี,ศรีประจันต์,2023-10-01,84061.0
3,5542015,สมุทรสงคราม,สมุทรสงคราม,2023-10-01,830710.0
3,5542016,สมุทรสาคร,สมุทรสาคร,2023-10-01,5112866.0
3,5542012,ราชบุรี,สวนผึ้ง,2023-10-01,110930.0
3,5542018,นครปฐม,สามพราน,2023-10-01,1025744.0
3,5542019,สุพรรณบุรี,สุพรรณบุรี,2023-10-01,528262.0
3,5542023,สุพรรณบุรี,อู่ทอง,2023-10-01,352087.0
3,5542017,สมุทรสาคร,อ้อมน้อย,2023-10-01,2560288.0
3,5542021,สุพรรณบุรี,เดิมบางนางบวช,2023-10-01,182087.0
3,5542028,เพชรบุรี,เพชรบุรี,2023-10-01,1165036.0
3,5542025,กาญจนบุรี,เลาขวัญ,2023-10-01,122268.0
4,5551025,กระบี่,กระบี่,2023-10-01,771259.0
4,5551012,สุราษฎร์ธานี,กาญจนดิษฐ์,2023-10-01,283973.0
4,5551031,นครศรีธรรมราช,ขนอม,2023-10-01,127516.0
4,5551034,กระบี่,คลองท่อม,2023-10-01,100533.0
4,5551030,นครศรีธรรมราช,จันดี,2023-10-01,123861.0
4,5551028,นครศรีธรรมราช,ชะอวด,2023-10-01,90206.0
4,5551017,ชุมพร,ชุมพร,2023-10-01,800004.0
4,5551022,พังงา,ตะกั่วป่า,2023-10-01,119383.0
4,5551027,นครศรีธรรมราช,ทุ่งสง,2023-10-01,463544.0
4,5551019,ชุมพร,ท่าแซะ,2023-10-01,79040.0
4,5551023,พังงา,ท้ายเหมือง,2023-10-01,76134.0
4,5551032,นครศรีธรรมราช,นครศรีธรรมราช,2023-10-01,225322.0
4,5551015,สุราษฎร์ธานี,บ้านตาขุน,2023-10-01,84888.0
4,5551014,สุราษฎร์ธานี,บ้านนาสาร,2023-10-01,151762.0
4,5551029,นครศรีธรรมราช,ปากพนัง,2023-10-01,234945.0
4,5551021,พังงา,พังงา,2023-10-01,205206.0
4,5551024,ภูเก็ต,ภูเก็ต,2023-10-01,1795320.0
4,5551020,ระนอง,ระนอง,2023-10-01,421804.0
4,5551011,สุราษฎร์ธานี,สุราษฎร์ธานี,2023-10-01,1632962.0
4,5551018,ชุมพร,หลังสวน,2023-10-01,360441.0
4,5551026,กระบี่,อ่าวลึก,2023-10-01,82760.0
4,5551033,สุราษฎร์ธานี,เกาะพะงัน,2023-10-01,58425.0
4,5551013,สุราษฎร์ธานี,เกาะสมุย,2023-10-01,473581.92
4,5551016,สุราษฎร์ธานี,ไชยา,2023-10-01,84325.0
5,5552021,ตรัง,กันตัง,2023-10-01,210848.0
5,5552018,ตรัง,ตรัง,2023-10-01,344727.0
5,5552027,นราธิวาส,นราธิวาส,2023-10-01,470940.0
5,5552014,สงขลา,นาทวี,2023-10-01,79906.0
5,5552030,สงขลา,พังลา,2023-10-01,81958.0
5,5552016,พัทลุง,พัทลุง,2023-10-01,365427.0
5,5552024,ยะลา,ยะหา,2023-10-01,62551.0
5,5552020,ตรัง,ย่านตาขาว,2023-10-01,117628.0
5,5552015,สงขลา,ระโนด,2023-10-01,40418.0
5,5552028,นราธิวาส,รือเสาะ,2023-10-01,46008.0
5,5552023,สตูล,ละงู,2023-10-01,159873.0
5,5552011,สงขลา,สงขลา,2023-10-01,1435313.0
5,5552022,สตูล,สตูล,2023-10-01,336923.4
5,5552013,สงขลา,สะเดา,2023-10-01,377427.0
5,5552026,ปัตตานี,สายบุรี,2023-10-01,43955.0
5,5552029,นราธิวาส,สุไหงโก-ลก,2023-10-01,233816.0
5,5552012,สงขลา,หาดใหญ่,2023-10-01,1958236.0
5,5552019,ตรัง,ห้วยยอด,2023-10-01,169221.0
5,5552017,พัทลุง,เขาชัยสน,2023-10-01,46006.0
5,5552025,ยะลา,เบตง,2023-10-01,224146.0
6,5521016,ขอนแก่น,กระนวน,2023-10-01,226297.0
6,5521019,กาฬสินธุ์,กาฬสินธุ์,2023-10-01,505972.0
6,5521020,กาฬสินธุ์,กุฉินารายณ์,2023-10-01,77254.0
6,5521011,ขอนแก่น,ขอนแก่น,2023-10-01,2761857.0
6,5521026,ชัยภูมิ,จัตุรัส,2023-10-01,232676.0
6,5521015,ขอนแก่น,ชนบท,2023-10-01,237500.0
6,5521024,ชัยภูมิ,ชัยภูมิ,2023-10-01,702032.0
6,5521013,ขอนแก่น,ชุมแพ,2023-10-01,304377.0
6,5521014,ขอนแก่น,น้ำพอง,2023-10-01,381081.0
6,5521029,ชัยภูมิ,บำเหน็จณรงค์,2023-10-01,200176.0
6,5521012,ขอนแก่น,บ้านไผ่,2023-10-01,279997.0
6,5521023,มหาสารคาม,พยัคฆภูมิพิสัย,2023-10-01,125544.0
6,5521028,ชัยภูมิ,ภูเขียว,2023-10-01,185544.0
6,5521022,มหาสารคาม,มหาสารคาม,2023-10-01,1013624.0
6,5521030,ร้อยเอ็ด,ร้อยเอ็ด,2023-10-01,646425.0
6,5521021,กาฬสินธุ์,สมเด็จ,2023-10-01,107661.0
6,5521032,ร้อยเอ็ด,สุวรรณภูมิ,2023-10-01,91142.0
6,5521027,ชัยภูมิ,หนองบัวแดง,2023-10-01,114927.0
6,5521017,ขอนแก่น,หนองเรือ,2023-10-01,176595.0
6,5521018,ขอนแก่น,เมืองพล,2023-10-01,189556.0
6,5521025,ชัยภูมิ,แก้งคร้อ,2023-10-01,175719.0
6,5521031,ร้อยเอ็ด,โพนทอง,2023-10-01,134365.0
7,5522012,อุดรธานี,กุมภวาปี,2023-10-01,272849.0
7,5522018,เลย,ด่านซ้าย,2023-10-01,72950.0
7,5522028,นครพนม,ธาตุพนม,2023-10-01,182522.0
7,5522027,นครพนม,นครพนม,2023-10-01,322532.0
7,5522021,บึงกาฬ,บึงกาฬ,2023-10-01,148430.0
7,5522014,อุดรธานี,บ้านดุง,2023-10-01,161757.0
7,5522013,อุดรธานี,บ้านผือ,2023-10-01,142457.0
7,5522029,นครพนม,บ้านแพง,2023-10-01,70344.0
7,5522026,สกลนคร,พังโคน,2023-10-01,184812.0
7,5522019,เลย,วังสะพุง,2023-10-01,163079.0
7,5522030,นครพนม,ศรีสงคราม,2023-10-01,95617.0
7,5522022,หนองคาย,ศรีเชียงใหม่,2023-10-01,82400.0
7,5522024,สกลนคร,สกลนคร,2023-10-01,565959.0
7,5522025,สกลนคร,สว่างแดนดิน,2023-10-01,161613.0
7,5522020,หนองคาย,หนองคาย,2023-10-01,498023.0
7,5522015,หนองบัวลำภู,หนองบัวลำภู,2023-10-01,254207.0
7,5522011,อุดรธานี,อุดรธานี,2023-10-01,1988367.0
7,5522017,เลย,เชียงคาน,2023-10-01,156664.0
7,5522016,เลย,เลย,2023-10-01,473061.0
7,5522023,หนองคาย,โพนพิสัย,2023-10-01,127530.0
8,5532029,ศรีสะเกษ,กันทรลักษ์,2023-10-01,100409.0
8,5532022,บุรีรัมย์,นางรอง,2023-10-01,210985.0
8,5532019,บุรีรัมย์,บุรีรัมย์,2023-10-01,758286.0
8,5532012,อุบลราชธานี,พิบูลมังสาหาร,2023-10-01,99813.0
8,5532018,ยโสธร,มหาชนะชัย,2023-10-01,91489.0
8,5532030,มุกดาหาร,มุกดาหาร,2023-10-01,407111.0
8,5532016,ยโสธร,ยโสธร,2023-10-01,267025.0
8,5532026,สุรินทร์,รัตนบุรี,2023-10-01,152609.0
8,5532023,บุรีรัมย์,ละหานทราย,2023-10-01,203823.0
8,5532021,บุรีรัมย์,ลำปลายมาศ,2023-10-01,100583.0
8,5532028,ศรีสะเกษ,ศรีสะเกษ,2023-10-01,666515.0
8,5532025,สุรินทร์,ศีขรภูมิ,2023-10-01,134909.0
8,5532020,บุรีรัมย์,สตึก,2023-10-01,108718.0
8,5532027,สุรินทร์,สังขะ,2023-10-01,186786.0
8,5532024,สุรินทร์,สุรินทร์,2023-10-01,768348.0
8,5532015,อำนาจเจริญ,อำนาจเจริญ,2023-10-01,209350.0
8,5532011,อุบลราชธานี,อุบลราชธานี,2023-10-01,1391685.0
8,5532014,อุบลราชธานี,เขมราฐ,2023-10-01,141140.0
8,5532013,อุบลราชธานี,เดชอุดม,2023-10-01,166779.0
8,5532017,ยโสธร,เลิงนกทา,2023-10-01,99703.0
9,5511017,เชียงใหม่,จอมทอง,2023-10-01,89264.0
9,5511031,พะเยา,จุน,2023-10-01,90442.0
9,5511029,น่าน,ท่าวังผา,2023-10-01,92336.0
9,5511028,น่าน,น่าน,2023-10-01,318694.0
9,5511021,ลำพูน,บ้านโฮ่ง,2023-10-01,18379.0
9,5511016,เชียงใหม่,ฝาง,2023-10-01,113517.0
9,5511030,พะเยา,พะเยา,2023-10-01,507541.0
9,5511033,เชียงราย,พาน,2023-10-01,140288.0
9,5511027,แพร่,ร้องกวาง,2023-10-01,55076.0
9,5511022,ลำปาง,ลำปาง,2023-10-01,815322.0
9,5511020,ลำพูน,ลำพูน,2023-10-01,326590.0
9,5511013,เชียงใหม่,สันกำแพง,2023-10-01,283858.0
9,5511012,เชียงใหม่,ฮอด,2023-10-01,53180.0
9,5511023,ลำปาง,เกาะคา,2023-10-01,99144.0
9,5511032,เชียงราย,เชียงราย,2023-10-01,741452.0
9,5511011,เชียงใหม่,เชียงใหม่,2023-10-01,3054939.0
9,5511026,แพร่,เด่นชัย,2023-10-01,91681.0
9,5511024,ลำปาง,เถิน,2023-10-01,116584.0
9,5511034,เชียงราย,เทิง,2023-10-01,50464.0
9,5511035,เชียงราย,เวียงเชียงของ,2023-10-01,74174.0
9,5511025,แพร่,แพร่,2023-10-01,224926.0
9,5511037,เชียงราย,แม่ขะจาน,2023-10-01,58707.0
9,5511014,เชียงใหม่,แม่ริม,2023-10-01,464100.49
9,5511019,แม่ฮ่องสอน,แม่สะเรียง,2023-10-01,111685.0
9,5511036,เชียงราย,แม่สาย,2023-10-01,378783.0
9,5511018,แม่ฮ่องสอน,แม่ฮ่องสอน,2023-10-01,156511.0
9,5511015,เชียงใหม่,แม่แตง,2023-10-01,147527.0
10,5512017,กำแพงเพชร,กำแพงเพชร,2023-10-01,502857.0
10,5512018,กำแพงเพชร,ขาณุวรลักษบุรี,2023-10-01,103422.0
10,5512034,เพชรบูรณ์,ชนแดน,2023-10-01,59040.0
10,5512015,ชัยนาท,ชัยนาท,2023-10-01,233698.0
10,5512031,พิจิตร,ตะพานหิน,2023-10-01,147117.0
10,5512019,ตาก,ตาก,2023-10-01,481854.0
10,5512022,สุโขทัย,ทุ่งเสลี่ยม,2023-10-01,56029.0
10,5512012,นครสวรรค์,ท่าตะโก,2023-10-01,194827.0
10,5512011,นครสวรรค์,นครสวรรค์,2023-10-01,578801.0
10,5512028,พิษณุโลก,นครไทย,2023-10-01,93011.0
10,5512030,พิจิตร,บางมูลนาก,2023-10-01,89608.0
10,5512014,นครสวรรค์,พยุหะคีรี,2023-10-01,191032.0
10,5512029,พิจิตร,พิจิตร,2023-10-01,461395.0
10,5512027,พิษณุโลก,พิษณุโลก,2023-10-01,617622.0
10,5512013,นครสวรรค์,ลาดยาว,2023-10-01,115022.0
10,5512036,เพชรบูรณ์,วิเชียรบุรี,2023-10-01,119653.0
10,5512025,สุโขทัย,ศรีสัชนาลัย,2023-10-01,109113.0
10,5512023,สุโขทัย,ศรีสำโรง,2023-10-01,46690.0
10,5512024,สุโขทัย,สวรรคโลก,2023-10-01,118319.0
10,5512021,สุโขทัย,สุโขทัย,2023-10-01,359545.0
10,5512035,เพชรบูรณ์,หนองไผ่,2023-10-01,127512.0
10,5512033,เพชรบูรณ์,หล่มสัก,2023-10-01,200505.0
10,5512026,อุตรดิตถ์,อุตรดิตถ์,2023-10-01,71020.0
10,5512016,อุทัยธานี,อุทัยธานี,2023-10-01,194686.0
10,5512032,เพชรบูรณ์,เพชรบูรณ์,2023-10-01,346906.0
10,5512020,ตาก,แม่สอด,2023-10-01,684722.0
1,5531032,ปราจีนบุรี,กบินทร์บุรี,2023-11-01,284689.0
1,5531025,จันทบุรี,ขลุง,2023-11-01,245448.0
1,5531027,ตราด,คลองใหญ่,2023-11-01,72119.0
1,5531024,จันทบุรี,จันทบุรี,2023-11-01,1136235.83
1,5531017,ฉะเชิงเทรา,ฉะเชิงเทรา,2023-11-01,909376.0
1,5531011,ชลบุรี,ชลบุรี,2023-11-01,3701126.0
1,5531026,ตราด,ตราด,2023-11-01,500584.0
1,5531019,ฉะเชิงเทรา,บางคล้า,2023-11-01,1653461.0
1,5531018,ฉะเชิงเทรา,บางปะกง,2023-11-01,1129005.0
1,5531022,ระยอง,บ้านฉาง,2023-11-01,2072017.0
1,5531013,ชลบุรี,บ้านบึง,2023-11-01,1153744.0
1,5531031,ปราจีนบุรี,ปราจีนบุรี,2023-11-01,742589.82
1,5531023,ระยอง,ปากน้ำประแสร์,2023-11-01,417229.0
1,5531020,ฉะเชิงเทรา,พนมสารคาม,2023-11-01,490854.0
1,5531014,ชลบุรี,พนัสนิคม,2023-11-01,1611672.5
1,5531012,ชลบุรี,พัทยา,2023-11-01,4225699.0
1,5531021,ระยอง,ระยอง,2023-11-01,1601338.0
1,5531029,สระแก้ว,วัฒนานคร,2023-11-01,102384.0
1,5531015,ชลบุรี,ศรีราชา,2023-11-01,1489541.0
1,5531028,สระแก้ว,สระแก้ว,2023-11-01,309836.0
1,5531030,สระแก้ว,อรัญประเทศ,2023-11-01,395849.0
1,5531016,ชลบุรี,แหลมฉบัง,2023-11-01,2064008.0
2,5541031,นครราชสีมา,ครบุรี,2023-11-01,142760.0
2,5541039,ปทุมธานี,คลองหลวง,2023-11-01,2698519.0
2,5541017,ลพบุรี,ชัยบาดาล,2023-11-01,182615.0
2,5541036,นครราชสีมา,ชุมพวง,2023-11-01,101362.0
2,5541038,นครราชสีมา,ด่านขุนทด,2023-11-01,144604.0
2,5541024,พระนครศรีอยุธยา,ท่าเรือ,2023-11-01,134073.33
2,5541040,ปทุมธานี,ธัญบุรี,2023-11-01,1751547.0
2,5541027,นครนายก,นครนายก,2023-11-01,350361.0
2,5541029,นครราชสีมา,นครราชสีมา,2023-11-01,854335.0
2,5541028,นครนายก,บ้านนา,2023-11-01,259038.82
2,5541014,สระบุรี,บ้านหมอ,2023-11-01,83353.0
2,5541016,ลพบุรี,บ้านหมี่,2023-11-01,320799.0
2,5541025,ปทุมธานี,ปทุมธานี,2023-11-01,2305567.64
2,5541033,นครราชสีมา,ปักธงชัย,2023-11-01,224584.0
2,5541030,นครราชสีมา,ปากช่อง,2023-11-01,401313.0
2,5541022,พระนครศรีอยุธยา,ผักไห่,2023-11-01,38004.0
2,5541021,พระนครศรีอยุธยา,พระนครศรีอยุธยา,2023-11-01,2488318.95
2,5541011,สระบุรี,พระพุทธบาท,2023-11-01,357414.0
2,5541035,นครราชสีมา,พิมาย,2023-11-01,213890.0
2,5541013,สระบุรี,มวกเหล็ก,2023-11-01,476754.0
2,5541026,ปทุมธานี,รังสิต,2023-11-01,4130136.0
2,5541015,ลพบุรี,ลพบุรี,2023-11-01,1235806.0
2,5541020,อ่างทอง,วิเศษชัยชาญ,2023-11-01,88497.0
2,5541018,สิงห์บุรี,สิงห์บุรี,2023-11-01,231647.0
2,5541032,นครราชสีมา,สีคิ้ว,2023-11-01,714090.0
2,5541012,สระบุรี,หนองแค,2023-11-01,895733.0
2,5541019,อ่างทอง,อ่างทอง,2023-11-01,242780.0
2,5541023,พระนครศรีอยุธยา,เสนา,2023-11-01,248148.0
2,5541034,นครราชสีมา,โชคชัย,2023-11-01,294010.0
2,5541037,นครราชสีมา,โนนสูง,2023-11-01,132590.0
3,5542024,กาญจนบุรี,กาญจนบุรี,2023-11-01,655754.0
3,5542031,ประจวบคีรีขันธ์,กุยบุรี,2023-11-01,343029.0
3,5542022,สุพรรณบุรี,ด่านช้าง,2023-11-01,113483.0
3,5542027,กาญจนบุรี,ท่ามะกา,2023-11-01,203246.0
3,5542033,นครปฐม,นครปฐม,2023-11-01,553521.0
3,5542032,ประจวบคีรีขันธ์,บางสะพาน,2023-11-01,222571.0
3,5542011,ราชบุรี,บ้านโป่ง,2023-11-01,203760.0
3,5542029,ประจวบคีรีขันธ์,ประจวบคีรีขันธ์,2023-11-01,320375.0
3,5542030,ประจวบคีรีขันธ์,ปราณบุรี,2023-11-01,746283.0
3,5542013,ราชบุรี,ปากท่อ,2023-11-01,427753.0
3,5542026,กาญจนบุรี,พนมทวน,2023-11-01,149838.0
3,5542014,ราชบุรี,ราชบุรี,2023-11-01,611970.95
3,5542020,สุพรรณบุรี,ศรีประจันต์,2023-11-01,93409.0
3,5542015,สมุทรสงคราม,สมุทรสงคราม,2023-11-01,862171.0
3,5542016,สมุทรสาคร,สมุทรสาคร,2023-11-01,5112173.0
3,5542012,ราชบุรี,สวนผึ้ง,2023-11-01,115520.0
3,5542018,นครปฐม,สามพราน,2023-11-01,1034689.0
3,5542019,สุพรรณบุรี,สุพรรณบุรี,2023-11-01,564442.0
3,5542023,สุพรรณบุรี,อู่ทอง,2023-11-01,360677.0
3,5542017,สมุทรสาคร,อ้อมน้อย,2023-11-01,2588210.0
3,5542021,สุพรรณบุรี,เดิมบางนางบวช,2023-11-01,182169.0
3,5542028,เพชรบุรี,เพชรบุรี,2023-11-01,1200608.0
3,5542025,กาญจนบุรี,เลาขวัญ,2023-11-01,119957.0
4,5551025,กระบี่,กระบี่,2023-11-01,802180.0
4,5551012,สุราษฎร์ธานี,กาญจนดิษฐ์,2023-11-01,289786.67
4,5551031,นครศรีธรรมราช,ขนอม,2023-11-01,136067.0
4,5551034,กระบี่,คลองท่อม,2023-11-01,104477.0
4,5551030,นครศรีธรรมราช,จันดี,2023-11-01,132654.0
4,5551028,นครศรีธรรมราช,ชะอวด,2023-11-01,89438.0
4,5551017,ชุมพร,ชุมพร,2023-11-01,822729.0
4,5551022,พังงา,ตะกั่วป่า,2023-11-01,155696.0
4,5551027,นครศรีธรรมราช,ทุ่งสง,2023-11-01,480920.0
4,5551019,ชุมพร,ท่าแซะ,2023-11-01,93662.0
4,5551023,พังงา,ท้ายเหมือง,2023-11-01,74885.0
4,5551032,นครศรีธรรมราช,นครศรีธรรมราช,2023-11-01,234131.0
4,5551015,สุราษฎร์ธานี,บ้านตาขุน,2023-11-01,87056.0
4,5551014,สุราษฎร์ธานี,บ้านนาสาร,2023-11-01,153956.0
4,5551029,นครศรีธรรมราช,ปากพนัง,2023-11-01,241122.0
4,5551021,พังงา,พังงา,2023-11-01,223603.0
4,5551024,ภูเก็ต,ภูเก็ต,2023-11-01,1921206.0
4,5551020,ระนอง,ระนอง,2023-11-01,444280.0
4,5551011,สุราษฎร์ธานี,สุราษฎร์ธานี,2023-11-01,1680410.41
4,5551018,ชุมพร,หลังสวน,2023-11-01,354591.0
4,5551026,กระบี่,อ่าวลึก,2023-11-01,87103.0
4,5551033,สุราษฎร์ธานี,เกาะพะงัน,2023-11-01,79782.0
4,5551013,สุราษฎร์ธานี,เกาะสมุย,2023-11-01,505834.15
4,5551016,สุราษฎร์ธานี,ไชยา,2023-11-01,85822.0
5,5552021,ตรัง,กันตัง,2023-11-01,222959.0
5,5552018,ตรัง,ตรัง,2023-11-01,357269.0
5,5552027,นราธิวาส,นราธิวาส,2023-11-01,468755.0
5,5552014,สงขลา,นาทวี,2023-11-01,80753.0
5,5552030,สงขลา,พังลา,2023-11-01,86810.0
5,5552016,พัทลุง,พัทลุง,2023-11-01,374524.0
5,5552024,ยะลา,ยะหา,2023-11-01,62164.0
5,5552020,ตรัง,ย่านตาขาว,2023-11-01,119956.0
5,5552015,สงขลา,ระโนด,2023-11-01,43601.0
5,5552028,นราธิวาส,รือเสาะ,2023-11-01,43861.0
5,5552023,สตูล,ละงู,2023-11-01,174274.0
5,5552011,สงขลา,สงขลา,2023-11-01,1442858.0
5,5552022,สตูล,สตูล,2023-11-01,341013.0
5,5552013,สงขลา,สะเดา,2023-11-01,380516.0
5,5552026,ปัตตานี,สายบุรี,2023-11-01,43761.0
5,5552029,นราธิวาส,สุไหงโก-ลก,2023-11-01,242758.0
5,5552012,สงขลา,หาดใหญ่,2023-11-01,2011214.0
5,5552019,ตรัง,ห้วยยอด,2023-11-01,179669.0
5,5552017,พัทลุง,เขาชัยสน,2023-11-01,47054.0
5,5552025,ยะลา,เบตง,2023-11-01,225196.0
6,5521016,ขอนแก่น,กระนวน,2023-11-01,246370.0
6,5521019,กาฬสินธุ์,กาฬสินธุ์,2023-11-01,528602.0
6,5521020,กาฬสินธุ์,กุฉินารายณ์,2023-11-01,85818.0
6,5521011,ขอนแก่น,ขอนแก่น,2023-11-01,2914874.0
6,5521026,ชัยภูมิ,จัตุรัส,2023-11-01,250698.0
6,5521015,ขอนแก่น,ชนบท,2023-11-01,253735.0
6,5521024,ชัยภูมิ,ชัยภูมิ,2023-11-01,742338.0
6,5521013,ขอนแก่น,ชุมแพ,2023-11-01,323549.0
6,5521014,ขอนแก่น,น้ำพอง,2023-11-01,405819.0
6,5521029,ชัยภูมิ,บำเหน็จณรงค์,2023-11-01,217716.0
6,5521012,ขอนแก่น,บ้านไผ่,2023-11-01,295020.0
6,5521023,มหาสารคาม,พยัคฆภูมิพิสัย,2023-11-01,134485.0
6,5521028,ชัยภูมิ,ภูเขียว,2023-11-01,193721.0
6,5521022,มหาสารคาม,มหาสารคาม,2023-11-01,1074177.0
6,5521030,ร้อยเอ็ด,ร้อยเอ็ด,2023-11-01,687545.0
6,5521021,กาฬสินธุ์,สมเด็จ,2023-11-01,114550.0
6,5521032,ร้อยเอ็ด,สุวรรณภูมิ,2023-11-01,101932.0
6,5521027,ชัยภูมิ,หนองบัวแดง,2023-11-01,121340.0
6,5521017,ขอนแก่น,หนองเรือ,2023-11-01,187369.0
6,5521018,ขอนแก่น,เมืองพล,2023-11-01,199744.0
6,5521025,ชัยภูมิ,แก้งคร้อ,2023-11-01,183738.0
6,5521031,ร้อยเอ็ด,โพนทอง,2023-11-01,140269.0
7,5522012,อุดรธานี,กุมภวาปี,2023-11-01,295641.0
7,5522018,เลย,ด่านซ้าย,2023-11-01,77503.0
7,5522028,นครพนม,ธาตุพนม,2023-11-01,193540.0
7,5522027,นครพนม,นครพนม,2023-11-01,354932.0
7,5522021,บึงกาฬ,บึงกาฬ,2023-11-01,157957.0
7,5522014,อุดรธานี,บ้านดุง,2023-11-01,171996.0
7,5522013,อุดรธานี,บ้านผือ,2023-11-01,158425.0
7,5522029,นครพนม,บ้านแพง,2023-11-01,73744.0
7,5522026,สกลนคร,พังโคน,2023-11-01,195815.0
7,5522019,เลย,วังสะพุง,2023-11-01,175624.0
7,5522030,นครพนม,ศรีสงคราม,2023-11-01,105348.0
7,5522022,หนองคาย,ศรีเชียงใหม่,2023-11-01,87779.0
7,5522024,สกลนคร,สกลนคร,2023-11-01,586400.0
7,5522025,สกลนคร,สว่างแดนดิน,2023-11-01,179428.0
7,5522020,หนองคาย,หนองคาย,2023-11-01,528806.0
7,5522015,หนองบัวลำภู,หนองบัวลำภู,2023-11-01,270047.0
7,5522011,อุดรธานี,อุดรธานี,2023-11-01,2115719.67
7,5522017,เลย,เชียงคาน,2023-11-01,182895.0
7,5522016,เลย,เลย,2023-11-01,495060.0
7,5522023,หนองคาย,โพนพิสัย,2023-11-01,144601.0
8,5532029,ศรีสะเกษ,กันทรลักษ์,2023-11-01,105336.0
8,5532022,บุรีรัมย์,นางรอง,2023-11-01,217331.0
8,5532019,บุรีรัมย์,บุรีรัมย์,2023-11-01,804769.0
8,5532012,อุบลราชธานี,พิบูลมังสาหาร,2023-11-01,107923.0
8,5532018,ยโสธร,มหาชนะชัย,2023-11-01,95168.0
8,5532030,มุกดาหาร,มุกดาหาร,2023-11-01,434786.0
8,5532016,ยโสธร,ยโสธร,2023-11-01,289326.0
8,5532026,สุรินทร์,รัตนบุรี,2023-11-01,164779.0
8,5532023,บุรีรัมย์,ละหานทราย,2023-11-01,213839.0
8,5532021,บุรีรัมย์,ลำปลายมาศ,2023-11-01,102505.0
8,5532028,ศรีสะเกษ,ศรีสะเกษ,2023-11-01,699921.0
8,5532025,สุรินทร์,ศีขรภูมิ,2023-11-01,146192.0
8,5532020,บุรีรัมย์,สตึก,2023-11-01,118401.0
8,5532027,สุรินทร์,สังขะ,2023-11-01,202427.0
8,5532024,สุรินทร์,สุรินทร์,2023-11-01,806391.0
8,5532015,อำนาจเจริญ,อำนาจเจริญ,2023-11-01,224134.0
8,5532011,อุบลราชธานี,อุบลราชธานี,2023-11-01,1447383.0
8,5532014,อุบลราชธานี,เขมราฐ,2023-11-01,150657.0
8,5532013,อุบลราชธานี,เดชอุดม,2023-11-01,167325.0
8,5532017,ยโสธร,เลิงนกทา,2023-11-01,104762.0
9,5511017,เชียงใหม่,จอมทอง,2023-11-01,95654.0
9,5511031,พะเยา,จุน,2023-11-01,94841.0
9,5511029,น่าน,ท่าวังผา,2023-11-01,97030.0
9,5511028,น่าน,น่าน,2023-11-01,336568.0
9,5511021,ลำพูน,บ้านโฮ่ง,2023-11-01,17393.0
9,5511016,เชียงใหม่,ฝาง,2023-11-01,113807.0
9,5511030,พะเยา,พะเยา,2023-11-01,497522.0
9,5511033,เชียงราย,พาน,2023-11-01,142568.0
9,5511027,แพร่,ร้องกวาง,2023-11-01,58175.0
9,5511022,ลำปาง,ลำปาง,2023-11-01,840161.0
9,5511020,ลำพูน,ลำพูน,2023-11-01,329755.0
9,5511013,เชียงใหม่,สันกำแพง,2023-11-01,304448.0
9,5511012,เชียงใหม่,ฮอด,2023-11-01,55834.0
9,5511023,ลำปาง,เกาะคา,2023-11-01,100822.0
9,5511032,เชียงราย,เชียงราย,2023-11-01,755441.2
9,5511011,เชียงใหม่,เชียงใหม่,2023-11-01,3205764.0
9,5511026,แพร่,เด่นชัย,2023-11-01,93605.0
9,5511024,ลำปาง,เถิน,2023-11-01,122754.0
9,5511034,เชียงราย,เทิง,2023-11-01,53215.0
9,5511035,เชียงราย,เวียงเชียงของ,2023-11-01,73230.0
9,5511025,แพร่,แพร่,2023-11-01,229946.0
9,5511037,เชียงราย,แม่ขะจาน,2023-11-01,60841.0
9,5511014,เชียงใหม่,แม่ริม,2023-11-01,466350.25
9,5511019,แม่ฮ่องสอน,แม่สะเรียง,2023-11-01,118945.0
9,5511036,เชียงราย,แม่สาย,2023-11-01,378565.0
9,5511018,แม่ฮ่องสอน,แม่ฮ่องสอน,2023-11-01,172375.0
9,5511015,เชียงใหม่,แม่แตง,2023-11-01,150210.0
10,5512017,กำแพงเพชร,กำแพงเพชร,2023-11-01,519295.0
10,5512018,กำแพงเพชร,ขาณุวรลักษบุรี,2023-11-01,106057.0
10,5512034,เพชรบูรณ์,ชนแดน,2023-11-01,61641.0
10,5512015,ชัยนาท,ชัยนาท,2023-11-01,242012.0
10,5512031,พิจิตร,ตะพานหิน,2023-11-01,150840.0
10,5512019,ตาก,ตาก,2023-11-01,499924.0
10,5512022,สุโขทัย,ทุ่งเสลี่ยม,2023-11-01,58379.0
10,5512012,นครสวรรค์,ท่าตะโก,2023-11-01,201989.0
10,5512011,นครสวรรค์,นครสวรรค์,2023-11-01,607698.0
10,5512028,พิษณุโลก,นครไทย,2023-11-01,99487.0
10,5512030,พิจิตร,บางมูลนาก,2023-11-01,89395.0
10,5512014,นครสวรรค์,พยุหะคีรี,2023-11-01,200884.0
10,5512029,พิจิตร,พิจิตร,2023-11-01,475206.0
10,5512027,พิษณุโลก,พิษณุโลก,2023-11-01,622054.0
10,5512013,นครสวรรค์,ลาดยาว,2023-11-01,121724.0
10,5512036,เพชรบูรณ์,วิเชียรบุรี,2023-11-01,133317.0
10,5512025,สุโขทัย,ศรีสัชนาลัย,2023-11-01,116099.0
10,5512023,สุโขทัย,ศรีสำโรง,2023-11-01,47797.0
10,5512024,สุโขทัย,สวรรคโลก,2023-11-01,116457.0
10,5512021,สุโขทัย,สุโขทัย,2023-11-01,362098.0
10,5512035,เพชรบูรณ์,หนองไผ่,2023-11-01,129407.0
10,5512033,เพชรบูรณ์,หล่มสัก,2023-11-01,217151.0
10,5512026,อุตรดิตถ์,อุตรดิตถ์,2023-11-01,74151.0
10,5512016,อุทัยธานี,อุทัยธานี,2023-11-01,201860.0
10,5512032,เพชรบูรณ์,เพชรบูรณ์,2023-11-01,367651.0
10,5512020,ตาก,แม่สอด,2023-11-01,721601.0
1,5531032,ปราจีนบุรี,กบินทร์บุรี,2023-12-01,373357.0
1,5531025,จันทบุรี,ขลุง,2023-12-01,248601.0
1,5531027,ตราด,คลองใหญ่,2023-12-01,74471.0
1,5531024,จันทบุรี,จันทบุรี,2023-12-01,1134713.0
1,5531017,ฉะเชิงเทรา,ฉะเชิงเทรา,2023-12-01,895120.0
1,5531011,ชลบุรี,ชลบุรี,2023-12-01,3620676.0
1,5531026,ตราด,ตราด,2023-12-01,513636.0
1,5531019,ฉะเชิงเทรา,บางคล้า,2023-12-01,1635450.0
1,5531018,ฉะเชิงเทรา,บางปะกง,2023-12-01,1086922.0
1,5531022,ระยอง,บ้านฉาง,2023-12-01,2078812.63
1,5531013,ชลบุรี,บ้านบึง,2023-12-01,1137753.0
1,5531031,ปราจีนบุรี,ปราจีนบุรี,2023-12-01,739690.82
1,5531023,ระยอง,ปากน้ำประแสร์,2023-12-01,418152.0
1,5531020,ฉะเชิงเทรา,พนมสารคาม,2023-12-01,480395.0
1,5531014,ชลบุรี,พนัสนิคม,2023-12-01,1549990.0
1,5531012,ชลบุรี,พัทยา,2023-12-01,4244278.28
1,5531021,ระยอง,ระยอง,2023-12-01,1598965.0
1,5531029,สระแก้ว,วัฒนานคร,2023-12-01,103045.0
1,5531015,ชลบุรี,ศรีราชา,2023-12-01,1500030.0
1,5531028,สระแก้ว,สระแก้ว,2023-12-01,300467.0
1,5531030,สระแก้ว,อรัญประเทศ,2023-12-01,388900.0
1,5531016,ชลบุรี,แหลมฉบัง,2023-12-01,1997961.0
2,5541031,นครราชสีมา,ครบุรี,2023-12-01,138528.0
2,5541039,ปทุมธานี,คลองหลวง,2023-12-01,2658424.0
2,5541017,ลพบุรี,ชัยบาดาล,2023-12-01,182292.0
2,5541036,นครราชสีมา,ชุมพวง,2023-12-01,97396.0
2,5541038,นครราชสีมา,ด่านขุนทด,2023-12-01,146009.0
2,5541024,พระนครศรีอยุธยา,ท่าเรือ,2023-12-01,130357.77
2,5541040,ปทุมธานี,ธัญบุรี,2023-12-01,1725151.0
2,5541027,นครนายก,นครนายก,2023-12-01,351211.0
2,5541029,นครราชสีมา,นครราชสีมา,2023-12-01,856849.0
2,5541028,นครนายก,บ้านนา,2023-12-01,257265.0
2,5541014,สระบุรี,บ้านหมอ,2023-12-01,81305.0
2,5541016,ลพบุรี,บ้านหมี่,2023-12-01,319909.0
2,5541025,ปทุมธานี,ปทุมธานี,2023-12-01,2237235.78
2,5541033,นครราชสีมา,ปักธงชัย,2023-12-01,222084.0
2,5541030,นครราชสีมา,ปากช่อง,2023-12-01,393164.0
2,5541022,พระนครศรีอยุธยา,ผักไห่,2023-12-01,36898.0
2,5541021,พระนครศรีอยุธยา,พระนครศรีอยุธยา,2023-12-01,2401249.16
2,5541011,สระบุรี,พระพุทธบาท,2023-12-01,345587.0
2,5541035,นครราชสีมา,พิมาย,2023-12-01,219021.0
2,5541013,สระบุรี,มวกเหล็ก,2023-12-01,472012.0
2,5541026,ปทุมธานี,รังสิต,2023-12-01,4008964.0
2,5541015,ลพบุรี,ลพบุรี,2023-12-01,1234501.0
2,5541020,อ่างทอง,วิเศษชัยชาญ,2023-12-01,84019.0
2,5541018,สิงห์บุรี,สิงห์บุรี,2023-12-01,222483.0
2,5541032,นครราชสีมา,สีคิ้ว,2023-12-01,709017.0
2,5541012,สระบุรี,หนองแค,2023-12-01,841468.0
2,5541019,อ่างทอง,อ่างทอง,2023-12-01,232833.0
2,5541023,พระนครศรีอยุธยา,เสนา,2023-12-01,235214.0
2,5541034,นครราชสีมา,โชคชัย,2023-12-01,294503.0
2,5541037,นครราชสีมา,โนนสูง,2023-12-01,132772.0
3,5542024,กาญจนบุรี,กาญจนบุรี,2023-12-01,636595.0
3,5542031,ประจวบคีรีขันธ์,กุยบุรี,2023-12-01,330129.0
3,5542022,สุพรรณบุรี,ด่านช้าง,2023-12-01,117841.0
3,5542027,กาญจนบุรี,ท่ามะกา,2023-12-01,200639.0
3,5542033,นครปฐม,นครปฐม,2023-12-01,537543.0
3,5542032,ประจวบคีรีขันธ์,บางสะพาน,2023-12-01,212011.0
3,5542011,ราชบุรี,บ้านโป่ง,2023-12-01,196698.0
3,5542029,ประจวบคีรีขันธ์,ประจวบคีรีขันธ์,2023-12-01,302492.0
3,5542030,ประจวบคีรีขันธ์,ปราณบุรี,2023-12-01,747465.0
3,5542013,ราชบุรี,ปากท่อ,2023-12-01,415993.0
3,5542026,กาญจนบุรี,พนมทวน,2023-12-01,152636.0
3,5542014,ราชบุรี,ราชบุรี,2023-12-01,596741.77
3,5542020,สุพรรณบุรี,ศรีประจันต์,2023-12-01,86174.0
3,5542015,สมุทรสงคราม,สมุทรสงคราม,2023-12-01,859821.0
3,5542016,สมุทรสาคร,สมุทรสาคร,2023-12-01,5065972.0
3,5542012,ราชบุรี,สวนผึ้ง,2023-12-01,108997.0
3,5542018,นครปฐม,สามพราน,2023-12-01,1018863.0
3,5542019,สุพรรณบุรี,สุพรรณบุรี,2023-12-01,541705.0
3,5542023,สุพรรณบุรี,อู่ทอง,2023-12-01,348368.0
3,5542017,สมุทรสาคร,อ้อมน้อย,2023-12-01,2525090.0
3,5542021,สุพรรณบุรี,เดิมบางนางบวช,2023-12-01,181148.0
3,5542028,เพชรบุรี,เพชรบุรี,2023-12-01,1178846.0
3,5542025,กาญจนบุรี,เลาขวัญ,2023-12-01,119561.0
4,5551025,กระบี่,กระบี่,2023-12-01,795758.0
4,5551012,สุราษฎร์ธานี,กาญจนดิษฐ์,2023-12-01,273000.52
4,5551031,นครศรีธรรมราช,ขนอม,2023-12-01,114832.0
4,5551034,กระบี่,คลองท่อม,2023-12-01,96408.0
4,5551030,นครศรีธรรมราช,จันดี,2023-12-01,121181.0
4,5551028,นครศรีธรรมราช,ชะอวด,2023-12-01,90978.0
4,5551017,ชุมพร,ชุมพร,2023-12-01,768515.0
4,5551022,พังงา,ตะกั่วป่า,2023-12-01,152690.0
4,5551027,นครศรีธรรมราช,ทุ่งสง,2023-12-01,454757.0
4,5551019,ชุมพร,ท่าแซะ,2023-12-01,84614.0
4,5551023,พังงา,ท้ายเหมือง,2023-12-01,75372.0
4,5551032,นครศรีธรรมราช,นครศรีธรรมราช,2023-12-01,219317.0
4,5551015,สุราษฎร์ธานี,บ้านตาขุน,2023-12-01,83452.0
4,5551014,สุราษฎร์ธานี,บ้านนาสาร,2023-12-01,151603.0
4,5551029,นครศรีธรรมราช,ปากพนัง,2023-12-01,211700.0
4,5551021,พังงา,พังงา,2023-12-01,214033.0
4,5551024,ภูเก็ต,ภูเก็ต,2023-12-01,2033261.0
4,5551020,ระนอง,ระนอง,2023-12-01,424264.0
4,5551011,สุราษฎร์ธานี,สุราษฎร์ธานี,2023-12-01,1600658.0
4,5551018,ชุมพร,หลังสวน,2023-12-01,318416.0
4,5551026,กระบี่,อ่าวลึก,2023-12-01,84649.0
4,5551033,สุราษฎร์ธานี,เกาะพะงัน,2023-12-01,73471.0
4,5551013,สุราษฎร์ธานี,เกาะสมุย,2023-12-01,501048.4
4,5551016,สุราษฎร์ธานี,ไชยา,2023-12-01,82154.0
5,5552021,ตรัง,กันตัง,2023-12-01,210857.0
5,5552018,ตรัง,ตรัง,2023-12-01,344533.0
5,5552027,นราธิวาส,นราธิวาส,2023-12-01,457253.0
5,5552014,สงขลา,นาทวี,2023-12-01,77313.0
5,5552030,สงขลา,พังลา,2023-12-01,81235.0
5,5552016,พัทลุง,พัทลุง,2023-12-01,348308.0
5,5552024,ยะลา,ยะหา,2023-12-01,59085.0
5,5552020,ตรัง,ย่านตาขาว,2023-12-01,117796.0
5,5552015,สงขลา,ระโนด,2023-12-01,36134.0
5,5552028,นราธิวาส,รือเสาะ,2023-12-01,42758.0
5,5552023,สตูล,ละงู,2023-12-01,166603.0
5,5552011,สงขลา,สงขลา,2023-12-01,1332115.0
5,5552022,สตูล,สตูล,2023-12-01,326494.0
5,5552013,สงขลา,สะเดา,2023-12-01,358614.0
5,5552026,ปัตตานี,สายบุรี,2023-12-01,42874.0
5,5552029,นราธิวาส,สุไหงโก-ลก,2023-12-01,227831.0
5,5552012,สงขลา,หาดใหญ่,2023-12-01,1892283.0
5,5552019,ตรัง,ห้วยยอด,2023-12-01,170477.0
5,5552017,พัทลุง,เขาชัยสน,2023-12-01,43926.0
5,5552025,ยะลา,เบตง,2023-12-01,218588.0
6,5521016,ขอนแก่น,กระนวน,2023-12-01,242439.0
6,5521019,กาฬสินธุ์,กาฬสินธุ์,2023-12-01,525838.0
6,5521020,กาฬสินธุ์,กุฉินารายณ์,2023-12-01,86420.0
6,5521011,ขอนแก่น,ขอนแก่น,2023-12-01,2885252.0
6,5521026,ชัยภูมิ,จัตุรัส,2023-12-01,254690.0
6,5521015,ขอนแก่น,ชนบท,2023-12-01,260679.0
6,5521024,ชัยภูมิ,ชัยภูมิ,2023-12-01,752058.0
6,5521013,ขอนแก่น,ชุมแพ,2023-12-01,324021.0
6,5521014,ขอนแก่น,น้ำพอง,2023-12-01,417058.91
6,5521029,ชัยภูมิ,บำเหน็จณรงค์,2023-12-01,220777.0
6,5521012,ขอนแก่น,บ้านไผ่,2023-12-01,298684.0
6,5521023,มหาสารคาม,พยัคฆภูมิพิสัย,2023-12-01,135945.81
6,5521028,ชัยภูมิ,ภูเขียว,2023-12-01,200557.0
6,5521022,มหาสารคาม,มหาสารคาม,2023-12-01,1069236.0
6,5521030,ร้อยเอ็ด,ร้อยเอ็ด,2023-12-01,687990.0
6,5521021,กาฬสินธุ์,สมเด็จ,2023-12-01,114553.0
6,5521032,ร้อยเอ็ด,สุวรรณภูมิ,2023-12-01,105079.0
6,5521027,ชัยภูมิ,หนองบัวแดง,2023-12-01,114576.0
6,5521017,ขอนแก่น,หนองเรือ,2023-12-01,190282.0
6,5521018,ขอนแก่น,เมืองพล,2023-12-01,197560.0
6,5521025,ชัยภูมิ,แก้งคร้อ,2023-12-01,187231.0
6,5521031,ร้อยเอ็ด,โพนทอง,2023-12-01,142862.0
7,5522012,อุดรธานี,กุมภวาปี,2023-12-01,297488.0
7,5522018,เลย,ด่านซ้าย,2023-12-01,76715.0
7,5522028,นครพนม,ธาตุพนม,2023-12-01,193358.0
7,5522027,นครพนม,นครพนม,2023-12-01,334862.0
7,5522021,บึงกาฬ,บึงกาฬ,2023-12-01,155803.0
7,5522014,อุดรธานี,บ้านดุง,2023-12-01,171694.0
7,5522013,อุดรธานี,บ้านผือ,2023-12-01,154803.0
7,5522029,นครพนม,บ้านแพง,2023-12-01,73231.0
7,5522026,สกลนคร,พังโคน,2023-12-01,202246.0
7,5522019,เลย,วังสะพุง,2023-12-01,174596.0
7,5522030,นครพนม,ศรีสงคราม,2023-12-01,105818.0
7,5522022,หนองคาย,ศรีเชียงใหม่,2023-12-01,88605.0
7,5522024,สกลนคร,สกลนคร,2023-12-01,596016.0
7,5522025,สกลนคร,สว่างแดนดิน,2023-12-01,182719.0
7,5522020,หนองคาย,หนองคาย,2023-12-01,524839.0
7,5522015,หนองบัวลำภู,หนองบัวลำภู,2023-12-01,274843.0
7,5522011,อุดรธานี,อุดรธานี,2023-12-01,2104800.0
7,5522017,เลย,เชียงคาน,2023-12-01,173180.0
7,5522016,เลย,เลย,2023-12-01,507325.0
7,5522023,หนองคาย,โพนพิสัย,2023-12-01,139294.0
8,5532029,ศรีสะเกษ,กันทรลักษ์,2023-12-01,104426.0
8,5532022,บุรีรัมย์,นางรอง,2023-12-01,220863.0
8,5532019,บุรีรัมย์,บุรีรัมย์,2023-12-01,796047.0
8,5532012,อุบลราชธานี,พิบูลมังสาหาร,2023-12-01,108837.0
8,5532018,ยโสธร,มหาชนะชัย,2023-12-01,100621.0
8,5532030,มุกดาหาร,มุกดาหาร,2023-12-01,448033.0
8,5532016,ยโสธร,ยโสธร,2023-12-01,287759.0
8,5532026,สุรินทร์,รัตนบุรี,2023-12-01,165625.0
8,5532023,บุรีรัมย์,ละหานทราย,2023-12-01,214304.0
8,5532021,บุรีรัมย์,ลำปลายมาศ,2023-12-01,105439.0
8,5532028,ศรีสะเกษ,ศรีสะเกษ,2023-12-01,684867.0
8,5532025,สุรินทร์,ศีขรภูมิ,2023-12-01,146332.0
8,5532020,บุรีรัมย์,สตึก,2023-12-01,121260.0
8,5532027,สุรินทร์,สังขะ,2023-12-01,198683.0
8,5532024,สุรินทร์,สุรินทร์,2023-12-01,811195.0
8,5532015,อำนาจเจริญ,อำนาจเจริญ,2023-12-01,229974.0
8,5532011,อุบลราชธานี,อุบลราชธานี,2023-12-01,1452152.0
8,5532014,อุบลราชธานี,เขมราฐ,2023-12-01,154133.0
8,5532013,อุบลราชธานี,เดชอุดม,2023-12-01,170945.0
8,5532017,ยโสธร,เลิงนกทา,2023-12-01,104245.0
9,5511017,เชียงใหม่,จอมทอง,2023-12-01,93891.0
9,5511031,พะเยา,จุน,2023-12-01,93691.0
9,5511029,น่าน,ท่าวังผา,2023-12-01,94246.0
9,5511028,น่าน,น่าน,2023-12-01,340661.0
9,5511021,ลำพูน,บ้านโฮ่ง,2023-12-01,18446.0
9,5511016,เชียงใหม่,ฝาง,2023-12-01,113390.0
9,5511030,พะเยา,พะเยา,2023-12-01,497931.0
9,5511033,เชียงราย,พาน,2023-12-01,144349.0
9,5511027,แพร่,ร้องกวาง,2023-12-01,57450.0
9,5511022,ลำปาง,ลำปาง,2023-12-01,844572.0
9,5511020,ลำพูน,ลำพูน,2023-12-01,333805.0
9,5511013,เชียงใหม่,สันกำแพง,2023-12-01,324763.0
9,5511012,เชียงใหม่,ฮอด,2023-12-01,55081.0
9,5511023,ลำปาง,เกาะคา,2023-12-01,107231.0
9,5511032,เชียงราย,เชียงราย,2023-12-01,794016.0
9,5511011,เชียงใหม่,เชียงใหม่,2023-12-01,3298750.0
9,5511026,แพร่,เด่นชัย,2023-12-01,96543.0
9,5511024,ลำปาง,เถิน,2023-12-01,124124.0
9,5511034,เชียงราย,เทิง,2023-12-01,54152.0
9,5511035,เชียงราย,เวียงเชียงของ,2023-12-01,73863.0
9,5511025,แพร่,แพร่,2023-12-01,233139.0
9,5511037,เชียงราย,แม่ขะจาน,2023-12-01,59828.0
9,5511014,เชียงใหม่,แม่ริม,2023-12-01,495319.2
9,5511019,แม่ฮ่องสอน,แม่สะเรียง,2023-12-01,119891.0
9,5511036,เชียงราย,แม่สาย,2023-12-01,381483.0
9,5511018,แม่ฮ่องสอน,แม่ฮ่องสอน,2023-12-01,163747.0
9,5511015,เชียงใหม่,แม่แตง,2023-12-01,162463.0
10,5512017,กำแพงเพชร,กำแพงเพชร,2023-12-01,511140.0
10,5512018,กำแพงเพชร,ขาณุวรลักษบุรี,2023-12-01,106459.0
10,5512034,เพชรบูรณ์,ชนแดน,2023-12-01,63224.0
10,5512015,ชัยนาท,ชัยนาท,2023-12-01,235483.0
10,5512031,พิจิตร,ตะพานหิน,2023-12-01,152666.0
10,5512019,ตาก,ตาก,2023-12-01,515161.0
10,5512022,สุโขทัย,ทุ่งเสลี่ยม,2023-12-01,60848.0
10,5512012,นครสวรรค์,ท่าตะโก,2023-12-01,204593.0
10,5512011,นครสวรรค์,นครสวรรค์,2023-12-01,604590.0
10,5512028,พิษณุโลก,นครไทย,2023-12-01,101530.0
10,5512030,พิจิตร,บางมูลนาก,2023-12-01,92094.0
10,5512014,นครสวรรค์,พยุหะคีรี,2023-12-01,204204.0
10,5512029,พิจิตร,พิจิตร,2023-12-01,472696.0
10,5512027,พิษณุโลก,พิษณุโลก,2023-12-01,621392.0
10,5512013,นครสวรรค์,ลาดยาว,2023-12-01,122400.0
10,5512036,เพชรบูรณ์,วิเชียรบุรี,2023-12-01,130589.0
10,5512025,สุโขทัย,ศรีสัชนาลัย,2023-12-01,117172.0
10,5512023,สุโขทัย,ศรีสำโรง,2023-12-01,48275.0
10,5512024,สุโขทัย,สวรรคโลก,2023-12-01,118182.0
10,5512021,สุโขทัย,สุโขทัย,2023-12-01,380248.0
10,5512035,เพชรบูรณ์,หนองไผ่,2023-12-01,131534.0
10,5512033,เพชรบูรณ์,หล่มสัก,2023-12-01,213415.0
10,5512026,อุตรดิตถ์,อุตรดิตถ์,2023-12-01,76141.0
10,5512016,อุทัยธานี,อุทัยธานี,2023-12-01,205324.0
10,5512032,เพชรบูรณ์,เพชรบูรณ์,2023-12-01,365706.0
10,5512020,ตาก,แม่สอด,2023-12-01,724660.0
1,5531032,ปราจีนบุรี,กบินทร์บุรี,2024-01-01,506481.0
1,5531025,จันทบุรี,ขลุง,2024-01-01,278521.0
1,5531027,ตราด,คลองใหญ่,2024-01-01,83246.0
1,5531024,จันทบุรี,จันทบุรี,2024-01-01,1259294.0
1,5531017,ฉะเชิงเทรา,ฉะเชิงเทรา,2024-01-01,955649.0
1,5531011,ชลบุรี,ชลบุรี,2024-01-01,3893088.0
1,5531026,ตราด,ตราด,2024-01-01,562334.0
1,5531019,ฉะเชิงเทรา,บางคล้า,2024-01-01,1764690.0
1,5531018,ฉะเชิงเทรา,บางปะกง,2024-01-01,1112106.0
1,5531022,ระยอง,บ้านฉาง,2024-01-01,2277695.12
1,5531013,ชลบุรี,บ้านบึง,2024-01-01,1203946.0
1,5531031,ปราจีนบุรี,ปราจีนบุรี,2024-01-01,778366.9
1,5531023,ระยอง,ปากน้ำประแสร์,2024-01-01,468733.0
1,5531020,ฉะเชิงเทรา,พนมสารคาม,2024-01-01,529760.0
1,5531014,ชลบุรี,พนัสนิคม,2024-01-01,1621172.0
1,5531012,ชลบุรี,พัทยา,2024-01-01,4780144.0
1,5531021,ระยอง,ระยอง,2024-01-01,1705896.0
1,5531029,สระแก้ว,วัฒนานคร,2024-01-01,109731.0
1,5531015,ชลบุรี,ศรีราชา,2024-01-01,1626305.0
1,5531028,สระแก้ว,สระแก้ว,2024-01-01,318786.0
1,5531030,สระแก้ว,อรัญประเทศ,2024-01-01,412861.0
1,5531016,ชลบุรี,แหลมฉบัง,2024-01-01,2098383.0
2,5541031,นครราชสีมา,ครบุรี,2024-01-01,155479.0
2,5541039,ปทุมธานี,คลองหลวง,2024-01-01,2628544.0
2,5541017,ลพบุรี,ชัยบาดาล,2024-01-01,203254.0
2,5541036,นครราชสีมา,ชุมพวง,2024-01-01,108277.0
2,5541038,นครราชสีมา,ด่านขุนทด,2024-01-01,157512.0
2,5541024,พระนครศรีอยุธยา,ท่าเรือ,2024-01-01,144381.11
2,5541040,ปทุมธานี,ธัญบุรี,2024-01-01,1800549.0
2,5541027,นครนายก,นครนายก,2024-01-01,389108.0
2,5541029,นครราชสีมา,นครราชสีมา,2024-01-01,913012.0
2,5541028,นครนายก,บ้านนา,2024-01-01,269632.0
2,5541014,สระบุรี,บ้านหมอ,2024-01-01,88020.0
2,5541016,ลพบุรี,บ้านหมี่,2024-01-01,345845.0
2,5541025,ปทุมธานี,ปทุมธานี,2024-01-01,2308819.42
2,5541033,นครราชสีมา,ปักธงชัย,2024-01-01,241285.0
2,5541030,นครราชสีมา,ปากช่อง,2024-01-01,419685.0
2,5541022,พระนครศรีอยุธยา,ผักไห่,2024-01-01,40059.0
2,5541021,พระนครศรีอยุธยา,พระนครศรีอยุธยา,2024-01-01,2466975.7
2,5541011,สระบุรี,พระพุทธบาท,2024-01-01,367675.0
2,5541035,นครราชสีมา,พิมาย,2024-01-01,230814.0
2,5541013,สระบุรี,มวกเหล็ก,2024-01-01,509373.0
2,5541026,ปทุมธานี,รังสิต,2024-01-01,4109969.0
2,5541015,ลพบุรี,ลพบุรี,2024-01-01,1313722.0
2,5541020,อ่างทอง,วิเศษชัยชาญ,2024-01-01,91621.0
2,5541018,สิงห์บุรี,สิงห์บุรี,2024-01-01,240712.0
2,5541032,นครราชสีมา,สีคิ้ว,2024-01-01,754553.0
2,5541012,สระบุรี,หนองแค,2024-01-01,888906.0
2,5541019,อ่างทอง,อ่างทอง,2024-01-01,253024.0
2,5541023,พระนครศรีอยุธยา,เสนา,2024-01-01,241923.12
2,5541034,นครราชสีมา,โชคชัย,2024-01-01,310483.0
2,5541037,นครราชสีมา,โนนสูง,2024-01-01,148100.0
3,5542024,กาญจนบุรี,กาญจนบุรี,2024-01-01,695393.0
3,5542031,ประจวบคีรีขันธ์,กุยบุรี,2024-01-01,374051.0
3,5542022,สุพรรณบุรี,ด่านช้าง,2024-01-01,129744.0
3,5542027,กาญจนบุรี,ท่ามะกา,2024-01-01,210026.0
3,5542033,นครปฐม,นครปฐม,2024-01-01,551150.0
3,5542032,ประจวบคีรีขันธ์,บางสะพาน,2024-01-01,241334.0
3,5542011,ราชบุรี,บ้านโป่ง,2024-01-01,209752.0
3,5542029,ประจวบคีรีขันธ์,ประจวบคีรีขันธ์,2024-01-01,327985.0
3,5542030,ประจวบคีรีขันธ์,ปราณบุรี,2024-01-01,886444.0
3,5542013,ราชบุรี,ปากท่อ,2024-01-01,450030.0
3,5542026,กาญจนบุรี,พนมทวน,2024-01-01,161571.0
3,5542014,ราชบุรี,ราชบุรี,2024-01-01,646020.38
3,5542020,สุพรรณบุรี,ศรีประจันต์,2024-01-01,95805.0
3,5542015,สมุทรสงคราม,สมุทรสงคราม,2024-01-01,925348.0
3,5542016,สมุทรสาคร,สมุทรสาคร,2024-01-01,5122639.0
3,5542012,ราชบุรี,สวนผึ้ง,2024-01-01,125878.0
3,5542018,นครปฐม,สามพราน,2024-01-01,1036186.0
3,5542019,สุพรรณบุรี,สุพรรณบุรี,2024-01-01,575594.0
3,5542023,สุพรรณบุรี,อู่ทอง,2024-01-01,378357.0
3,5542017,สมุทรสาคร,อ้อมน้อย,2024-01-01,2577086.0
3,5542021,สุพรรณบุรี,เดิมบางนางบวช,2024-01-01,195895.0
3,5542028,เพชรบุรี,เพชรบุรี,2024-01-01,1292155.0
3,5542025,กาญจนบุรี,เลาขวัญ,2024-01-01,135879.0
4,5551025,กระบี่,กระบี่,2024-01-01,866485.0
4,5551012,สุราษฎร์ธานี,กาญจนดิษฐ์,2024-01-01,284408.73
4,5551031,นครศรีธรรมราช,ขนอม,2024-01-01,130309.0
4,5551034,กระบี่,คลองท่อม,2024-01-01,106879.0
4,5551030,นครศรีธรรมราช,จันดี,2024-01-01,134243.0
4,5551028,นครศรีธรรมราช,ชะอวด,2024-01-01,92545.0
4,5551017,ชุมพร,ชุมพร,2024-01-01,824076.0
4,5551022,พังงา,ตะกั่วป่า,2024-01-01,204666.0
4,5551027,นครศรีธรรมราช,ทุ่งสง,2024-01-01,498220.0
4,5551019,ชุมพร,ท่าแซะ,2024-01-01,84535.0
4,5551023,พังงา,ท้ายเหมือง,2024-01-01,81387.0
4,5551032,นครศรีธรรมราช,นครศรีธรรมราช,2024-01-01,220648.0
4,5551015,สุราษฎร์ธานี,บ้านตาขุน,2024-01-01,88513.0
4,5551014,สุราษฎร์ธานี,บ้านนาสาร,2024-01-01,163847.0
4,5551029,นครศรีธรรมราช,ปากพนัง,2024-01-01,229532.0
4,5551021,พังงา,พังงา,2024-01-01,237115.0
4,5551024,ภูเก็ต,ภูเก็ต,2024-01-01,2307024.0
4,5551020,ระนอง,ระนอง,2024-01-01,471361.0
4,5551011,สุราษฎร์ธานี,สุราษฎร์ธานี,2024-01-01,1683775.0
4,5551018,ชุมพร,หลังสวน,2024-01-01,337314.0
4,5551026,กระบี่,อ่าวลึก,2024-01-01,88071.0
4,5551033,สุราษฎร์ธานี,เกาะพะงัน,2024-01-01,94828.0
4,5551013,สุราษฎร์ธานี,เกาะสมุย,2024-01-01,594501.98
4,5551016,สุราษฎร์ธานี,ไชยา,2024-01-01,86127.0
5,5552021,ตรัง,กันตัง,2024-01-01,243171.0
5,5552018,ตรัง,ตรัง,2024-01-01,381420.0
5,5552027,นราธิวาส,นราธิวาส,2024-01-01,476744.0
5,5552014,สงขลา,นาทวี,2024-01-01,79481.0
5,5552030,สงขลา,พังลา,2024-01-01,86247.0
5,5552016,พัทลุง,พัทลุง,2024-01-01,363639.0
5,5552024,ยะลา,ยะหา,2024-01-01,64344.0
5,5552020,ตรัง,ย่านตาขาว,2024-01-01,131781.0
5,5552015,สงขลา,ระโนด,2024-01-01,41317.0
5,5552028,นราธิวาส,รือเสาะ,2024-01-01,46469.0
5,5552023,สตูล,ละงู,2024-01-01,184766.0
5,5552011,สงขลา,สงขลา,2024-01-01,1441487.0
5,5552022,สตูล,สตูล,2024-01-01,361183.0
5,5552013,สงขลา,สะเดา,2024-01-01,385786.0
5,5552026,ปัตตานี,สายบุรี,2024-01-01,45774.0
5,5552029,นราธิวาส,สุไหงโก-ลก,2024-01-01,237663.0
5,5552012,สงขลา,หาดใหญ่,2024-01-01,1994263.0
5,5552019,ตรัง,ห้วยยอด,2024-01-01,184332.0
5,5552017,พัทลุง,เขาชัยสน,2024-01-01,47078.0
5,5552025,ยะลา,เบตง,2024-01-01,234850.0
6,5521016,ขอนแก่น,กระนวน,2024-01-01,280656.0
6,5521019,กาฬสินธุ์,กาฬสินธุ์,2024-01-01,557223.0
6,5521020,กาฬสินธุ์,กุฉินารายณ์,2024-01-01,92165.0
6,5521011,ขอนแก่น,ขอนแก่น,2024-01-01,2959402.0
6,5521026,ชัยภูมิ,จัตุรัส,2024-01-01,285183.0
6,5521015,ขอนแก่น,ชนบท,2024-01-01,283876.0
6,5521024,ชัยภูมิ,ชัยภูมิ,2024-01-01,827561.0
6,5521013,ขอนแก่น,ชุมแพ,2024-01-01,356017.0
6,5521014,ขอนแก่น,น้ำพอง,2024-01-01,444339.12
6,5521029,ชัยภูมิ,บำเหน็จณรงค์,2024-01-01,253764.0
6,5521012,ขอนแก่น,บ้านไผ่,2024-01-01,325162.0
6,5521023,มหาสารคาม,พยัคฆภูมิพิสัย,2024-01-01,145019.0
6,5521028,ชัยภูมิ,ภูเขียว,2024-01-01,222186.0
6,5521022,มหาสารคาม,มหาสารคาม,2024-01-01,1126892.0
6,5521030,ร้อยเอ็ด,ร้อยเอ็ด,2024-01-01,721119.0
6,5521021,กาฬสินธุ์,สมเด็จ,2024-01-01,128086.0
6,5521032,ร้อยเอ็ด,สุวรรณภูมิ,2024-01-01,109760.0
6,5521027,ชัยภูมิ,หนองบัวแดง,2024-01-01,131667.0
6,5521017,ขอนแก่น,หนองเรือ,2024-01-01,199548.0
6,5521018,ขอนแก่น,เมืองพล,2024-01-01,219712.0
6,5521025,ชัยภูมิ,แก้งคร้อ,2024-01-01,201875.0
6,5521031,ร้อยเอ็ด,โพนทอง,2024-01-01,154439.0
7,5522012,อุดรธานี,กุมภวาปี,2024-01-01,313662.0
7,5522018,เลย,ด่านซ้าย,2024-01-01,88498.0
7,5522028,นครพนม,ธาตุพนม,2024-01-01,209573.0
7,5522027,นครพนม,นครพนม,2024-01-01,360967.0
7,5522021,บึงกาฬ,บึงกาฬ,2024-01-01,165014.0
7,5522014,อุดรธานี,บ้านดุง,2024-01-01,185490.0
7,5522013,อุดรธานี,บ้านผือ,2024-01-01,166409.0
7,5522029,นครพนม,บ้านแพง,2024-01-01,76982.0
7,5522026,สกลนคร,พังโคน,2024-01-01,217752.0
7,5522019,เลย,วังสะพุง,2024-01-01,183394.0
7,5522030,นครพนม,ศรีสงคราม,2024-01-01,109375.0
7,5522022,หนองคาย,ศรีเชียงใหม่,2024-01-01,93617.0
7,5522024,สกลนคร,สกลนคร,2024-01-01,632260.0
7,5522025,สกลนคร,สว่างแดนดิน,2024-01-01,194397.0
7,5522020,หนองคาย,หนองคาย,2024-01-01,555445.0
7,5522015,หนองบัวลำภู,หนองบัวลำภู,2024-01-01,298319.0
7,5522011,อุดรธานี,อุดรธานี,2024-01-01,2249290.0
7,5522017,เลย,เชียงคาน,2024-01-01,199444.0
7,5522016,เลย,เลย,2024-01-01,531278.0
7,5522023,หนองคาย,โพนพิสัย,2024-01-01,146630.0
8,5532029,ศรีสะเกษ,กันทรลักษ์,2024-01-01,115170.0
8,5532022,บุรีรัมย์,นางรอง,2024-01-01,239897.0
8,5532019,บุรีรัมย์,บุรีรัมย์,2024-01-01,879995.0
8,5532012,อุบลราชธานี,พิบูลมังสาหาร,2024-01-01,121797.0
8,5532018,ยโสธร,มหาชนะชัย,2024-01-01,108493.0
8,5532030,มุกดาหาร,มุกดาหาร,2024-01-01,485683.0
8,5532016,ยโสธร,ยโสธร,2024-01-01,309073.0
8,5532026,สุรินทร์,รัตนบุรี,2024-01-01,183404.0
8,5532023,บุรีรัมย์,ละหานทราย,2024-01-01,247078.0
8,5532021,บุรีรัมย์,ลำปลายมาศ,2024-01-01,113700.0
8,5532028,ศรีสะเกษ,ศรีสะเกษ,2024-01-01,750066.0
8,5532025,สุรินทร์,ศีขรภูมิ,2024-01-01,169997.0
8,5532020,บุรีรัมย์,สตึก,2024-01-01,128023.0
8,5532027,สุรินทร์,สังขะ,2024-01-01,226657.0
8,5532024,สุรินทร์,สุรินทร์,2024-01-01,880952.0
8,5532015,อำนาจเจริญ,อำนาจเจริญ,2024-01-01,242360.0
8,5532011,อุบลราชธานี,อุบลราชธานี,2024-01-01,1530948.0
8,5532014,อุบลราชธานี,เขมราฐ,2024-01-01,166928.0
8,5532013,อุบลราชธานี,เดชอุดม,2024-01-01,187555.0
8,5532017,ยโสธร,เลิงนกทา,2024-01-01,110757.0
9,5511017,เชียงใหม่,จอมทอง,2024-01-01,97900.0
9,5511031,พะเยา,จุน,2024-01-01,101336.0
9,5511029,น่าน,ท่าวังผา,2024-01-01,104774.0
9,5511028,น่าน,น่าน,2024-01-01,361406.0
9,5511021,ลำพูน,บ้านโฮ่ง,2024-01-01,20170.0
9,5511016,เชียงใหม่,ฝาง,2024-01-01,117906.0
9,5511030,พะเยา,พะเยา,2024-01-01,512122.0
9,5511033,เชียงราย,พาน,2024-01-01,155152.0
9,5511027,แพร่,ร้องกวาง,2024-01-01,63398.0
9,5511022,ลำปาง,ลำปาง,2024-01-01,881754.0
9,5511020,ลำพูน,ลำพูน,2024-01-01,346034.0
9,5511013,เชียงใหม่,สันกำแพง,2024-01-01,342141.0
9,5511012,เชียงใหม่,ฮอด,2024-01-01,59182.0
9,5511023,ลำปาง,เกาะคา,2024-01-01,114851.0
9,5511032,เชียงราย,เชียงราย,2024-01-01,810261.49
9,5511011,เชียงใหม่,เชียงใหม่,2024-01-01,3463470.0
9,5511026,แพร่,เด่นชัย,2024-01-01,105168.0
9,5511024,ลำปาง,เถิน,2024-01-01,136954.0
9,5511034,เชียงราย,เทิง,2024-01-01,58559.0
9,5511035,เชียงราย,เวียงเชียงของ,2024-01-01,80089.0
9,5511025,แพร่,แพร่,2024-01-01,250524.0
9,5511037,เชียงราย,แม่ขะจาน,2024-01-01,63815.0
9,5511014,เชียงใหม่,แม่ริม,2024-01-01,519687.83
9,5511019,แม่ฮ่องสอน,แม่สะเรียง,2024-01-01,122135.0
9,5511036,เชียงราย,แม่สาย,2024-01-01,399422.0
9,5511018,แม่ฮ่องสอน,แม่ฮ่องสอน,2024-01-01,167757.0
9,5511015,เชียงใหม่,แม่แตง,2024-01-01,174824.0
10,5512017,กำแพงเพชร,กำแพงเพชร,2024-01-01,537713.0
10,5512018,กำแพงเพชร,ขาณุวรลักษบุรี,2024-01-01,112259.0
10,5512034,เพชรบูรณ์,ชนแดน,2024-01-01,69642.0
10,5512015,ชัยนาท,ชัยนาท,2024-01-01,260646.0
10,5512031,พิจิตร,ตะพานหิน,2024-01-01,164372.0
10,5512019,ตาก,ตาก,2024-01-01,550705.0
10,5512022,สุโขทัย,ทุ่งเสลี่ยม,2024-01-01,64796.0
10,5512012,นครสวรรค์,ท่าตะโก,2024-01-01,223895.0
10,5512011,นครสวรรค์,นครสวรรค์,2024-01-01,639828.0
10,5512028,พิษณุโลก,นครไทย,2024-01-01,106966.0
10,5512030,พิจิตร,บางมูลนาก,2024-01-01,101381.0
10,5512014,นครสวรรค์,พยุหะคีรี,2024-01-01,231694.0
10,5512029,พิจิตร,พิจิตร,2024-01-01,514979.0
10,5512027,พิษณุโลก,พิษณุโลก,2024-01-01,673327.0
10,5512013,นครสวรรค์,ลาดยาว,2024-01-01,136068.0
10,5512036,เพชรบูรณ์,วิเชียรบุรี,2024-01-01,143142.0
10,5512025,สุโขทัย,ศรีสัชนาลัย,2024-01-01,125922.0
10,5512023,สุโขทัย,ศรีสำโรง,2024-01-01,52157.0
10,5512024,สุโขทัย,สวรรคโลก,2024-01-01,132082.0
10,5512021,สุโขทัย,สุโขทัย,2024-01-01,402548.0
10,5512035,เพชรบูรณ์,หนองไผ่,2024-01-01,146335.0
10,5512033,เพชรบูรณ์,หล่มสัก,2024-01-01,230083.0
10,5512026,อุตรดิตถ์,อุตรดิตถ์,2024-01-01,82202.0
10,5512016,อุทัยธานี,อุทัยธานี,2024-01-01,233194.0
10,5512032,เพชรบูรณ์,เพชรบูรณ์,2024-01-01,380890.0
10,5512020,ตาก,แม่สอด,2024-01-01,756849.0
1,5531032,ปราจีนบุรี,กบินทร์บุรี,2024-02-01,502480.0
1,5531025,จันทบุรี,ขลุง,2024-02-01,279668.0
1,5531027,ตราด,คลองใหญ่,2024-02-01,80529.0
1,5531024,จันทบุรี,จันทบุรี,2024-02-01,1194051.82
1,5531017,ฉะเชิงเทรา,ฉะเชิงเทรา,2024-02-01,928539.0
1,5531011,ชลบุรี,ชลบุรี,2024-02-01,3780665.0
1,5531026,ตราด,ตราด,2024-02-01,575309.0
1,5531019,ฉะเชิงเทรา,บางคล้า,2024-02-01,1771527.0
1,5531018,ฉะเชิงเทรา,บางปะกง,2024-02-01,1162094.0
1,5531022,ระยอง,บ้านฉาง,2024-02-01,2283863.64
1,5531013,ชลบุรี,บ้านบึง,2024-02-01,1228939.0
1,5531031,ปราจีนบุรี,ปราจีนบุรี,2024-02-01,806382.0
1,5531023,ระยอง,ปากน้ำประแสร์,2024-02-01,486736.0
1,5531020,ฉะเชิงเทรา,พนมสารคาม,2024-02-01,563651.0
1,5531014,ชลบุรี,พนัสนิคม,2024-02-01,1652158.5
1,5531012,ชลบุรี,พัทยา,2024-02-01,4584213.04
1,5531021,ระยอง,ระยอง,2024-02-01,1643185.0
1,5531029,สระแก้ว,วัฒนานคร,2024-02-01,113408.0
1,5531015,ชลบุรี,ศรีราชา,2024-02-01,1581989.0
1,5531028,สระแก้ว,สระแก้ว,2024-02-01,338307.0
1,5531030,สระแก้ว,อรัญประเทศ,2024-02-01,420484.0
1,5531016,ชลบุรี,แหลมฉบัง,2024-02-01,2089965.0
2,5541031,นครราชสีมา,ครบุรี,2024-02-01,156335.0
2,5541039,ปทุมธานี,คลองหลวง,2024-02-01,2803508.0
2,5541017,ลพบุรี,ชัยบาดาล,2024-02-01,206750.0
2,5541036,นครราชสีมา,ชุมพวง,2024-02-01,103797.0
2,5541038,นครราชสีมา,ด่านขุนทด,2024-02-01,160446.0
2,5541024,พระนครศรีอยุธยา,ท่าเรือ,2024-02-01,141783.0
2,5541040,ปทุมธานี,ธัญบุรี,2024-02-01,1866028.0
2,5541027,นครนายก,นครนายก,2024-02-01,389636.0
2,5541029,นครราชสีมา,นครราชสีมา,2024-02-01,924141.0
2,5541028,นครนายก,บ้านนา,2024-02-01,278912.0
2,5541014,สระบุรี,บ้านหมอ,2024-02-01,87886.0
2,5541016,ลพบุรี,บ้านหมี่,2024-02-01,337782.0
2,5541025,ปทุมธานี,ปทุมธานี,2024-02-01,2385812.08
2,5541033,นครราชสีมา,ปักธงชัย,2024-02-01,246047.0
2,5541030,นครราชสีมา,ปากช่อง,2024-02-01,415699.0
2,5541022,พระนครศรีอยุธยา,ผักไห่,2024-02-01,39195.0
2,5541021,พระนครศรีอยุธยา,พระนครศรีอยุธยา,2024-02-01,2539153.29
2,5541011,สระบุรี,พระพุทธบาท,2024-02-01,377152.0
2,5541035,นครราชสีมา,พิมาย,2024-02-01,231481.0
2,5541013,สระบุรี,มวกเหล็ก,2024-02-01,517589.0
2,5541026,ปทุมธานี,รังสิต,2024-02-01,4270137.0
2,5541015,ลพบุรี,ลพบุรี,2024-02-01,1337839.0
2,5541020,อ่างทอง,วิเศษชัยชาญ,2024-02-01,90859.0
2,5541018,สิงห์บุรี,สิงห์บุรี,2024-02-01,231466.0
2,5541032,นครราชสีมา,สีคิ้ว,2024-02-01,755480.0
2,5541012,สระบุรี,หนองแค,2024-02-01,926411.0
2,5541019,อ่างทอง,อ่างทอง,2024-02-01,242884.0
2,5541023,พระนครศรีอยุธยา,เสนา,2024-02-01,247348.0
2,5541034,นครราชสีมา,โชคชัย,2024-02-01,334338.0
2,5541037,นครราชสีมา,โนนสูง,2024-02-01,143245.0
3,5542024,กาญจนบุรี,กาญจนบุรี,2024-02-01,722718.0
3,5542031,ประจวบคีรีขันธ์,กุยบุรี,2024-02-01,377763.0
3,5542022,สุพรรณบุรี,ด่านช้าง,2024-02-01,124999.0
3,5542027,กาญจนบุรี,ท่ามะกา,2024-02-01,217777.0
3,5542033,นครปฐม,นครปฐม,2024-02-01,583552.0
3,5542032,ประจวบคีรีขันธ์,บางสะพาน,2024-02-01,238276.0
3,5542011,ราชบุรี,บ้านโป่ง,2024-02-01,216943.0
3,5542029,ประจวบคีรีขันธ์,ประจวบคีรีขันธ์,2024-02-01,322976.0
3,5542030,ประจวบคีรีขันธ์,ปราณบุรี,2024-02-01,869677.0
3,5542013,ราชบุรี,ปากท่อ,2024-02-01,456186.0
3,5542026,กาญจนบุรี,พนมทวน,2024-02-01,174924.0
3,5542014,ราชบุรี,ราชบุรี,2024-02-01,665752.0
3,5542020,สุพรรณบุรี,ศรีประจันต์,2024-02-01,100434.0
3,5542015,สมุทรสงคราม,สมุทรสงคราม,2024-02-01,941334.0
3,5542016,สมุทรสาคร,สมุทรสาคร,2024-02-01,5359187.0
3,5542012,ราชบุรี,สวนผึ้ง,2024-02-01,133662.0
3,5542018,นครปฐม,สามพราน,2024-02-01,1095233.0
3,5542019,สุพรรณบุรี,สุพรรณบุรี,2024-02-01,614520.56
3,5542023,สุพรรณบุรี,อู่ทอง,2024-02-01,376271.0
3,5542017,สมุทรสาคร,อ้อมน้อย,2024-02-01,2718027.0
3,5542021,สุพรรณบุรี,เดิมบางนางบวช,2024-02-01,195867.0
3,5542028,เพชรบุรี,เพชรบุรี,2024-02-01,1315526.0
3,5542025,กาญจนบุรี,เลาขวัญ,2024-02-01,135990.0
4,5551025,กระบี่,กระบี่,2024-02-01,912669.0
4,5551012,สุราษฎร์ธานี,กาญจนดิษฐ์,2024-02-01,299494.39
4,5551031,นครศรีธรรมราช,ขนอม,2024-02-01,133708.0
4,5551034,กระบี่,คลองท่อม,2024-02-01,115810.0
4,5551030,นครศรีธรรมราช,จันดี,2024-02-01,137602.0
4,5551028,นครศรีธรรมราช,ชะอวด,2024-02-01,89713.0
4,5551017,ชุมพร,ชุมพร,2024-02-01,820151.0
4,5551022,พังงา,ตะกั่วป่า,2024-02-01,203282.0
4,5551027,นครศรีธรรมราช,ทุ่งสง,2024-02-01,491403.0
4,5551019,ชุมพร,ท่าแซะ,2024-02-01,90903.0
4,5551023,พังงา,ท้ายเหมือง,2024-02-01,87636.0
4,5551032,นครศรีธรรมราช,นครศรีธรรมราช,2024-02-01,225152.0
4,5551015,สุราษฎร์ธานี,บ้านตาขุน,2024-02-01,95080.0
4,5551014,สุราษฎร์ธานี,บ้านนาสาร,2024-02-01,164369.0
4,5551029,นครศรีธรรมราช,ปากพนัง,2024-02-01,229721.0
4,5551021,พังงา,พังงา,2024-02-01,232217.0
4,5551024,ภูเก็ต,ภูเก็ต,2024-02-01,2365985.0
4,5551020,ระนอง,ระนอง,2024-02-01,491304.0
4,5551011,สุราษฎร์ธานี,สุราษฎร์ธานี,2024-02-01,1797369.0
4,5551018,ชุมพร,หลังสวน,2024-02-01,336519.0
4,5551026,กระบี่,อ่าวลึก,2024-02-01,91569.0
4,5551033,สุราษฎร์ธานี,เกาะพะงัน,2024-02-01,110500.0
4,5551013,สุราษฎร์ธานี,เกาะสมุย,2024-02-01,637199.11
4,5551016,สุราษฎร์ธานี,ไชยา,2024-02-01,90345.0
5,5552021,ตรัง,กันตัง,2024-02-01,238233.0
5,5552018,ตรัง,ตรัง,2024-02-01,374871.0
5,5552027,นราธิวาส,นราธิวาส,2024-02-01,487017.0
5,5552014,สงขลา,นาทวี,2024-02-01,83909.0
5,5552030,สงขลา,พังลา,2024-02-01,92745.0
5,5552016,พัทลุง,พัทลุง,2024-02-01,357504.0
5,5552024,ยะลา,ยะหา,2024-02-01,60869.0
5,5552020,ตรัง,ย่านตาขาว,2024-02-01,130562.0
5,5552015,สงขลา,ระโนด,2024-02-01,39335.0
5,5552028,นราธิวาส,รือเสาะ,2024-02-01,43907.0
5,5552023,สตูล,ละงู,2024-02-01,181325.0
5,5552011,สงขลา,สงขลา,2024-02-01,1482239.0
5,5552022,สตูล,สตูล,2024-02-01,366952.0
5,5552013,สงขลา,สะเดา,2024-02-01,396264.0
5,5552026,ปัตตานี,สายบุรี,2024-02-01,46584.0
5,5552029,นราธิวาส,สุไหงโก-ลก,2024-02-01,238064.0
5,5552012,สงขลา,หาดใหญ่,2024-02-01,2045786.0
5,5552019,ตรัง,ห้วยยอด,2024-02-01,194363.0
5,5552017,พัทลุง,เขาชัยสน,2024-02-01,44091.0
5,5552025,ยะลา,เบตง,2024-02-01,222227.0
6,5521016,ขอนแก่น,กระนวน,2024-02-01,246354.0
6,5521019,กาฬสินธุ์,กาฬสินธุ์,2024-02-01,559143.0
6,5521020,กาฬสินธุ์,กุฉินารายณ์,2024-02-01,87364.0
6,5521011,ขอนแก่น,ขอนแก่น,2024-02-01,2978728.0
6,5521026,ชัยภูมิ,จัตุรัส,2024-02-01,266120.0
6,5521015,ขอนแก่น,ชนบท,2024-02-01,285446.0
6,5521024,ชัยภูมิ,ชัยภูมิ,2024-02-01,782277.0
6,5521013,ขอนแก่น,ชุมแพ,2024-02-01,333651.0
6,5521014,ขอนแก่น,น้ำพอง,2024-02-01,437628.0
6,5521029,ชัยภูมิ,บำเหน็จณรงค์,2024-02-01,231290.0
6,5521012,ขอนแก่น,บ้านไผ่,2024-02-01,303757.0
6,5521023,มหาสารคาม,พยัคฆภูมิพิสัย,2024-02-01,141868.0
6,5521028,ชัยภูมิ,ภูเขียว,2024-02-01,206917.0
6,5521022,มหาสารคาม,มหาสารคาม,2024-02-01,1130262.0
6,5521030,ร้อยเอ็ด,ร้อยเอ็ด,2024-02-01,719831.0
6,5521021,กาฬสินธุ์,สมเด็จ,2024-02-01,124194.0
6,5521032,ร้อยเอ็ด,สุวรรณภูมิ,2024-02-01,111270.0
6,5521027,ชัยภูมิ,หนองบัวแดง,2024-02-01,124489.0
6,5521017,ขอนแก่น,หนองเรือ,2024-02-01,197168.0
6,5521018,ขอนแก่น,เมืองพล,2024-02-01,209638.0
6,5521025,ชัยภูมิ,แก้งคร้อ,2024-02-01,200403.0
6,5521031,ร้อยเอ็ด,โพนทอง,2024-02-01,151008.0
7,5522012,อุดรธานี,กุมภวาปี,2024-02-01,309319.0
7,5522018,เลย,ด่านซ้าย,2024-02-01,77588.0
7,5522028,นครพนม,ธาตุพนม,2024-02-01,191430.0
7,5522027,นครพนม,นครพนม,2024-02-01,344113.0
7,5522021,บึงกาฬ,บึงกาฬ,2024-02-01,154004.0
7,5522014,อุดรธานี,บ้านดุง,2024-02-01,170722.0
7,5522013,อุดรธานี,บ้านผือ,2024-02-01,152375.0
7,5522029,นครพนม,บ้านแพง,2024-02-01,75386.0
7,5522026,สกลนคร,พังโคน,2024-02-01,195601.0
7,5522019,เลย,วังสะพุง,2024-02-01,174415.0
7,5522030,นครพนม,ศรีสงคราม,2024-02-01,106529.0
7,5522022,หนองคาย,ศรีเชียงใหม่,2024-02-01,84212.0
7,5522024,สกลนคร,สกลนคร,2024-02-01,641755.0
7,5522025,สกลนคร,สว่างแดนดิน,2024-02-01,180028.0
7,5522020,หนองคาย,หนองคาย,2024-02-01,530772.0
7,5522015,หนองบัวลำภู,หนองบัวลำภู,2024-02-01,277610.0
7,5522011,อุดรธานี,อุดรธานี,2024-02-01,2076876.0
7,5522017,เลย,เชียงคาน,2024-02-01,172775.0
7,5522016,เลย,เลย,2024-02-01,519485.0
7,5522023,หนองคาย,โพนพิสัย,2024-02-01,145875.0
8,5532029,ศรีสะเกษ,กันทรลักษ์,2024-02-01,114055.0
8,5532022,บุรีรัมย์,นางรอง,2024-02-01,231007.0
8,5532019,บุรีรัมย์,บุรีรัมย์,2024-02-01,830179.0
8,5532012,อุบลราชธานี,พิบูลมังสาหาร,2024-02-01,116007.0
8,5532018,ยโสธร,มหาชนะชัย,2024-02-01,102806.0
8,5532030,มุกดาหาร,มุกดาหาร,2024-02-01,456336.0
8,5532016,ยโสธร,ยโสธร,2024-02-01,286573.0
8,5532026,สุรินทร์,รัตนบุรี,2024-02-01,170837.0
8,5532023,บุรีรัมย์,ละหานทราย,2024-02-01,241521.0
8,5532021,บุรีรัมย์,ลำปลายมาศ,2024-02-01,113444.0
8,5532028,ศรีสะเกษ,ศรีสะเกษ,2024-02-01,719931.0
8,5532025,สุรินทร์,ศีขรภูมิ,2024-02-01,155632.0
8,5532020,บุรีรัมย์,สตึก,2024-02-01,122362.0
8,5532027,สุรินทร์,สังขะ,2024-02-01,216089.0
8,5532024,สุรินทร์,สุรินทร์,2024-02-01,848534.0
8,5532015,อำนาจเจริญ,อำนาจเจริญ,2024-02-01,231338.0
8,5532011,อุบลราชธานี,อุบลราชธานี,2024-02-01,1523016.0
8,5532014,อุบลราชธานี,เขมราฐ,2024-02-01,155731.0
8,5532013,อุบลราชธานี,เดชอุดม,2024-02-01,180135.0
8,5532017,ยโสธร,เลิงนกทา,2024-02-01,111549.0
9,5511017,เชียงใหม่,จอมทอง,2024-02-01,96598.0
9,5511031,พะเยา,จุน,2024-02-01,95747.0
9,5511029,น่าน,ท่าวังผา,2024-02-01,97450.0
9,5511028,น่าน,น่าน,2024-02-01,350304.0
9,5511021,ลำพูน,บ้านโฮ่ง,2024-02-01,20109.0
9,5511016,เชียงใหม่,ฝาง,2024-02-01,119781.0
9,5511030,พะเยา,พะเยา,2024-02-01,518817.0
9,5511033,เชียงราย,พาน,2024-02-01,155438.0
9,5511027,แพร่,ร้องกวาง,2024-02-01,59067.0
9,5511022,ลำปาง,ลำปาง,2024-02-01,867277.0
9,5511020,ลำพูน,ลำพูน,2024-02-01,340106.0
9,5511013,เชียงใหม่,สันกำแพง,2024-02-01,343557.0
9,5511012,เชียงใหม่,ฮอด,2024-02-01,58646.0
9,5511023,ลำปาง,เกาะคา,2024-02-01,110190.0
9,5511032,เชียงราย,เชียงราย,2024-02-01,800466.0
9,5511011,เชียงใหม่,เชียงใหม่,2024-02-01,3442646.0
9,5511026,แพร่,เด่นชัย,2024-02-01,97094.0
9,5511024,ลำปาง,เถิน,2024-02-01,129606.0
9,5511034,เชียงราย,เทิง,2024-02-01,53579.0
9,5511035,เชียงราย,เวียงเชียงของ,2024-02-01,77168.0
9,5511025,แพร่,แพร่,2024-02-01,243492.0
9,5511037,เชียงราย,แม่ขะจาน,2024-02-01,62570.0
9,5511014,เชียงใหม่,แม่ริม,2024-02-01,520964.36
9,5511019,แม่ฮ่องสอน,แม่สะเรียง,2024-02-01,120693.0
9,5511036,เชียงราย,แม่สาย,2024-02-01,398923.0
9,5511018,แม่ฮ่องสอน,แม่ฮ่องสอน,2024-02-01,167075.0
9,5511015,เชียงใหม่,แม่แตง,2024-02-01,178512.0
10,5512017,กำแพงเพชร,กำแพงเพชร,2024-02-01,534996.0
10,5512018,กำแพงเพชร,ขาณุวรลักษบุรี,2024-02-01,109031.0
10,5512034,เพชรบูรณ์,ชนแดน,2024-02-01,73292.0
10,5512015,ชัยนาท,ชัยนาท,2024-02-01,246001.08
10,5512031,พิจิตร,ตะพานหิน,2024-02-01,161221.0
10,5512019,ตาก,ตาก,2024-02-01,541937.0
10,5512022,สุโขทัย,ทุ่งเสลี่ยม,2024-02-01,61979.0
10,5512012,นครสวรรค์,ท่าตะโก,2024-02-01,217809.0
10,5512011,นครสวรรค์,นครสวรรค์,2024-02-01,633213.0
10,5512028,พิษณุโลก,นครไทย,2024-02-01,103328.0
10,5512030,พิจิตร,บางมูลนาก,2024-02-01,96818.0
10,5512014,นครสวรรค์,พยุหะคีรี,2024-02-01,210127.0
10,5512029,พิจิตร,พิจิตร,2024-02-01,492163.0
10,5512027,พิษณุโลก,พิษณุโลก,2024-02-01,671296.0
10,5512013,นครสวรรค์,ลาดยาว,2024-02-01,128226.0
10,5512036,เพชรบูรณ์,วิเชียรบุรี,2024-02-01,145471.0
10,5512025,สุโขทัย,ศรีสัชนาลัย,2024-02-01,116807.0
10,5512023,สุโขทัย,ศรีสำโรง,2024-02-01,48623.0
10,5512024,สุโขทัย,สวรรคโลก,2024-02-01,118190.0
10,5512021,สุโขทัย,สุโขทัย,2024-02-01,374205.0
10,5512035,เพชรบูรณ์,หนองไผ่,2024-02-01,142230.0
10,5512033,เพชรบูรณ์,หล่มสัก,2024-02-01,227000.0
10,5512026,อุตรดิตถ์,อุตรดิตถ์,2024-02-01,76874.0
10,5512016,อุทัยธานี,อุทัยธานี,2024-02-01,229117.0
10,5512032,เพชรบูรณ์,เพชรบูรณ์,2024-02-01,379218.0
10,5512020,ตาก,แม่สอด,2024-02-01,754201.0
1,5531032,ปราจีนบุรี,กบินทร์บุรี,2024-03-01,481662.0
1,5531025,จันทบุรี,ขลุง,2024-03-01,271187.0
1,5531027,ตราด,คลองใหญ่,2024-03-01,75568.0
1,5531024,จันทบุรี,จันทบุรี,2024-03-01,1176347.0
1,5531017,ฉะเชิงเทรา,ฉะเชิงเทรา,2024-03-01,914747.0
1,5531011,ชลบุรี,ชลบุรี,2024-03-01,3755328.0
1,5531026,ตราด,ตราด,2024-03-01,537563.0
1,5531019,ฉะเชิงเทรา,บางคล้า,2024-03-01,1743841.0
1,5531018,ฉะเชิงเทรา,บางปะกง,2024-03-01,1124429.0
1,5531022,ระยอง,บ้านฉาง,2024-03-01,2180258.27
1,5531013,ชลบุรี,บ้านบึง,2024-03-01,1206949.0
1,5531031,ปราจีนบุรี,ปราจีนบุรี,2024-03-01,800562.51
1,5531023,ระยอง,ปากน้ำประแสร์,2024-03-01,470895.0
1,5531020,ฉะเชิงเทรา,พนมสารคาม,2024-03-01,552970.0
1,5531014,ชลบุรี,พนัสนิคม,2024-03-01,1637948.0
1,5531012,ชลบุรี,พัทยา,2024-03-01,4525111.08
1,5531021,ระยอง,ระยอง,2024-03-01,1605804.0
1,5531029,สระแก้ว,วัฒนานคร,2024-03-01,114456.0
1,5531015,ชลบุรี,ศรีราชา,2024-03-01,1542844.0
1,5531028,สระแก้ว,สระแก้ว,2024-03-01,318590.0
1,5531030,สระแก้ว,อรัญประเทศ,2024-03-01,421632.0
1,5531016,ชลบุรี,แหลมฉบัง,2024-03-01,2103666.0
2,5541031,นครราชสีมา,ครบุรี,2024-03-01,157334.0
2,5541039,ปทุมธานี,คลองหลวง,2024-03-01,2737942.0
2,5541017,ลพบุรี,ชัยบาดาล,2024-03-01,204576.0
2,5541036,นครราชสีมา,ชุมพวง,2024-03-01,105696.0
2,5541038,นครราชสีมา,ด่านขุนทด,2024-03-01,165359.0
2,5541024,พระนครศรีอยุธยา,ท่าเรือ,2024-03-01,140841.11
2,5541040,ปทุมธานี,ธัญบุรี,2024-03-01,1810960.0
2,5541027,นครนายก,นครนายก,2024-03-01,383925.0
2,5541029,นครราชสีมา,นครราชสีมา,2024-03-01,888499.0
2,5541028,นครนายก,บ้านนา,2024-03-01,278194.0
2,5541014,สระบุรี,บ้านหมอ,2024-03-01,82797.0
2,5541016,ลพบุรี,บ้านหมี่,2024-03-01,339979.0
2,5541025,ปทุมธานี,ปทุมธานี,2024-03-01,2322025.04
2,5541033,นครราชสีมา,ปักธงชัย,2024-03-01,243638.0
2,5541030,นครราชสีมา,ปากช่อง,2024-03-01,404977.0
2,5541022,พระนครศรีอยุธยา,ผักไห่,2024-03-01,39531.0
2,5541021,พระนครศรีอยุธยา,พระนครศรีอยุธยา,2024-03-01,2486820.5
2,5541011,สระบุรี,พระพุทธบาท,2024-03-01,381952.0
2,5541035,นครราชสีมา,พิมาย,2024-03-01,231136.0
2,5541013,สระบุรี,มวกเหล็ก,2024-03-01,499126.0
2,5541026,ปทุมธานี,รังสิต,2024-03-01,4128098.0
2,5541015,ลพบุรี,ลพบุรี,2024-03-01,1316280.0
2,5541020,อ่างทอง,วิเศษชัยชาญ,2024-03-01,89079.0
2,5541018,สิงห์บุรี,สิงห์บุรี,2024-03-01,235156.0
2,5541032,นครราชสีมา,สีคิ้ว,2024-03-01,769856.0
2,5541012,สระบุรี,หนองแค,2024-03-01,900347.0
2,5541019,อ่างทอง,อ่างทอง,2024-03-01,244612.0
2,5541023,พระนครศรีอยุธยา,เสนา,2024-03-01,243663.0
2,5541034,นครราชสีมา,โชคชัย,2024-03-01,378041.0
2,5541037,นครราชสีมา,โนนสูง,2024-03-01,147791.0
3,5542024,กาญจนบุรี,กาญจนบุรี,2024-03-01,724402.0
3,5542031,ประจวบคีรีขันธ์,กุยบุรี,2024-03-01,369671.0
3,5542022,สุพรรณบุรี,ด่านช้าง,2024-03-01,129711.0
3,5542027,กาญจนบุรี,ท่ามะกา,2024-03-01,216232.0
3,5542033,นครปฐม,นครปฐม,2024-03-01,565554.0
3,5542032,ประจวบคีรีขันธ์,บางสะพาน,2024-03-01,227648.0
3,5542011,ราชบุรี,บ้านโป่ง,2024-03-01,211342.0
3,5542029,ประจวบคีรีขันธ์,ประจวบคีรีขันธ์,2024-03-01,314275.0
3,5542030,ประจวบคีรีขันธ์,ปราณบุรี,2024-03-01,887803.0
3,5542013,ราชบุรี,ปากท่อ,2024-03-01,452542.0
3,5542026,กาญจนบุรี,พนมทวน,2024-03-01,173955.0
3,5542014,ราชบุรี,ราชบุรี,2024-03-01,665532.48
3,5542020,สุพรรณบุรี,ศรีประจันต์,2024-03-01,95171.0
3,5542015,สมุทรสงคราม,สมุทรสงคราม,2024-03-01,900792.0
3,5542016,สมุทรสาคร,สมุทรสาคร,2024-03-01,5320360.0
3,5542012,ราชบุรี,สวนผึ้ง,2024-03-01,131585.0
3,5542018,นครปฐม,สามพราน,2024-03-01,1049637.0
3,5542019,สุพรรณบุรี,สุพรรณบุรี,2024-03-01,581072.0
3,5542023,สุพรรณบุรี,อู่ทอง,2024-03-01,381062.0
3,5542017,สมุทรสาคร,อ้อมน้อย,2024-03-01,2628174.0
3,5542021,สุพรรณบุรี,เดิมบางนางบวช,2024-03-01,201487.0
3,5542028,เพชรบุรี,เพชรบุรี,2024-03-01,1301445.0
3,5542025,กาญจนบุรี,เลาขวัญ,2024-03-01,138214.0
4,5551025,กระบี่,กระบี่,2024-03-01,911374.0
4,5551012,สุราษฎร์ธานี,กาญจนดิษฐ์,2024-03-01,304427.0
4,5551031,นครศรีธรรมราช,ขนอม,2024-03-01,130443.0
4,5551034,กระบี่,คลองท่อม,2024-03-01,116427.0
4,5551030,นครศรีธรรมราช,จันดี,2024-03-01,144107.0
4,5551028,นครศรีธรรมราช,ชะอวด,2024-03-01,91230.0
4,5551017,ชุมพร,ชุมพร,2024-03-01,792442.0
4,5551022,พังงา,ตะกั่วป่า,2024-03-01,216809.0
4,5551027,นครศรีธรรมราช,ทุ่งสง,2024-03-01,507109.0
4,5551019,ชุมพร,ท่าแซะ,2024-03-01,81907.0
4,5551023,พังงา,ท้ายเหมือง,2024-03-01,95582.0
4,5551032,นครศรีธรรมราช,นครศรีธรรมราช,2024-03-01,222278.0
4,5551015,สุราษฎร์ธานี,บ้านตาขุน,2024-03-01,96611.0
4,5551014,สุราษฎร์ธานี,บ้านนาสาร,2024-03-01,171045.0
4,5551029,นครศรีธรรมราช,ปากพนัง,2024-03-01,243632.0
4,5551021,พังงา,พังงา,2024-03-01,225842.0
4,5551024,ภูเก็ต,ภูเก็ต,2024-03-01,2292671.0
4,5551020,ระนอง,ระนอง,2024-03-01,473832.0
4,5551011,สุราษฎร์ธานี,สุราษฎร์ธานี,2024-03-01,1771517.73
4,5551018,ชุมพร,หลังสวน,2024-03-01,314607.0
4,5551026,กระบี่,อ่าวลึก,2024-03-01,93838.0
4,5551033,สุราษฎร์ธานี,เกาะพะงัน,2024-03-01,110673.0
4,5551013,สุราษฎร์ธานี,เกาะสมุย,2024-03-01,636305.0
4,5551016,สุราษฎร์ธานี,ไชยา,2024-03-01,90624.0
5,5552021,ตรัง,กันตัง,2024-03-01,268001.0
5,5552018,ตรัง,ตรัง,2024-03-01,395632.0
5,5552027,นราธิวาส,นราธิวาส,2024-03-01,484927.0
5,5552014,สงขลา,นาทวี,2024-03-01,81966.0
5,5552030,สงขลา,พังลา,2024-03-01,98257.0
5,5552016,พัทลุง,พัทลุง,2024-03-01,360756.0
5,5552024,ยะลา,ยะหา,2024-03-01,59594.0
5,5552020,ตรัง,ย่านตาขาว,2024-03-01,155869.0
5,5552015,สงขลา,ระโนด,2024-03-01,41891.0
5,5552028,นราธิวาส,รือเสาะ,2024-03-01,44553.0
5,5552023,สตูล,ละงู,2024-03-01,208269.0
5,5552011,สงขลา,สงขลา,2024-03-01,1476255.0
5,5552022,สตูล,สตูล,2024-03-01,384671.0
5,5552013,สงขลา,สะเดา,2024-03-01,400098.0
5,5552026,ปัตตานี,สายบุรี,2024-03-01,46562.0
5,5552029,นราธิวาส,สุไหงโก-ลก,2024-03-01,241262.0
5,5552012,สงขลา,หาดใหญ่,2024-03-01,2041303.0
5,5552019,ตรัง,ห้วยยอด,2024-03-01,206615.0
5,5552017,พัทลุง,เขาชัยสน,2024-03-01,50198.0
5,5552025,ยะลา,เบตง,2024-03-01,235343.0
6,5521016,ขอนแก่น,กระนวน,2024-03-01,272783.0
6,5521019,กาฬสินธุ์,กาฬสินธุ์,2024-03-01,548888.0
6,5521020,กาฬสินธุ์,กุฉินารายณ์,2024-03-01,86751.0
6,5521011,ขอนแก่น,ขอนแก่น,2024-03-01,2909702.0
6,5521026,ชัยภูมิ,จัตุรัส,2024-03-01,280710.0
6,5521015,ขอนแก่น,ชนบท,2024-03-01,278713.0
6,5521024,ชัยภูมิ,ชัยภูมิ,2024-03-01,786717.0
6,5521013,ขอนแก่น,ชุมแพ,2024-03-01,349056.0
6,5521014,ขอนแก่น,น้ำพอง,2024-03-01,444173.0
6,5521029,ชัยภูมิ,บำเหน็จณรงค์,2024-03-01,241967.0
6,5521012,ขอนแก่น,บ้านไผ่,2024-03-01,313772.0
6,5521023,มหาสารคาม,พยัคฆภูมิพิสัย,2024-03-01,138953.0
6,5521028,ชัยภูมิ,ภูเขียว,2024-03-01,213567.0
6,5521022,มหาสารคาม,มหาสารคาม,2024-03-01,1089760.0
6,5521030,ร้อยเอ็ด,ร้อยเอ็ด,2024-03-01,701888.0
6,5521021,กาฬสินธุ์,สมเด็จ,2024-03-01,132167.0
6,5521032,ร้อยเอ็ด,สุวรรณภูมิ,2024-03-01,108172.0
6,5521027,ชัยภูมิ,หนองบัวแดง,2024-03-01,128703.0
6,5521017,ขอนแก่น,หนองเรือ,2024-03-01,200905.0
6,5521018,ขอนแก่น,เมืองพล,2024-03-01,208848.0
6,5521025,ชัยภูมิ,แก้งคร้อ,2024-03-01,200295.0
6,5521031,ร้อยเอ็ด,โพนทอง,2024-03-01,149982.0
7,5522012,อุดรธานี,กุมภวาปี,2024-03-01,309140.0
7,5522018,เลย,ด่านซ้าย,2024-03-01,82189.0
7,5522028,นครพนม,ธาตุพนม,2024-03-01,209038.0
7,5522027,นครพนม,นครพนม,2024-03-01,344630.0
7,5522021,บึงกาฬ,บึงกาฬ,2024-03-01,152291.0
7,5522014,อุดรธานี,บ้านดุง,2024-03-01,173719.0
7,5522013,อุดรธานี,บ้านผือ,2024-03-01,157180.0
7,5522029,นครพนม,บ้านแพง,2024-03-01,72112.0
7,5522026,สกลนคร,พังโคน,2024-03-01,204856.0
7,5522019,เลย,วังสะพุง,2024-03-01,174762.0
7,5522030,นครพนม,ศรีสงคราม,2024-03-01,104021.0
7,5522022,หนองคาย,ศรีเชียงใหม่,2024-03-01,86866.0
7,5522024,สกลนคร,สกลนคร,2024-03-01,609043.0
7,5522025,สกลนคร,สว่างแดนดิน,2024-03-01,176265.0
7,5522020,หนองคาย,หนองคาย,2024-03-01,522204.0
7,5522015,หนองบัวลำภู,หนองบัวลำภู,2024-03-01,288937.0
7,5522011,อุดรธานี,อุดรธานี,2024-03-01,2131494.0
7,5522017,เลย,เชียงคาน,2024-03-01,174704.0
7,5522016,เลย,เลย,2024-03-01,516914.0
7,5522023,หนองคาย,โพนพิสัย,2024-03-01,135087.0
8,5532029,ศรีสะเกษ,กันทรลักษ์,2024-03-01,116997.0
8,5532022,บุรีรัมย์,นางรอง,2024-03-01,241252.0
8,5532019,บุรีรัมย์,บุรีรัมย์,2024-03-01,851595.0
8,5532012,อุบลราชธานี,พิบูลมังสาหาร,2024-03-01,117715.0
8,5532018,ยโสธร,มหาชนะชัย,2024-03-01,104736.0
8,5532030,มุกดาหาร,มุกดาหาร,2024-03-01,467698.0
8,5532016,ยโสธร,ยโสธร,2024-03-01,289416.0
8,5532026,สุรินทร์,รัตนบุรี,2024-03-01,175599.0
8,5532023,บุรีรัมย์,ละหานทราย,2024-03-01,248059.0
8,5532021,บุรีรัมย์,ลำปลายมาศ,2024-03-01,114965.0
8,5532028,ศรีสะเกษ,ศรีสะเกษ,2024-03-01,737996.0
8,5532025,สุรินทร์,ศีขรภูมิ,2024-03-01,153812.0
8,5532020,บุรีรัมย์,สตึก,2024-03-01,120800.0
8,5532027,สุรินทร์,สังขะ,2024-03-01,219143.0
8,5532024,สุรินทร์,สุรินทร์,2024-03-01,868008.0
8,5532015,อำนาจเจริญ,อำนาจเจริญ,2024-03-01,234130.0
8,5532011,อุบลราชธานี,อุบลราชธานี,2024-03-01,1494762.0
8,5532014,อุบลราชธานี,เขมราฐ,2024-03-01,156096.0
8,5532013,อุบลราชธานี,เดชอุดม,2024-03-01,182806.0
8,5532017,ยโสธร,เลิงนกทา,2024-03-01,108806.0
9,5511017,เชียงใหม่,จอมทอง,2024-03-01,92021.0
9,5511031,พะเยา,จุน,2024-03-01,104026.0
9,5511029,น่าน,ท่าวังผา,2024-03-01,101556.0
9,5511028,น่าน,น่าน,2024-03-01,356850.0
9,5511021,ลำพูน,บ้านโฮ่ง,2024-03-01,20140.0
9,5511016,เชียงใหม่,ฝาง,2024-03-01,117720.0
9,5511030,พะเยา,พะเยา,2024-03-01,546414.0
9,5511033,เชียงราย,พาน,2024-03-01,156962.0
9,5511027,แพร่,ร้องกวาง,2024-03-01,61678.0
9,5511022,ลำปาง,ลำปาง,2024-03-01,879173.0
9,5511020,ลำพูน,ลำพูน,2024-03-01,336389.0
9,5511013,เชียงใหม่,สันกำแพง,2024-03-01,354387.0
9,5511012,เชียงใหม่,ฮอด,2024-03-01,62270.0
9,5511023,ลำปาง,เกาะคา,2024-03-01,113788.0
9,5511032,เชียงราย,เชียงราย,2024-03-01,811673.0
9,5511011,เชียงใหม่,เชียงใหม่,2024-03-01,3396977.0
9,5511026,แพร่,เด่นชัย,2024-03-01,101186.0
9,5511024,ลำปาง,เถิน,2024-03-01,133357.0
9,5511034,เชียงราย,เทิง,2024-03-01,59886.0
9,5511035,เชียงราย,เวียงเชียงของ,2024-03-01,79213.0
9,5511025,แพร่,แพร่,2024-03-01,249054.0
9,5511037,เชียงราย,แม่ขะจาน,2024-03-01,63824.0
9,5511014,เชียงใหม่,แม่ริม,2024-03-01,542214.1
9,5511019,แม่ฮ่องสอน,แม่สะเรียง,2024-03-01,122448.0
9,5511036,เชียงราย,แม่สาย,2024-03-01,416843.0
9,5511018,แม่ฮ่องสอน,แม่ฮ่องสอน,2024-03-01,161209.0
9,5511015,เชียงใหม่,แม่แตง,2024-03-01,168758.0
10,5512017,กำแพงเพชร,กำแพงเพชร,2024-03-01,526999.0
10,5512018,กำแพงเพชร,ขาณุวรลักษบุรี,2024-03-01,109840.0
10,5512034,เพชรบูรณ์,ชนแดน,2024-03-01,67226.0
10,5512015,ชัยนาท,ชัยนาท,2024-03-01,247753.0
10,5512031,พิจิตร,ตะพานหิน,2024-03-01,161677.0
10,5512019,ตาก,ตาก,2024-03-01,555335.0
10,5512022,สุโขทัย,ทุ่งเสลี่ยม,2024-03-01,62561.0
10,5512012,นครสวรรค์,ท่าตะโก,2024-03-01,218999.0
10,5512011,นครสวรรค์,นครสวรรค์,2024-03-01,634211.0
10,5512028,พิษณุโลก,นครไทย,2024-03-01,103372.0
10,5512030,พิจิตร,บางมูลนาก,2024-03-01,96510.0
10,5512014,นครสวรรค์,พยุหะคีรี,2024-03-01,222992.0
10,5512029,พิจิตร,พิจิตร,2024-03-01,500847.0
10,5512027,พิษณุโลก,พิษณุโลก,2024-03-01,657329.0
10,5512013,นครสวรรค์,ลาดยาว,2024-03-01,126282.0
10,5512036,เพชรบูรณ์,วิเชียรบุรี,2024-03-01,144076.0
10,5512025,สุโขทัย,ศรีสัชนาลัย,2024-03-01,124111.0
10,5512023,สุโขทัย,ศรีสำโรง,2024-03-01,51879.0
10,5512024,สุโขทัย,สวรรคโลก,2024-03-01,125706.0
10,5512021,สุโขทัย,สุโขทัย,2024-03-01,385724.0
10,5512035,เพชรบูรณ์,หนองไผ่,2024-03-01,144459.0
10,5512033,เพชรบูรณ์,หล่มสัก,2024-03-01,222454.0
10,5512026,อุตรดิตถ์,อุตรดิตถ์,2024-03-01,76726.0
10,5512016,อุทัยธานี,อุทัยธานี,2024-03-01,237512.0
10,5512032,เพชรบูรณ์,เพชรบูรณ์,2024-03-01,373123.0
10,5512020,ตาก,แม่สอด,2024-03-01,752414.0
1,5531032,ปราจีนบุรี,กบินทร์บุรี,2024-04-01,513704.0
1,5531025,จันทบุรี,ขลุง,2024-04-01,289758.0
1,5531027,ตราด,คลองใหญ่,2024-04-01,80339.0
1,5531024,จันทบุรี,จันทบุรี,2024-04-01,1269936.93
1,5531017,ฉะเชิงเทรา,ฉะเชิงเทรา,2024-04-01,954475.0
1,5531011,ชลบุรี,ชลบุรี,2024-04-01,4013544.0
1,5531026,ตราด,ตราด,2024-04-01,563941.0
1,5531019,ฉะเชิงเทรา,บางคล้า,2024-04-01,1891635.0
1,5531018,ฉะเชิงเทรา,บางปะกง,2024-04-01,1209751.0
1,5531022,ระยอง,บ้านฉาง,2024-04-01,2360949.0
1,5531013,ชลบุรี,บ้านบึง,2024-04-01,1295958.0
1,5531031,ปราจีนบุรี,ปราจีนบุรี,2024-04-01,837159.78
1,5531023,ระยอง,ปากน้ำประแสร์,2024-04-01,486944.0
1,5531020,ฉะเชิงเทรา,พนมสารคาม,2024-04-01,587166.0
1,5531014,ชลบุรี,พนัสนิคม,2024-04-01,1721963.0
1,5531012,ชลบุรี,พัทยา,2024-04-01,4841344.06
1,5531021,ระยอง,ระยอง,2024-04-01,1702873.0
1,5531029,สระแก้ว,วัฒนานคร,2024-04-01,118560.0
1,5531015,ชลบุรี,ศรีราชา,2024-04-01,1624200.0
1,5531028,สระแก้ว,สระแก้ว,2024-04-01,335886.0
1,5531030,สระแก้ว,อรัญประเทศ,2024-04-01,445827.0
1,5531016,ชลบุรี,แหลมฉบัง,2024-04-01,2213788.0
2,5541031,นครราชสีมา,ครบุรี,2024-04-01,166670.0
2,5541039,ปทุมธานี,คลองหลวง,2024-04-01,3018838.0
2,5541017,ลพบุรี,ชัยบาดาล,2024-04-01,224672.0
2,5541036,นครราชสีมา,ชุมพวง,2024-04-01,109132.0
2,5541038,นครราชสีมา,ด่านขุนทด,2024-04-01,168602.0
2,5541024,พระนครศรีอยุธยา,ท่าเรือ,2024-04-01,155730.66
2,5541040,ปทุมธานี,ธัญบุรี,2024-04-01,1985104.0
2,5541027,นครนายก,นครนายก,2024-04-01,409039.0
2,5541029,นครราชสีมา,นครราชสีมา,2024-04-01,937640.0
2,5541028,นครนายก,บ้านนา,2024-04-01,299716.0
2,5541014,สระบุรี,บ้านหมอ,2024-04-01,96357.0
2,5541016,ลพบุรี,บ้านหมี่,2024-04-01,376772.0
2,5541025,ปทุมธานี,ปทุมธานี,2024-04-01,2516706.1
2,5541033,นครราชสีมา,ปักธงชัย,2024-04-01,258746.0
2,5541030,นครราชสีมา,ปากช่อง,2024-04-01,428773.0
2,5541022,พระนครศรีอยุธยา,ผักไห่,2024-04-01,45174.0
2,5541021,พระนครศรีอยุธยา,พระนครศรีอยุธยา,2024-04-01,2741731.92
2,5541011,สระบุรี,พระพุทธบาท,2024-04-01,432448.0
2,5541035,นครราชสีมา,พิมาย,2024-04-01,236949.0
2,5541013,สระบุรี,มวกเหล็ก,2024-04-01,552279.0
2,5541026,ปทุมธานี,รังสิต,2024-04-01,4474713.0
2,5541015,ลพบุรี,ลพบุรี,2024-04-01,1398455.0
2,5541020,อ่างทอง,วิเศษชัยชาญ,2024-04-01,100731.0
2,5541018,สิงห์บุรี,สิงห์บุรี,2024-04-01,259840.0
2,5541032,นครราชสีมา,สีคิ้ว,2024-04-01,788080.0
2,5541012,สระบุรี,หนองแค,2024-04-01,973576.0
2,5541019,อ่างทอง,อ่างทอง,2024-04-01,264390.0
2,5541023,พระนครศรีอยุธยา,เสนา,2024-04-01,269068.0
2,5541034,นครราชสีมา,โชคชัย,2024-04-01,348126.0
2,5541037,นครราชสีมา,โนนสูง,2024-04-01,157422.0
3,5542024,กาญจนบุรี,กาญจนบุรี,2024-04-01,766865.0
3,5542031,ประจวบคีรีขันธ์,กุยบุรี,2024-04-01,408841.0
3,5542022,สุพรรณบุรี,ด่านช้าง,2024-04-01,145915.0
3,5542027,กาญจนบุรี,ท่ามะกา,2024-04-01,235710.0
3,5542033,นครปฐม,นครปฐม,2024-04-01,593514.0
3,5542032,ประจวบคีรีขันธ์,บางสะพาน,2024-04-01,272829.0
3,5542011,ราชบุรี,บ้านโป่ง,2024-04-01,228575.0
3,5542029,ประจวบคีรีขันธ์,ประจวบคีรีขันธ์,2024-04-01,353354.0
3,5542030,ประจวบคีรีขันธ์,ปราณบุรี,2024-04-01,951794.0
3,5542013,ราชบุรี,ปากท่อ,2024-04-01,490669.0
3,5542026,กาญจนบุรี,พนมทวน,2024-04-01,190013.0
3,5542014,ราชบุรี,ราชบุรี,2024-04-01,731570.21
3,5542020,สุพรรณบุรี,ศรีประจันต์,2024-04-01,107438.0
3,5542015,สมุทรสงคราม,สมุทรสงคราม,2024-04-01,1004528.0
3,5542016,สมุทรสาคร,สมุทรสาคร,2024-04-01,5659259.0
3,5542012,ราชบุรี,สวนผึ้ง,2024-04-01,152135.0
3,5542018,นครปฐม,สามพราน,2024-04-01,1121758.0
3,5542019,สุพรรณบุรี,สุพรรณบุรี,2024-04-01,647067.0
3,5542023,สุพรรณบุรี,อู่ทอง,2024-04-01,427347.5
3,5542017,สมุทรสาคร,อ้อมน้อย,2024-04-01,2791900.0
3,5542021,สุพรรณบุรี,เดิมบางนางบวช,2024-04-01,224781.0
3,5542028,เพชรบุรี,เพชรบุรี,2024-04-01,1424655.0
3,5542025,กาญจนบุรี,เลาขวัญ,2024-04-01,158935.0
4,5551025,กระบี่,กระบี่,2024-04-01,955351.0
4,5551012,สุราษฎร์ธานี,กาญจนดิษฐ์,2024-04-01,345446.0
4,5551031,นครศรีธรรมราช,ขนอม,2024-04-01,161358.0
4,5551034,กระบี่,คลองท่อม,2024-04-01,129058.0
4,5551030,นครศรีธรรมราช,จันดี,2024-04-01,157331.0
4,5551028,นครศรีธรรมราช,ชะอวด,2024-04-01,113378.0
4,5551017,ชุมพร,ชุมพร,2024-04-01,906992.0
4,5551022,พังงา,ตะกั่วป่า,2024-04-01,233097.0
4,5551027,นครศรีธรรมราช,ทุ่งสง,2024-04-01,562934.0
4,5551019,ชุมพร,ท่าแซะ,2024-04-01,101876.0
4,5551023,พังงา,ท้ายเหมือง,2024-04-01,101806.0
4,5551032,นครศรีธรรมราช,นครศรีธรรมราช,2024-04-01,257059.0
4,5551015,สุราษฎร์ธานี,บ้านตาขุน,2024-04-01,117408.0
4,5551014,สุราษฎร์ธานี,บ้านนาสาร,2024-04-01,190730.0
4,5551029,นครศรีธรรมราช,ปากพนัง,2024-04-01,268691.0
4,5551021,พังงา,พังงา,2024-04-01,239024.0
4,5551024,ภูเก็ต,ภูเก็ต,2024-04-01,2407925.0
4,5551020,ระนอง,ระนอง,2024-04-01,548147.0
4,5551011,สุราษฎร์ธานี,สุราษฎร์ธานี,2024-04-01,1967121.11
4,5551018,ชุมพร,หลังสวน,2024-04-01,346557.0
4,5551026,กระบี่,อ่าวลึก,2024-04-01,100870.0
4,5551033,สุราษฎร์ธานี,เกาะพะงัน,2024-04-01,112819.0
4,5551013,สุราษฎร์ธานี,เกาะสมุย,2024-04-01,694521.02
4,5551016,สุราษฎร์ธานี,ไชยา,2024-04-01,109474.0
5,5552021,ตรัง,กันตัง,2024-04-01,278237.0
5,5552018,ตรัง,ตรัง,2024-04-01,427532.0
5,5552027,นราธิวาส,นราธิวาส,2024-04-01,522297.67
5,5552014,สงขลา,นาทวี,2024-04-01,92920.0
5,5552030,สงขลา,พังลา,2024-04-01,109226.0
5,5552016,พัทลุง,พัทลุง,2024-04-01,399377.0
5,5552024,ยะลา,ยะหา,2024-04-01,72892.0
5,5552020,ตรัง,ย่านตาขาว,2024-04-01,158927.0
5,5552015,สงขลา,ระโนด,2024-04-01,46852.0
5,5552028,นราธิวาส,รือเสาะ,2024-04-01,51870.0
5,5552023,สตูล,ละงู,2024-04-01,205764.0
5,5552011,สงขลา,สงขลา,2024-04-01,1596952.0
5,5552022,สตูล,สตูล,2024-04-01,403908.0
5,5552013,สงขลา,สะเดา,2024-04-01,427305.0
5,5552026,ปัตตานี,สายบุรี,2024-04-01,50702.0
5,5552029,นราธิวาส,สุไหงโก-ลก,2024-04-01,266452.0
5,5552012,สงขลา,หาดใหญ่,2024-04-01,2250150.0
5,5552019,ตรัง,ห้วยยอด,2024-04-01,232476.0
5,5552017,พัทลุง,เขาชัยสน,2024-04-01,55746.0
5,5552025,ยะลา,เบตง,2024-04-01,246379.0
6,5521016,ขอนแก่น,กระนวน,2024-04-01,288281.0
6,5521019,กาฬสินธุ์,กาฬสินธุ์,2024-04-01,587675.0
6,5521020,กาฬสินธุ์,กุฉินารายณ์,2024-04-01,97607.0
6,5521011,ขอนแก่น,ขอนแก่น,2024-04-01,3207112.0
6,5521026,ชัยภูมิ,จัตุรัส,2024-04-01,306914.0
6,5521015,ขอนแก่น,ชนบท,2024-04-01,309303.0
6,5521024,ชัยภูมิ,ชัยภูมิ,2024-04-01,838395.0
6,5521013,ขอนแก่น,ชุมแพ,2024-04-01,389644.0
6,5521014,ขอนแก่น,น้ำพอง,2024-04-01,484308.0
6,5521029,ชัยภูมิ,บำเหน็จณรงค์,2024-04-01,252757.0
6,5521012,ขอนแก่น,บ้านไผ่,2024-04-01,340049.0
6,5521023,มหาสารคาม,พยัคฆภูมิพิสัย,2024-04-01,150672.0
6,5521028,ชัยภูมิ,ภูเขียว,2024-04-01,235575.0
6,5521022,มหาสารคาม,มหาสารคาม,2024-04-01,1163546.0
6,5521030,ร้อยเอ็ด,ร้อยเอ็ด,2024-04-01,747919.0
6,5521021,กาฬสินธุ์,สมเด็จ,2024-04-01,136229.0
6,5521032,ร้อยเอ็ด,สุวรรณภูมิ,2024-04-01,118640.0
6,5521027,ชัยภูมิ,หนองบัวแดง,2024-04-01,138017.0
6,5521017,ขอนแก่น,หนองเรือ,2024-04-01,228575.0
6,5521018,ขอนแก่น,เมืองพล,2024-04-01,220399.0
6,5521025,ชัยภูมิ,แก้งคร้อ,2024-04-01,220214.0
6,5521031,ร้อยเอ็ด,โพนทอง,2024-04-01,165507.0
7,5522012,อุดรธานี,กุมภวาปี,2024-04-01,346643.0
7,5522018,เลย,ด่านซ้าย,2024-04-01,86258.0
7,5522028,นครพนม,ธาตุพนม,2024-04-01,211334.0
7,5522027,นครพนม,นครพนม,2024-04-01,368757.0
7,5522021,บึงกาฬ,บึงกาฬ,2024-04-01,166066.0
7,5522014,อุดรธานี,บ้านดุง,2024-04-01,193189.0
7,5522013,อุดรธานี,บ้านผือ,2024-04-01,174512.0
7,5522029,นครพนม,บ้านแพง,2024-04-01,79689.0
7,5522026,สกลนคร,พังโคน,2024-04-01,212914.0
7,5522019,เลย,วังสะพุง,2024-04-01,193726.0
7,5522030,นครพนม,ศรีสงคราม,2024-04-01,112582.0
7,5522022,หนองคาย,ศรีเชียงใหม่,2024-04-01,94266.0
7,5522024,สกลนคร,สกลนคร,2024-04-01,638576.0
7,5522025,สกลนคร,สว่างแดนดิน,2024-04-01,191684.0
7,5522020,หนองคาย,หนองคาย,2024-04-01,583565.0
7,5522015,หนองบัวลำภู,หนองบัวลำภู,2024-04-01,323817.0
7,5522011,อุดรธานี,อุดรธานี,2024-04-01,2302135.0
7,5522017,เลย,เชียงคาน,2024-04-01,175079.0
7,5522016,เลย,เลย,2024-04-01,523230.0
7,5522023,หนองคาย,โพนพิสัย,2024-04-01,152782.0
8,5532029,ศรีสะเกษ,กันทรลักษ์,2024-04-01,131283.0
8,5532022,บุรีรัมย์,นางรอง,2024-04-01,249867.0
8,5532019,บุรีรัมย์,บุรีรัมย์,2024-04-01,903362.0
8,5532012,อุบลราชธานี,พิบูลมังสาหาร,2024-04-01,132287.0
8,5532018,ยโสธร,มหาชนะชัย,2024-04-01,117143.0
8,5532030,มุกดาหาร,มุกดาหาร,2024-04-01,483759.0
8,5532016,ยโสธร,ยโสธร,2024-04-01,314090.0
8,5532026,สุรินทร์,รัตนบุรี,2024-04-01,186781.0
8,5532023,บุรีรัมย์,ละหานทราย,2024-04-01,261341.0
8,5532021,บุรีรัมย์,ลำปลายมาศ,2024-04-01,117694.0
8,5532028,ศรีสะเกษ,ศรีสะเกษ,2024-04-01,808252.0
8,5532025,สุรินทร์,ศีขรภูมิ,2024-04-01,178855.0
8,5532020,บุรีรัมย์,สตึก,2024-04-01,129948.0
8,5532027,สุรินทร์,สังขะ,2024-04-01,232806.0
8,5532024,สุรินทร์,สุรินทร์,2024-04-01,937402.0
8,5532015,อำนาจเจริญ,อำนาจเจริญ,2024-04-01,263732.0
8,5532011,อุบลราชธานี,อุบลราชธานี,2024-04-01,1665273.0
8,5532014,อุบลราชธานี,เขมราฐ,2024-04-01,179103.0
8,5532013,อุบลราชธานี,เดชอุดม,2024-04-01,203873.0
8,5532017,ยโสธร,เลิงนกทา,2024-04-01,133335.0
9,5511017,เชียงใหม่,จอมทอง,2024-04-01,104260.0
9,5511031,พะเยา,จุน,2024-04-01,117739.0
9,5511029,น่าน,ท่าวังผา,2024-04-01,103272.0
9,5511028,น่าน,น่าน,2024-04-01,393826.0
9,5511021,ลำพูน,บ้านโฮ่ง,2024-04-01,24820.0
9,5511016,เชียงใหม่,ฝาง,2024-04-01,134242.0
9,5511030,พะเยา,พะเยา,2024-04-01,555683.0
9,5511033,เชียงราย,พาน,2024-04-01,175708.0
9,5511027,แพร่,ร้องกวาง,2024-04-01,72274.0
9,5511022,ลำปาง,ลำปาง,2024-04-01,975199.0
9,5511020,ลำพูน,ลำพูน,2024-04-01,376778.0
9,5511013,เชียงใหม่,สันกำแพง,2024-04-01,380059.0
9,5511012,เชียงใหม่,ฮอด,2024-04-01,69839.0
9,5511023,ลำปาง,เกาะคา,2024-04-01,126415.0
9,5511032,เชียงราย,เชียงราย,2024-04-01,847501.46
9,5511011,เชียงใหม่,เชียงใหม่,2024-04-01,3590813.0
9,5511026,แพร่,เด่นชัย,2024-04-01,116539.0
9,5511024,ลำปาง,เถิน,2024-04-01,150904.0
9,5511034,เชียงราย,เทิง,2024-04-01,60013.0
9,5511035,เชียงราย,เวียงเชียงของ,2024-04-01,88315.0
9,5511025,แพร่,แพร่,2024-04-01,270617.0
9,5511037,เชียงราย,แม่ขะจาน,2024-04-01,70564.0
9,5511014,เชียงใหม่,แม่ริม,2024-04-01,554041.99
9,5511019,แม่ฮ่องสอน,แม่สะเรียง,2024-04-01,142359.0
9,5511036,เชียงราย,แม่สาย,2024-04-01,437915.0
9,5511018,แม่ฮ่องสอน,แม่ฮ่องสอน,2024-04-01,186912.0
9,5511015,เชียงใหม่,แม่แตง,2024-04-01,171769.0
10,5512017,กำแพงเพชร,กำแพงเพชร,2024-04-01,571514.0
10,5512018,กำแพงเพชร,ขาณุวรลักษบุรี,2024-04-01,124162.0
10,5512034,เพชรบูรณ์,ชนแดน,2024-04-01,76554.0
10,5512015,ชัยนาท,ชัยนาท,2024-04-01,278559.0
10,5512031,พิจิตร,ตะพานหิน,2024-04-01,181019.0
10,5512019,ตาก,ตาก,2024-04-01,637524.0
10,5512022,สุโขทัย,ทุ่งเสลี่ยม,2024-04-01,70660.0
10,5512012,นครสวรรค์,ท่าตะโก,2024-04-01,234144.0
10,5512011,นครสวรรค์,นครสวรรค์,2024-04-01,708471.0
10,5512028,พิษณุโลก,นครไทย,2024-04-01,112786.0
10,5512030,พิจิตร,บางมูลนาก,2024-04-01,103778.0
10,5512014,นครสวรรค์,พยุหะคีรี,2024-04-01,248938.0
10,5512029,พิจิตร,พิจิตร,2024-04-01,549471.0
10,5512027,พิษณุโลก,พิษณุโลก,2024-04-01,713255.0
10,5512013,นครสวรรค์,ลาดยาว,2024-04-01,138694.0
10,5512036,เพชรบูรณ์,วิเชียรบุรี,2024-04-01,152681.0
10,5512025,สุโขทัย,ศรีสัชนาลัย,2024-04-01,140722.0
10,5512023,สุโขทัย,ศรีสำโรง,2024-04-01,56331.0
10,5512024,สุโขทัย,สวรรคโลก,2024-04-01,138200.0
10,5512021,สุโขทัย,สุโขทัย,2024-04-01,415475.0
10,5512035,เพชรบูรณ์,หนองไผ่,2024-04-01,152959.0
10,5512033,เพชรบูรณ์,หล่มสัก,2024-04-01,243730.0
10,5512026,อุตรดิตถ์,อุตรดิตถ์,2024-04-01,84826.0
10,5512016,อุทัยธานี,อุทัยธานี,2024-04-01,255916.0
10,5512032,เพชรบูรณ์,เพชรบูรณ์,2024-04-01,387574.0
10,5512020,ตาก,แม่สอด,2024-04-01,887897.0
1,5531032,ปราจีนบุรี,กบินทร์บุรี,2024-05-01,530755.0
1,5531025,จันทบุรี,ขลุง,2024-05-01,334103.0
1,5531027,ตราด,คลองใหญ่,2024-05-01,84254.0
1,5531024,จันทบุรี,จันทบุรี,2024-05-01,1377628.33
1,5531017,ฉะเชิงเทรา,ฉะเชิงเทรา,2024-05-01,941532.0
1,5531011,ชลบุรี,ชลบุรี,2024-05-01,3996701.0
1,5531026,ตราด,ตราด,2024-05-01,609644.0
1,5531019,ฉะเชิงเทรา,บางคล้า,2024-05-01,1913223.0
1,5531018,ฉะเชิงเทรา,บางปะกง,2024-05-01,1185832.0
1,5531022,ระยอง,บ้านฉาง,2024-05-01,2439121.0
1,5531013,ชลบุรี,บ้านบึง,2024-05-01,1301773.0
1,5531031,ปราจีนบุรี,ปราจีนบุรี,2024-05-01,859084.18
1,5531023,ระยอง,ปากน้ำประแสร์,2024-05-01,525778.0
1,5531020,ฉะเชิงเทรา,พนมสารคาม,2024-05-01,631384.0
1,5531014,ชลบุรี,พนัสนิคม,2024-05-01,1759703.9
1,5531012,ชลบุรี,พัทยา,2024-05-01,5052212.07
1,5531021,ระยอง,ระยอง,2024-05-01,1720810.0
1,5531029,สระแก้ว,วัฒนานคร,2024-05-01,125496.0
1,5531015,ชลบุรี,ศรีราชา,2024-05-01,1690041.0
1,5531028,สระแก้ว,สระแก้ว,2024-05-01,341486.0
1,5531030,สระแก้ว,อรัญประเทศ,2024-05-01,469668.0
1,5531016,ชลบุรี,แหลมฉบัง,2024-05-01,2272155.0
2,5541031,นครราชสีมา,ครบุรี,2024-05-01,186115.0
2,5541039,ปทุมธานี,คลองหลวง,2024-05-01,2897511.0
2,5541017,ลพบุรี,ชัยบาดาล,2024-05-01,240441.0
2,5541036,นครราชสีมา,ชุมพวง,2024-05-01,115493.0
2,5541038,นครราชสีมา,ด่านขุนทด,2024-05-01,188685.0
2,5541024,พระนครศรีอยุธยา,ท่าเรือ,2024-05-01,155254.0
2,5541040,ปทุมธานี,ธัญบุรี,2024-05-01,1968138.0
2,5541027,นครนายก,นครนายก,2024-05-01,433440.0
2,5541029,นครราชสีมา,นครราชสีมา,2024-05-01,992103.0
2,5541028,นครนายก,บ้านนา,2024-05-01,310516.0
2,5541014,สระบุรี,บ้านหมอ,2024-05-01,94248.0
2,5541016,ลพบุรี,บ้านหมี่,2024-05-01,409168.0
2,5541025,ปทุมธานี,ปทุมธานี,2024-05-01,2522858.13
2,5541033,นครราชสีมา,ปักธงชัย,2024-05-01,282563.0
2,5541030,นครราชสีมา,ปากช่อง,2024-05-01,444964.0
2,5541022,พระนครศรีอยุธยา,ผักไห่,2024-05-01,46178.0
2,5541021,พระนครศรีอยุธยา,พระนครศรีอยุธยา,2024-05-01,2650781.82
2,5541011,สระบุรี,พระพุทธบาท,2024-05-01,419753.0
2,5541035,นครราชสีมา,พิมาย,2024-05-01,276451.0
2,5541013,สระบุรี,มวกเหล็ก,2024-05-01,576525.0
2,5541026,ปทุมธานี,รังสิต,2024-05-01,4429306.0
2,5541015,ลพบุรี,ลพบุรี,2024-05-01,1406427.0
2,5541020,อ่างทอง,วิเศษชัยชาญ,2024-05-01,104969.0
2,5541018,สิงห์บุรี,สิงห์บุรี,2024-05-01,277332.0
2,5541032,นครราชสีมา,สีคิ้ว,2024-05-01,867527.0
2,5541012,สระบุรี,หนองแค,2024-05-01,985866.0
2,5541019,อ่างทอง,อ่างทอง,2024-05-01,281932.0
2,5541023,พระนครศรีอยุธยา,เสนา,2024-05-01,259702.0
2,5541034,นครราชสีมา,โชคชัย,2024-05-01,349707.0
2,5541037,นครราชสีมา,โนนสูง,2024-05-01,180553.0
3,5542024,กาญจนบุรี,กาญจนบุรี,2024-05-01,825410.0
3,5542031,ประจวบคีรีขันธ์,กุยบุรี,2024-05-01,428459.0
3,5542022,สุพรรณบุรี,ด่านช้าง,2024-05-01,157590.0
3,5542027,กาญจนบุรี,ท่ามะกา,2024-05-01,243488.0
3,5542033,นครปฐม,นครปฐม,2024-05-01,623047.0
3,5542032,ประจวบคีรีขันธ์,บางสะพาน,2024-05-01,291481.0
3,5542011,ราชบุรี,บ้านโป่ง,2024-05-01,236587.0
3,5542029,ประจวบคีรีขันธ์,ประจวบคีรีขันธ์,2024-05-01,383288.0
3,5542030,ประจวบคีรีขันธ์,ปราณบุรี,2024-05-01,1023746.72
3,5542013,ราชบุรี,ปากท่อ,2024-05-01,496371.0
3,5542026,กาญจนบุรี,พนมทวน,2024-05-01,202385.0
3,5542014,ราชบุรี,ราชบุรี,2024-05-01,753775.0
3,5542020,สุพรรณบุรี,ศรีประจันต์,2024-05-01,115428.0
3,5542015,สมุทรสงคราม,สมุทรสงคราม,2024-05-01,1002507.0
3,5542016,สมุทรสาคร,สมุทรสาคร,2024-05-01,5608508.0
3,5542012,ราชบุรี,สวนผึ้ง,2024-05-01,152033.0
3,5542018,นครปฐม,สามพราน,2024-05-01,1147424.0
3,5542019,สุพรรณบุรี,สุพรรณบุรี,2024-05-01,658971.0
3,5542023,สุพรรณบุรี,อู่ทอง,2024-05-01,430000.0
3,5542017,สมุทรสาคร,อ้อมน้อย,2024-05-01,2733069.0
3,5542021,สุพรรณบุรี,เดิมบางนางบวช,2024-05-01,230794.0
3,5542028,เพชรบุรี,เพชรบุรี,2024-05-01,1463954.0
3,5542025,กาญจนบุรี,เลาขวัญ,2024-05-01,174921.0
4,5551025,กระบี่,กระบี่,2024-05-01,938134.0
4,5551012,สุราษฎร์ธานี,กาญจนดิษฐ์,2024-05-01,349455.88
4,5551031,นครศรีธรรมราช,ขนอม,2024-05-01,161170.0
4,5551034,กระบี่,คลองท่อม,2024-05-01,136657.0
4,5551030,นครศรีธรรมราช,จันดี,2024-05-01,162452.0
4,5551028,นครศรีธรรมราช,ชะอวด,2024-05-01,118980.0
4,5551017,ชุมพร,ชุมพร,2024-05-01,942257.0
4,5551022,พังงา,ตะกั่วป่า,2024-05-01,242114.0
4,5551027,นครศรีธรรมราช,ทุ่งสง,2024-05-01,564345.0
4,5551019,ชุมพร,ท่าแซะ,2024-05-01,108110.0
4,5551023,พังงา,ท้ายเหมือง,2024-05-01,104801.0
4,5551032,นครศรีธรรมราช,นครศรีธรรมราช,2024-05-01,248055.0
4,5551015,สุราษฎร์ธานี,บ้านตาขุน,2024-05-01,106073.0
4,5551014,สุราษฎร์ธานี,บ้านนาสาร,2024-05-01,191947.0
4,5551029,นครศรีธรรมราช,ปากพนัง,2024-05-01,304585.0
4,5551021,พังงา,พังงา,2024-05-01,250874.0
4,5551024,ภูเก็ต,ภูเก็ต,2024-05-01,2274688.0
4,5551020,ระนอง,ระนอง,2024-05-01,544251.0
4,5551011,สุราษฎร์ธานี,สุราษฎร์ธานี,2024-05-01,1949557.85
4,5551018,ชุมพร,หลังสวน,2024-05-01,334522.0
4,5551026,กระบี่,อ่าวลึก,2024-05-01,104895.0
4,5551033,สุราษฎร์ธานี,เกาะพะงัน,2024-05-01,76161.0
4,5551013,สุราษฎร์ธานี,เกาะสมุย,2024-05-01,651746.0
4,5551016,สุราษฎร์ธานี,ไชยา,2024-05-01,113242.0
5,5552021,ตรัง,กันตัง,2024-05-01,278742.0
5,5552018,ตรัง,ตรัง,2024-05-01,418110.0
5,5552027,นราธิวาส,นราธิวาส,2024-05-01,514340.0
5,5552014,สงขลา,นาทวี,2024-05-01,90436.0
5,5552030,สงขลา,พังลา,2024-05-01,102312.0
5,5552016,พัทลุง,พัทลุง,2024-05-01,409599.0
5,5552024,ยะลา,ยะหา,2024-05-01,77456.0
5,5552020,ตรัง,ย่านตาขาว,2024-05-01,154272.0
5,5552015,สงขลา,ระโนด,2024-05-01,47888.0
5,5552028,นราธิวาส,รือเสาะ,2024-05-01,53057.0
5,5552023,สตูล,ละงู,2024-05-01,213814.0
5,5552011,สงขลา,สงขลา,2024-05-01,1563516.0
5,5552022,สตูล,สตูล,2024-05-01,382511.0
5,5552013,สงขลา,สะเดา,2024-05-01,421795.0
5,5552026,ปัตตานี,สายบุรี,2024-05-01,51604.0
5,5552029,นราธิวาส,สุไหงโก-ลก,2024-05-01,275958.0
5,5552012,สงขลา,หาดใหญ่,2024-05-01,2206159.0
5,5552019,ตรัง,ห้วยยอด,2024-05-01,221212.0
5,5552017,พัทลุง,เขาชัยสน,2024-05-01,58715.0
5,5552025,ยะลา,เบตง,2024-05-01,241556.0
6,5521016,ขอนแก่น,กระนวน,2024-05-01,314705.0
6,5521019,กาฬสินธุ์,กาฬสินธุ์,2024-05-01,626110.0
6,5521020,กาฬสินธุ์,กุฉินารายณ์,2024-05-01,111246.0
6,5521011,ขอนแก่น,ขอนแก่น,2024-05-01,3328518.0
6,5521026,ชัยภูมิ,จัตุรัส,2024-05-01,335346.0
6,5521015,ขอนแก่น,ชนบท,2024-05-01,351697.0
6,5521024,ชัยภูมิ,ชัยภูมิ,2024-05-01,906828.0
6,5521013,ขอนแก่น,ชุมแพ,2024-05-01,422556.0
6,5521014,ขอนแก่น,น้ำพอง,2024-05-01,542437.0
6,5521029,ชัยภูมิ,บำเหน็จณรงค์,2024-05-01,284552.0
6,5521012,ขอนแก่น,บ้านไผ่,2024-05-01,369968.0
6,5521023,มหาสารคาม,พยัคฆภูมิพิสัย,2024-05-01,161733.0
6,5521028,ชัยภูมิ,ภูเขียว,2024-05-01,269908.0
6,5521022,มหาสารคาม,มหาสารคาม,2024-05-01,1142209.0
6,5521030,ร้อยเอ็ด,ร้อยเอ็ด,2024-05-01,796353.0
6,5521021,กาฬสินธุ์,สมเด็จ,2024-05-01,162630.0
6,5521032,ร้อยเอ็ด,สุวรรณภูมิ,2024-05-01,131470.0
6,5521027,ชัยภูมิ,หนองบัวแดง,2024-05-01,155182.0
6,5521017,ขอนแก่น,หนองเรือ,2024-05-01,258879.0
6,5521018,ขอนแก่น,เมืองพล,2024-05-01,243662.0
6,5521025,ชัยภูมิ,แก้งคร้อ,2024-05-01,248987.0
6,5521031,ร้อยเอ็ด,โพนทอง,2024-05-01,179330.0
7,5522012,อุดรธานี,กุมภวาปี,2024-05-01,394877.0
7,5522018,เลย,ด่านซ้าย,2024-05-01,97393.0
7,5522028,นครพนม,ธาตุพนม,2024-05-01,235027.0
7,5522027,นครพนม,นครพนม,2024-05-01,391504.0
7,5522021,บึงกาฬ,บึงกาฬ,2024-05-01,175156.0
7,5522014,อุดรธานี,บ้านดุง,2024-05-01,211991.0
7,5522013,อุดรธานี,บ้านผือ,2024-05-01,198898.0
7,5522029,นครพนม,บ้านแพง,2024-05-01,84742.0
7,5522026,สกลนคร,พังโคน,2024-05-01,238789.0
7,5522019,เลย,วังสะพุง,2024-05-01,207202.0
7,5522030,นครพนม,ศรีสงคราม,2024-05-01,125838.0
7,5522022,หนองคาย,ศรีเชียงใหม่,2024-05-01,104357.0
7,5522024,สกลนคร,สกลนคร,2024-05-01,693735.0
7,5522025,สกลนคร,สว่างแดนดิน,2024-05-01,209607.0
7,5522020,หนองคาย,หนองคาย,2024-05-01,637391.0
7,5522015,หนองบัวลำภู,หนองบัวลำภู,2024-05-01,366847.0
7,5522011,อุดรธานี,อุดรธานี,2024-05-01,2470914.0
7,5522017,เลย,เชียงคาน,2024-05-01,210493.0
7,5522016,เลย,เลย,2024-05-01,595989.0
7,5522023,หนองคาย,โพนพิสัย,2024-05-01,171808.0
8,5532029,ศรีสะเกษ,กันทรลักษ์,2024-05-01,135313.0
8,5532022,บุรีรัมย์,นางรอง,2024-05-01,269898.0
8,5532019,บุรีรัมย์,บุรีรัมย์,2024-05-01,950962.0
8,5532012,อุบลราชธานี,พิบูลมังสาหาร,2024-05-01,144617.0
8,5532018,ยโสธร,มหาชนะชัย,2024-05-01,129743.0
8,5532030,มุกดาหาร,มุกดาหาร,2024-05-01,537029.0
8,5532016,ยโสธร,ยโสธร,2024-05-01,340589.0
8,5532026,สุรินทร์,รัตนบุรี,2024-05-01,216482.0
8,5532023,บุรีรัมย์,ละหานทราย,2024-05-01,290353.0
8,5532021,บุรีรัมย์,ลำปลายมาศ,2024-05-01,132492.0
8,5532028,ศรีสะเกษ,ศรีสะเกษ,2024-05-01,851580.0
8,5532025,สุรินทร์,ศีขรภูมิ,2024-05-01,191138.0
8,5532020,บุรีรัมย์,สตึก,2024-05-01,136605.0
8,5532027,สุรินทร์,สังขะ,2024-05-01,247448.0
8,5532024,สุรินทร์,สุรินทร์,2024-05-01,971160.0
8,5532015,อำนาจเจริญ,อำนาจเจริญ,2024-05-01,280195.0
8,5532011,อุบลราชธานี,อุบลราชธานี,2024-05-01,1683219.0
8,5532014,อุบลราชธานี,เขมราฐ,2024-05-01,198337.0
8,5532013,อุบลราชธานี,เดชอุดม,2024-05-01,208698.0
8,5532017,ยโสธร,เลิงนกทา,2024-05-01,151928.0
9,5511017,เชียงใหม่,จอมทอง,2024-05-01,110308.0
9,5511031,พะเยา,จุน,2024-05-01,120991.0
9,5511029,น่าน,ท่าวังผา,2024-05-01,112723.0
9,5511028,น่าน,น่าน,2024-05-01,390587.0
9,5511021,ลำพูน,บ้านโฮ่ง,2024-05-01,26448.0
9,5511016,เชียงใหม่,ฝาง,2024-05-01,135291.0
9,5511030,พะเยา,พะเยา,2024-05-01,571305.0
9,5511033,เชียงราย,พาน,2024-05-01,181168.0
9,5511027,แพร่,ร้องกวาง,2024-05-01,76532.0
9,5511022,ลำปาง,ลำปาง,2024-05-01,1030439.0
9,5511020,ลำพูน,ลำพูน,2024-05-01,404893.0
9,5511013,เชียงใหม่,สันกำแพง,2024-05-01,417733.0
9,5511012,เชียงใหม่,ฮอด,2024-05-01,80292.0
9,5511023,ลำปาง,เกาะคา,2024-05-01,132734.0
9,5511032,เชียงราย,เชียงราย,2024-05-01,840497.0
9,5511011,เชียงใหม่,เชียงใหม่,2024-05-01,3729787.0
9,5511026,แพร่,เด่นชัย,2024-05-01,132354.0
9,5511024,ลำปาง,เถิน,2024-05-01,165375.0
9,5511034,เชียงราย,เทิง,2024-05-01,63444.0
9,5511035,เชียงราย,เวียงเชียงของ,2024-05-01,91724.0
9,5511025,แพร่,แพร่,2024-05-01,296767.0
9,5511037,เชียงราย,แม่ขะจาน,2024-05-01,73448.0
9,5511014,เชียงใหม่,แม่ริม,2024-05-01,600800.0
9,5511019,แม่ฮ่องสอน,แม่สะเรียง,2024-05-01,140677.0
9,5511036,เชียงราย,แม่สาย,2024-05-01,462907.0
9,5511018,แม่ฮ่องสอน,แม่ฮ่องสอน,2024-05-01,193570.0
9,5511015,เชียงใหม่,แม่แตง,2024-05-01,190329.0
10,5512017,กำแพงเพชร,กำแพงเพชร,2024-05-01,618577.0
10,5512018,กำแพงเพชร,ขาณุวรลักษบุรี,2024-05-01,130934.0
10,5512034,เพชรบูรณ์,ชนแดน,2024-05-01,84691.0
10,5512015,ชัยนาท,ชัยนาท,2024-05-01,283410.0
10,5512031,พิจิตร,ตะพานหิน,2024-05-01,200966.0
10,5512019,ตาก,ตาก,2024-05-01,668930.0
10,5512022,สุโขทัย,ทุ่งเสลี่ยม,2024-05-01,76986.0
10,5512012,นครสวรรค์,ท่าตะโก,2024-05-01,260298.0
10,5512011,นครสวรรค์,นครสวรรค์,2024-05-01,755568.0
10,5512028,พิษณุโลก,นครไทย,2024-05-01,123962.0
10,5512030,พิจิตร,บางมูลนาก,2024-05-01,119024.0
10,5512014,นครสวรรค์,พยุหะคีรี,2024-05-01,271477.0
10,5512029,พิจิตร,พิจิตร,2024-05-01,594610.0
10,5512027,พิษณุโลก,พิษณุโลก,2024-05-01,734003.0
10,5512013,นครสวรรค์,ลาดยาว,2024-05-01,154903.0
10,5512036,เพชรบูรณ์,วิเชียรบุรี,2024-05-01,168497.0
10,5512025,สุโขทัย,ศรีสัชนาลัย,2024-05-01,151150.0
10,5512023,สุโขทัย,ศรีสำโรง,2024-05-01,65086.0
10,5512024,สุโขทัย,สวรรคโลก,2024-05-01,155184.0
10,5512021,สุโขทัย,สุโขทัย,2024-05-01,469121.0
10,5512035,เพชรบูรณ์,หนองไผ่,2024-05-01,168729.0
10,5512033,เพชรบูรณ์,หล่มสัก,2024-05-01,266336.0
10,5512026,อุตรดิตถ์,อุตรดิตถ์,2024-05-01,93857.0
10,5512016,อุทัยธานี,อุทัยธานี,2024-05-01,280933.0
10,5512032,เพชรบูรณ์,เพชรบูรณ์,2024-05-01,423780.0
10,5512020,ตาก,แม่สอด,2024-05-01,933138.0
1,5531032,ปราจีนบุรี,กบินทร์บุรี,2024-06-01,433615.0
1,5531025,จันทบุรี,ขลุง,2024-06-01,303903.0
1,5531027,ตราด,คลองใหญ่,2024-06-01,75940.0
1,5531024,จันทบุรี,จันทบุรี,2024-06-01,1295406.33
1,5531017,ฉะเชิงเทรา,ฉะเชิงเทรา,2024-06-01,908674.0
1,5531011,ชลบุรี,ชลบุรี,2024-06-01,3862700.0
1,5531026,ตราด,ตราด,2024-06-01,561532.0
1,5531019,ฉะเชิงเทรา,บางคล้า,2024-06-01,1812011.0
1,5531018,ฉะเชิงเทรา,บางปะกง,2024-06-01,1165091.0
1,5531022,ระยอง,บ้านฉาง,2024-06-01,2350318.0
1,5531013,ชลบุรี,บ้านบึง,2024-06-01,1284788.0
1,5531031,ปราจีนบุรี,ปราจีนบุรี,2024-06-01,810887.01
1,5531023,ระยอง,ปากน้ำประแสร์,2024-06-01,464119.0
1,5531020,ฉะเชิงเทรา,พนมสารคาม,2024-06-01,569776.0
1,5531014,ชลบุรี,พนัสนิคม,2024-06-01,1661078.0
1,5531012,ชลบุรี,พัทยา,2024-06-01,4412416.04
1,5531021,ระยอง,ระยอง,2024-06-01,1677136.0
1,5531029,สระแก้ว,วัฒนานคร,2024-06-01,119026.0
1,5531015,ชลบุรี,ศรีราชา,2024-06-01,1504454.0
1,5531028,สระแก้ว,สระแก้ว,2024-06-01,328940.0
1,5531030,สระแก้ว,อรัญประเทศ,2024-06-01,448482.0
1,5531016,ชลบุรี,แหลมฉบัง,2024-06-01,2063571.0
2,5541031,นครราชสีมา,ครบุรี,2024-06-01,159866.0
2,5541039,ปทุมธานี,คลองหลวง,2024-06-01,2930813.0
2,5541017,ลพบุรี,ชัยบาดาล,2024-06-01,213893.0
2,5541036,นครราชสีมา,ชุมพวง,2024-06-01,101492.0
2,5541038,นครราชสีมา,ด่านขุนทด,2024-06-01,169832.0
2,5541024,พระนครศรีอยุธยา,ท่าเรือ,2024-06-01,144647.66
2,5541040,ปทุมธานี,ธัญบุรี,2024-06-01,1923316.0
2,5541027,นครนายก,นครนายก,2024-06-01,367604.0
2,5541029,นครราชสีมา,นครราชสีมา,2024-06-01,932483.0
2,5541028,นครนายก,บ้านนา,2024-06-01,323318.0
2,5541014,สระบุรี,บ้านหมอ,2024-06-01,89026.0
2,5541016,ลพบุรี,บ้านหมี่,2024-06-01,362404.0
2,5541025,ปทุมธานี,ปทุมธานี,2024-06-01,2475387.09
2,5541033,นครราชสีมา,ปักธงชัย,2024-06-01,253280.0
2,5541030,นครราชสีมา,ปากช่อง,2024-06-01,423420.0
2,5541022,พระนครศรีอยุธยา,ผักไห่,2024-06-01,42378.0
2,5541021,พระนครศรีอยุธยา,พระนครศรีอยุธยา,2024-06-01,2706186.54
2,5541011,สระบุรี,พระพุทธบาท,2024-06-01,419351.0
2,5541035,นครราชสีมา,พิมาย,2024-06-01,237426.0
2,5541013,สระบุรี,มวกเหล็ก,2024-06-01,530053.0
2,5541026,ปทุมธานี,รังสิต,2024-06-01,4340779.0
2,5541015,ลพบุรี,ลพบุรี,2024-06-01,1350397.0
2,5541020,อ่างทอง,วิเศษชัยชาญ,2024-06-01,96135.0
2,5541018,สิงห์บุรี,สิงห์บุรี,2024-06-01,249317.0
2,5541032,นครราชสีมา,สีคิ้ว,2024-06-01,799226.0
2,5541012,สระบุรี,หนองแค,2024-06-01,955506.0
2,5541019,อ่างทอง,อ่างทอง,2024-06-01,260453.0
2,5541023,พระนครศรีอยุธยา,เสนา,2024-06-01,256702.0
2,5541034,นครราชสีมา,โชคชัย,2024-06-01,333050.0
2,5541037,นครราชสีมา,โนนสูง,2024-06-01,159651.0
3,5542024,กาญจนบุรี,กาญจนบุรี,2024-06-01,713635.0
3,5542031,ประจวบคีรีขันธ์,กุยบุรี,2024-06-01,376482.0
3,5542022,สุพรรณบุรี,ด่านช้าง,2024-06-01,140627.0
3,5542027,กาญจนบุรี,ท่ามะกา,2024-06-01,231023.0
3,5542033,นครปฐม,นครปฐม,2024-06-01,594199.0
3,5542032,ประจวบคีรีขันธ์,บางสะพาน,2024-06-01,245253.0
3,5542011,ราชบุรี,บ้านโป่ง,2024-06-01,221244.0
3,5542029,ประจวบคีรีขันธ์,ประจวบคีรีขันธ์,2024-06-01,335761.0
3,5542030,ประจวบคีรีขันธ์,ปราณบุรี,2024-06-01,881391.0
3,5542013,ราชบุรี,ปากท่อ,2024-06-01,480621.0
3,5542026,กาญจนบุรี,พนมทวน,2024-06-01,174114.0
3,5542014,ราชบุรี,ราชบุรี,2024-06-01,698817.0
3,5542020,สุพรรณบุรี,ศรีประจันต์,2024-06-01,104381.0
3,5542015,สมุทรสงคราม,สมุทรสงคราม,2024-06-01,979680.0
3,5542016,สมุทรสาคร,สมุทรสาคร,2024-06-01,5761756.0
3,5542012,ราชบุรี,สวนผึ้ง,2024-06-01,123148.0
3,5542018,นครปฐม,สามพราน,2024-06-01,1132866.0
3,5542019,สุพรรณบุรี,สุพรรณบุรี,2024-06-01,615869.0
3,5542023,สุพรรณบุรี,อู่ทอง,2024-06-01,407679.0
3,5542017,สมุทรสาคร,อ้อมน้อย,2024-06-01,2750884.0
3,5542021,สุพรรณบุรี,เดิมบางนางบวช,2024-06-01,204911.0
3,5542028,เพชรบุรี,เพชรบุรี,2024-06-01,1355369.6
3,5542025,กาญจนบุรี,เลาขวัญ,2024-06-01,143143.0
4,5551025,กระบี่,กระบี่,2024-06-01,890848.0
4,5551012,สุราษฎร์ธานี,กาญจนดิษฐ์,2024-06-01,333606.75
4,5551031,นครศรีธรรมราช,ขนอม,2024-06-01,154431.0
4,5551034,กระบี่,คลองท่อม,2024-06-01,117630.0
4,5551030,นครศรีธรรมราช,จันดี,2024-06-01,141067.0
4,5551028,นครศรีธรรมราช,ชะอวด,2024-06-01,110093.0
4,5551017,ชุมพร,ชุมพร,2024-06-01,936468.0
4,5551022,พังงา,ตะกั่วป่า,2024-06-01,197881.0
4,5551027,นครศรีธรรมราช,ทุ่งสง,2024-06-01,520929.0
4,5551019,ชุมพร,ท่าแซะ,2024-06-01,97708.0
4,5551023,พังงา,ท้ายเหมือง,2024-06-01,88326.0
4,5551032,นครศรีธรรมราช,นครศรีธรรมราช,2024-06-01,237141.0
4,5551015,สุราษฎร์ธานี,บ้านตาขุน,2024-06-01,99305.0
4,5551014,สุราษฎร์ธานี,บ้านนาสาร,2024-06-01,179706.0
4,5551029,นครศรีธรรมราช,ปากพนัง,2024-06-01,273916.0
4,5551021,พังงา,พังงา,2024-06-01,249166.0
4,5551024,ภูเก็ต,ภูเก็ต,2024-06-01,2026478.0
4,5551020,ระนอง,ระนอง,2024-06-01,493954.98
4,5551011,สุราษฎร์ธานี,สุราษฎร์ธานี,2024-06-01,1967848.73
4,5551018,ชุมพร,หลังสวน,2024-06-01,351615.0
4,5551026,กระบี่,อ่าวลึก,2024-06-01,99083.0
4,5551033,สุราษฎร์ธานี,เกาะพะงัน,2024-06-01,69741.0
4,5551013,สุราษฎร์ธานี,เกาะสมุย,2024-06-01,618245.0
4,5551016,สุราษฎร์ธานี,ไชยา,2024-06-01,104936.0
5,5552021,ตรัง,กันตัง,2024-06-01,250078.0
5,5552018,ตรัง,ตรัง,2024-06-01,403703.0
5,5552027,นราธิวาส,นราธิวาส,2024-06-01,520345.0
5,5552014,สงขลา,นาทวี,2024-06-01,90123.0
5,5552030,สงขลา,พังลา,2024-06-01,100308.0
5,5552016,พัทลุง,พัทลุง,2024-06-01,385972.0
5,5552024,ยะลา,ยะหา,2024-06-01,74489.0
5,5552020,ตรัง,ย่านตาขาว,2024-06-01,133682.0
5,5552015,สงขลา,ระโนด,2024-06-01,45230.0
5,5552028,นราธิวาส,รือเสาะ,2024-06-01,52829.0
5,5552023,สตูล,ละงู,2024-06-01,185806.0
5,5552011,สงขลา,สงขลา,2024-06-01,1553466.0
5,5552022,สตูล,สตูล,2024-06-01,373510.0
5,5552013,สงขลา,สะเดา,2024-06-01,418490.0
5,5552026,ปัตตานี,สายบุรี,2024-06-01,52271.0
5,5552029,นราธิวาส,สุไหงโก-ลก,2024-06-01,276638.0
5,5552012,สงขลา,หาดใหญ่,2024-06-01,2199560.0
5,5552019,ตรัง,ห้วยยอด,2024-06-01,201413.0
5,5552017,พัทลุง,เขาชัยสน,2024-06-01,52008.0
5,5552025,ยะลา,เบตง,2024-06-01,240840.0
6,5521016,ขอนแก่น,กระนวน,2024-06-01,281512.0
6,5521019,กาฬสินธุ์,กาฬสินธุ์,2024-06-01,563194.0
6,5521020,กาฬสินธุ์,กุฉินารายณ์,2024-06-01,96124.0
6,5521011,ขอนแก่น,ขอนแก่น,2024-06-01,3095156.0
6,5521026,ชัยภูมิ,จัตุรัส,2024-06-01,289020.0
6,5521015,ขอนแก่น,ชนบท,2024-06-01,289584.0
6,5521024,ชัยภูมิ,ชัยภูมิ,2024-06-01,846972.0
6,5521013,ขอนแก่น,ชุมแพ,2024-06-01,375401.0
6,5521014,ขอนแก่น,น้ำพอง,2024-06-01,444790.0
6,5521029,ชัยภูมิ,บำเหน็จณรงค์,2024-06-01,244617.0
6,5521012,ขอนแก่น,บ้านไผ่,2024-06-01,322830.0
6,5521023,มหาสารคาม,พยัคฆภูมิพิสัย,2024-06-01,148829.31
6,5521028,ชัยภูมิ,ภูเขียว,2024-06-01,227306.0
6,5521022,มหาสารคาม,มหาสารคาม,2024-06-01,1021455.0
6,5521030,ร้อยเอ็ด,ร้อยเอ็ด,2024-06-01,755694.0
6,5521021,กาฬสินธุ์,สมเด็จ,2024-06-01,134075.0
6,5521032,ร้อยเอ็ด,สุวรรณภูมิ,2024-06-01,115707.0
6,5521027,ชัยภูมิ,หนองบัวแดง,2024-06-01,134014.0
6,5521017,ขอนแก่น,หนองเรือ,2024-06-01,215541.0
6,5521018,ขอนแก่น,เมืองพล,2024-06-01,218221.0
6,5521025,ชัยภูมิ,แก้งคร้อ,2024-06-01,206602.0
6,5521031,ร้อยเอ็ด,โพนทอง,2024-06-01,159588.0
7,5522012,อุดรธานี,กุมภวาปี,2024-06-01,342211.0
7,5522018,เลย,ด่านซ้าย,2024-06-01,88117.0
7,5522028,นครพนม,ธาตุพนม,2024-06-01,211440.0
7,5522027,นครพนม,นครพนม,2024-06-01,357667.0
7,5522021,บึงกาฬ,บึงกาฬ,2024-06-01,161154.0
7,5522014,อุดรธานี,บ้านดุง,2024-06-01,189297.0
7,5522013,อุดรธานี,บ้านผือ,2024-06-01,169406.0
7,5522029,นครพนม,บ้านแพง,2024-06-01,77455.0
7,5522026,สกลนคร,พังโคน,2024-06-01,215585.0
7,5522019,เลย,วังสะพุง,2024-06-01,187053.0
7,5522030,นครพนม,ศรีสงคราม,2024-06-01,110859.0
7,5522022,หนองคาย,ศรีเชียงใหม่,2024-06-01,96935.0
7,5522024,สกลนคร,สกลนคร,2024-06-01,652434.0
7,5522025,สกลนคร,สว่างแดนดิน,2024-06-01,193209.0
7,5522020,หนองคาย,หนองคาย,2024-06-01,577960.0
7,5522015,หนองบัวลำภู,หนองบัวลำภู,2024-06-01,321725.0
7,5522011,อุดรธานี,อุดรธานี,2024-06-01,2313479.0
7,5522017,เลย,เชียงคาน,2024-06-01,186239.0
7,5522016,เลย,เลย,2024-06-01,546913.0
7,5522023,หนองคาย,โพนพิสัย,2024-06-01,145719.0
8,5532029,ศรีสะเกษ,กันทรลักษ์,2024-06-01,122477.0
8,5532022,บุรีรัมย์,นางรอง,2024-06-01,251831.0
8,5532019,บุรีรัมย์,บุรีรัมย์,2024-06-01,879243.0
8,5532012,อุบลราชธานี,พิบูลมังสาหาร,2024-06-01,122103.0
8,5532018,ยโสธร,มหาชนะชัย,2024-06-01,112508.0
8,5532030,มุกดาหาร,มุกดาหาร,2024-06-01,488849.0
8,5532016,ยโสธร,ยโสธร,2024-06-01,302246.0
8,5532026,สุรินทร์,รัตนบุรี,2024-06-01,184875.0
8,5532023,บุรีรัมย์,ละหานทราย,2024-06-01,246009.0
8,5532021,บุรีรัมย์,ลำปลายมาศ,2024-06-01,112123.0
8,5532028,ศรีสะเกษ,ศรีสะเกษ,2024-06-01,778626.0
8,5532025,สุรินทร์,ศีขรภูมิ,2024-06-01,165874.17
8,5532020,บุรีรัมย์,สตึก,2024-06-01,125941.0
8,5532027,สุรินทร์,สังขะ,2024-06-01,211205.0
8,5532024,สุรินทร์,สุรินทร์,2024-06-01,897640.0
8,5532015,อำนาจเจริญ,อำนาจเจริญ,2024-06-01,260016.0
8,5532011,อุบลราชธานี,อุบลราชธานี,2024-06-01,1536785.0
8,5532014,อุบลราชธานี,เขมราฐ,2024-06-01,165474.0
8,5532013,อุบลราชธานี,เดชอุดม,2024-06-01,189120.0
8,5532017,ยโสธร,เลิงนกทา,2024-06-01,145807.0
9,5511017,เชียงใหม่,จอมทอง,2024-06-01,95469.0
9,5511031,พะเยา,จุน,2024-06-01,110395.0
9,5511029,น่าน,ท่าวังผา,2024-06-01,100148.0
9,5511028,น่าน,น่าน,2024-06-01,368957.0
9,5511021,ลำพูน,บ้านโฮ่ง,2024-06-01,22893.0
9,5511016,เชียงใหม่,ฝาง,2024-06-01,130370.0
9,5511030,พะเยา,พะเยา,2024-06-01,526562.0
9,5511033,เชียงราย,พาน,2024-06-01,162070.0
9,5511027,แพร่,ร้องกวาง,2024-06-01,61367.0
9,5511022,ลำปาง,ลำปาง,2024-06-01,906199.0
9,5511020,ลำพูน,ลำพูน,2024-06-01,374612.0
9,5511013,เชียงใหม่,สันกำแพง,2024-06-01,357782.0
9,5511012,เชียงใหม่,ฮอด,2024-06-01,66593.0
9,5511023,ลำปาง,เกาะคา,2024-06-01,114888.4
9,5511032,เชียงราย,เชียงราย,2024-06-01,840949.0
9,5511011,เชียงใหม่,เชียงใหม่,2024-06-01,3445813.0
9,5511026,แพร่,เด่นชัย,2024-06-01,109915.0
9,5511024,ลำปาง,เถิน,2024-06-01,137606.0
9,5511034,เชียงราย,เทิง,2024-06-01,59891.0
9,5511035,เชียงราย,เวียงเชียงของ,2024-06-01,87764.0
9,5511025,แพร่,แพร่,2024-06-01,257959.0
9,5511037,เชียงราย,แม่ขะจาน,2024-06-01,67092.0
9,5511014,เชียงใหม่,แม่ริม,2024-06-01,528377.03
9,5511019,แม่ฮ่องสอน,แม่สะเรียง,2024-06-01,133469.0
9,5511036,เชียงราย,แม่สาย,2024-06-01,437577.0
9,5511018,แม่ฮ่องสอน,แม่ฮ่องสอน,2024-06-01,182685.0
9,5511015,เชียงใหม่,แม่แตง,2024-06-01,172083.0
10,5512017,กำแพงเพชร,กำแพงเพชร,2024-06-01,574128.0
10,5512018,กำแพงเพชร,ขาณุวรลักษบุรี,2024-06-01,120185.0
10,5512034,เพชรบูรณ์,ชนแดน,2024-06-01,70170.0
10,5512015,ชัยนาท,ชัยนาท,2024-06-01,276395.0
10,5512031,พิจิตร,ตะพานหิน,2024-06-01,170943.0
10,5512019,ตาก,ตาก,2024-06-01,570734.0
10,5512022,สุโขทัย,ทุ่งเสลี่ยม,2024-06-01,66262.0
10,5512012,นครสวรรค์,ท่าตะโก,2024-06-01,227850.0
10,5512011,นครสวรรค์,นครสวรรค์,2024-06-01,672440.0
10,5512028,พิษณุโลก,นครไทย,2024-06-01,103921.0
10,5512030,พิจิตร,บางมูลนาก,2024-06-01,103430.0
10,5512014,นครสวรรค์,พยุหะคีรี,2024-06-01,227502.0
10,5512029,พิจิตร,พิจิตร,2024-06-01,543244.0
10,5512027,พิษณุโลก,พิษณุโลก,2024-06-01,679749.0
10,5512013,นครสวรรค์,ลาดยาว,2024-06-01,134155.0
10,5512036,เพชรบูรณ์,วิเชียรบุรี,2024-06-01,152465.0
10,5512025,สุโขทัย,ศรีสัชนาลัย,2024-06-01,130088.0
10,5512023,สุโขทัย,ศรีสำโรง,2024-06-01,55454.0
10,5512024,สุโขทัย,สวรรคโลก,2024-06-01,136101.0
10,5512021,สุโขทัย,สุโขทัย,2024-06-01,413033.0
10,5512035,เพชรบูรณ์,หนองไผ่,2024-06-01,148359.0
10,5512033,เพชรบูรณ์,หล่มสัก,2024-06-01,275602.0
10,5512026,อุตรดิตถ์,อุตรดิตถ์,2024-06-01,82839.0
10,5512016,อุทัยธานี,อุทัยธานี,2024-06-01,236598.0
10,5512032,เพชรบูรณ์,เพชรบูรณ์,2024-06-01,383630.0
10,5512020,ตาก,แม่สอด,2024-06-01,865074.0
1,5531032,ปราจีนบุรี,กบินทร์บุรี,2024-07-01,391395.0
1,5531025,จันทบุรี,ขลุง,2024-07-01,250644.0
1,5531027,ตราด,คลองใหญ่,2024-07-01,67243.0
1,5531024,จันทบุรี,จันทบุรี,2024-07-01,1161346.36
1,5531017,ฉะเชิงเทรา,ฉะเชิงเทรา,2024-07-01,856456.0
1,5531011,ชลบุรี,ชลบุรี,2024-07-01,3858242.0
1,5531026,ตราด,ตราด,2024-07-01,508254.0
1,5531019,ฉะเชิงเทรา,บางคล้า,2024-07-01,1718805.0
1,5531018,ฉะเชิงเทรา,บางปะกง,2024-07-01,1111396.0
1,5531022,ระยอง,บ้านฉาง,2024-07-01,2276800.0
1,5531013,ชลบุรี,บ้านบึง,2024-07-01,1250140.0
1,5531031,ปราจีนบุรี,ปราจีนบุรี,2024-07-01,765451.16
1,5531023,ระยอง,ปากน้ำประแสร์,2024-07-01,408672.0
1,5531020,ฉะเชิงเทรา,พนมสารคาม,2024-07-01,532491.0
1,5531014,ชลบุรี,พนัสนิคม,2024-07-01,1625768.0
1,5531012,ชลบุรี,พัทยา,2024-07-01,4551168.03
1,5531021,ระยอง,ระยอง,2024-07-01,1624255.0
1,5531029,สระแก้ว,วัฒนานคร,2024-07-01,111529.0
1,5531015,ชลบุรี,ศรีราชา,2024-07-01,1546819.0
1,5531028,สระแก้ว,สระแก้ว,2024-07-01,312675.0
1,5531030,สระแก้ว,อรัญประเทศ,2024-07-01,427178.0
1,5531016,ชลบุรี,แหลมฉบัง,2024-07-01,2126431.0
2,5541031,นครราชสีมา,ครบุรี,2024-07-01,157362.0
2,5541039,ปทุมธานี,คลองหลวง,2024-07-01,2770697.0
2,5541017,ลพบุรี,ชัยบาดาล,2024-07-01,205127.0
2,5541036,นครราชสีมา,ชุมพวง,2024-07-01,101211.0
2,5541038,นครราชสีมา,ด่านขุนทด,2024-07-01,160697.0
2,5541024,พระนครศรีอยุธยา,ท่าเรือ,2024-07-01,139025.0
2,5541040,ปทุมธานี,ธัญบุรี,2024-07-01,1819151.0
2,5541027,นครนายก,นครนายก,2024-07-01,352669.0
2,5541029,นครราชสีมา,นครราชสีมา,2024-07-01,917044.0
2,5541028,นครนายก,บ้านนา,2024-07-01,280760.0
2,5541014,สระบุรี,บ้านหมอ,2024-07-01,83053.0
2,5541016,ลพบุรี,บ้านหมี่,2024-07-01,344517.0
2,5541025,ปทุมธานี,ปทุมธานี,2024-07-01,2339512.56
2,5541033,นครราชสีมา,ปักธงชัย,2024-07-01,243232.0
2,5541030,นครราชสีมา,ปากช่อง,2024-07-01,410600.0
2,5541022,พระนครศรีอยุธยา,ผักไห่,2024-07-01,41060.0
2,5541021,พระนครศรีอยุธยา,พระนครศรีอยุธยา,2024-07-01,2595907.07
2,5541011,สระบุรี,พระพุทธบาท,2024-07-01,404739.0
2,5541035,นครราชสีมา,พิมาย,2024-07-01,233927.0
2,5541013,สระบุรี,มวกเหล็ก,2024-07-01,507326.0
2,5541026,ปทุมธานี,รังสิต,2024-07-01,4144734.0
2,5541015,ลพบุรี,ลพบุรี,2024-07-01,1299701.0
2,5541020,อ่างทอง,วิเศษชัยชาญ,2024-07-01,87432.0
2,5541018,สิงห์บุรี,สิงห์บุรี,2024-07-01,238991.0
2,5541032,นครราชสีมา,สีคิ้ว,2024-07-01,764045.0
2,5541012,สระบุรี,หนองแค,2024-07-01,906182.0
2,5541019,อ่างทอง,อ่างทอง,2024-07-01,247462.0
2,5541023,พระนครศรีอยุธยา,เสนา,2024-07-01,247149.0
2,5541034,นครราชสีมา,โชคชัย,2024-07-01,329027.0
2,5541037,นครราชสีมา,โนนสูง,2024-07-01,151716.0
3,5542024,กาญจนบุรี,กาญจนบุรี,2024-07-01,668974.0
3,5542031,ประจวบคีรีขันธ์,กุยบุรี,2024-07-01,367880.0
3,5542022,สุพรรณบุรี,ด่านช้าง,2024-07-01,137790.0
3,5542027,กาญจนบุรี,ท่ามะกา,2024-07-01,216017.0
3,5542033,นครปฐม,นครปฐม,2024-07-01,566176.0
3,5542032,ประจวบคีรีขันธ์,บางสะพาน,2024-07-01,237716.0
3,5542011,ราชบุรี,บ้านโป่ง,2024-07-01,210041.0
3,5542029,ประจวบคีรีขันธ์,ประจวบคีรีขันธ์,2024-07-01,328367.0
3,5542030,ประจวบคีรีขันธ์,ปราณบุรี,2024-07-01,836040.0
3,5542013,ราชบุรี,ปากท่อ,2024-07-01,431287.0
3,5542026,กาญจนบุรี,พนมทวน,2024-07-01,164383.0
3,5542014,ราชบุรี,ราชบุรี,2024-07-01,640134.6
3,5542020,สุพรรณบุรี,ศรีประจันต์,2024-07-01,95194.0
3,5542015,สมุทรสงคราม,สมุทรสงคราม,2024-07-01,924125.0
3,5542016,สมุทรสาคร,สมุทรสาคร,2024-07-01,5630293.0
3,5542012,ราชบุรี,สวนผึ้ง,2024-07-01,119334.0
3,5542018,นครปฐม,สามพราน,2024-07-01,1088359.0
3,5542019,สุพรรณบุรี,สุพรรณบุรี,2024-07-01,602519.71
3,5542023,สุพรรณบุรี,อู่ทอง,2024-07-01,396385.0
3,5542017,สมุทรสาคร,อ้อมน้อย,2024-07-01,2665379.0
3,5542021,สุพรรณบุรี,เดิมบางนางบวช,2024-07-01,196624.0
3,5542028,เพชรบุรี,เพชรบุรี,2024-07-01,1279179.0
3,5542025,กาญจนบุรี,เลาขวัญ,2024-07-01,137649.0
4,5551025,กระบี่,กระบี่,2024-07-01,837431.0
4,5551012,สุราษฎร์ธานี,กาญจนดิษฐ์,2024-07-01,299458.92
4,5551031,นครศรีธรรมราช,ขนอม,2024-07-01,137295.0
4,5551034,กระบี่,คลองท่อม,2024-07-01,108256.0
4,5551030,นครศรีธรรมราช,จันดี,2024-07-01,130570.0
4,5551028,นครศรีธรรมราช,ชะอวด,2024-07-01,103352.0
4,5551017,ชุมพร,ชุมพร,2024-07-01,863630.0
4,5551022,พังงา,ตะกั่วป่า,2024-07-01,157914.0
4,5551027,นครศรีธรรมราช,ทุ่งสง,2024-07-01,490567.0
4,5551019,ชุมพร,ท่าแซะ,2024-07-01,90035.0
4,5551023,พังงา,ท้ายเหมือง,2024-07-01,79679.0
4,5551032,นครศรีธรรมราช,นครศรีธรรมราช,2024-07-01,227890.0
4,5551015,สุราษฎร์ธานี,บ้านตาขุน,2024-07-01,89777.0
4,5551014,สุราษฎร์ธานี,บ้านนาสาร,2024-07-01,173801.0
4,5551029,นครศรีธรรมราช,ปากพนัง,2024-07-01,251792.0
4,5551021,พังงา,พังงา,2024-07-01,237443.0
4,5551024,ภูเก็ต,ภูเก็ต,2024-07-01,1918596.0
4,5551020,ระนอง,ระนอง,2024-07-01,431874.0
4,5551011,สุราษฎร์ธานี,สุราษฎร์ธานี,2024-07-01,1781245.43
4,5551018,ชุมพร,หลังสวน,2024-07-01,401637.0
4,5551026,กระบี่,อ่าวลึก,2024-07-01,91724.0
4,5551033,สุราษฎร์ธานี,เกาะพะงัน,2024-07-01,52697.0
4,5551013,สุราษฎร์ธานี,เกาะสมุย,2024-07-01,585469.63
4,5551016,สุราษฎร์ธานี,ไชยา,2024-07-01,95917.0
5,5552021,ตรัง,กันตัง,2024-07-01,233046.0
5,5552018,ตรัง,ตรัง,2024-07-01,376604.0
5,5552027,นราธิวาส,นราธิวาส,2024-07-01,489911.0
5,5552014,สงขลา,นาทวี,2024-07-01,84822.0
5,5552030,สงขลา,พังลา,2024-07-01,94740.0
5,5552016,พัทลุง,พัทลุง,2024-07-01,365827.0
5,5552024,ยะลา,ยะหา,2024-07-01,67682.0
5,5552020,ตรัง,ย่านตาขาว,2024-07-01,126056.0
5,5552015,สงขลา,ระโนด,2024-07-01,41484.0
5,5552028,นราธิวาส,รือเสาะ,2024-07-01,44588.0
5,5552023,สตูล,ละงู,2024-07-01,179140.0
5,5552011,สงขลา,สงขลา,2024-07-01,1522282.0
5,5552022,สตูล,สตูล,2024-07-01,355477.0
5,5552013,สงขลา,สะเดา,2024-07-01,408211.0
5,5552026,ปัตตานี,สายบุรี,2024-07-01,50421.0
5,5552029,นราธิวาส,สุไหงโก-ลก,2024-07-01,263839.0
5,5552012,สงขลา,หาดใหญ่,2024-07-01,2091055.0
5,5552019,ตรัง,ห้วยยอด,2024-07-01,185638.0
5,5552017,พัทลุง,เขาชัยสน,2024-07-01,49600.0
5,5552025,ยะลา,เบตง,2024-07-01,233376.0
6,5521016,ขอนแก่น,กระนวน,2024-07-01,256763.0
6,5521019,กาฬสินธุ์,กาฬสินธุ์,2024-07-01,533861.0
6,5521020,กาฬสินธุ์,กุฉินารายณ์,2024-07-01,87332.0
6,5521011,ขอนแก่น,ขอนแก่น,2024-07-01,2990162.0
6,5521026,ชัยภูมิ,จัตุรัส,2024-07-01,267634.0
6,5521015,ขอนแก่น,ชนบท,2024-07-01,264137.0
6,5521024,ชัยภูมิ,ชัยภูมิ,2024-07-01,791550.0
6,5521013,ขอนแก่น,ชุมแพ,2024-07-01,356941.0
6,5521014,ขอนแก่น,น้ำพอง,2024-07-01,420052.0
6,5521029,ชัยภูมิ,บำเหน็จณรงค์,2024-07-01,234986.0
6,5521012,ขอนแก่น,บ้านไผ่,2024-07-01,305832.0
6,5521023,มหาสารคาม,พยัคฆภูมิพิสัย,2024-07-01,136356.0
6,5521028,ชัยภูมิ,ภูเขียว,2024-07-01,209427.0
6,5521022,มหาสารคาม,มหาสารคาม,2024-07-01,1068720.0
6,5521030,ร้อยเอ็ด,ร้อยเอ็ด,2024-07-01,702145.0
6,5521021,กาฬสินธุ์,สมเด็จ,2024-07-01,122888.0
6,5521032,ร้อยเอ็ด,สุวรรณภูมิ,2024-07-01,105912.0
6,5521027,ชัยภูมิ,หนองบัวแดง,2024-07-01,120958.0
6,5521017,ขอนแก่น,หนองเรือ,2024-07-01,206036.0
6,5521018,ขอนแก่น,เมืองพล,2024-07-01,206195.0
6,5521025,ชัยภูมิ,แก้งคร้อ,2024-07-01,195982.0
6,5521031,ร้อยเอ็ด,โพนทอง,2024-07-01,146683.0
7,5522012,อุดรธานี,กุมภวาปี,2024-07-01,309412.0
7,5522018,เลย,ด่านซ้าย,2024-07-01,84251.0
7,5522028,นครพนม,ธาตุพนม,2024-07-01,188714.0
7,5522027,นครพนม,นครพนม,2024-07-01,335598.0
7,5522021,บึงกาฬ,บึงกาฬ,2024-07-01,151441.0
7,5522014,อุดรธานี,บ้านดุง,2024-07-01,170903.0
7,5522013,อุดรธานี,บ้านผือ,2024-07-01,156984.0
7,5522029,นครพนม,บ้านแพง,2024-07-01,68223.0
7,5522026,สกลนคร,พังโคน,2024-07-01,199219.0
7,5522019,เลย,วังสะพุง,2024-07-01,175447.0
7,5522030,นครพนม,ศรีสงคราม,2024-07-01,103287.0
7,5522022,หนองคาย,ศรีเชียงใหม่,2024-07-01,90278.0
7,5522024,สกลนคร,สกลนคร,2024-07-01,606591.0
7,5522025,สกลนคร,สว่างแดนดิน,2024-07-01,185245.0
7,5522020,หนองคาย,หนองคาย,2024-07-01,537152.0
7,5522015,หนองบัวลำภู,หนองบัวลำภู,2024-07-01,299343.0
7,5522011,อุดรธานี,อุดรธานี,2024-07-01,2185462.0
7,5522017,เลย,เชียงคาน,2024-07-01,171744.0
7,5522016,เลย,เลย,2024-07-01,529672.0
7,5522023,หนองคาย,โพนพิสัย,2024-07-01,142321.0
8,5532029,ศรีสะเกษ,กันทรลักษ์,2024-07-01,114613.0
8,5532022,บุรีรัมย์,นางรอง,2024-07-01,232398.0
8,5532019,บุรีรัมย์,บุรีรัมย์,2024-07-01,829030.0
8,5532012,อุบลราชธานี,พิบูลมังสาหาร,2024-07-01,108233.0
8,5532018,ยโสธร,มหาชนะชัย,2024-07-01,101671.0
8,5532030,มุกดาหาร,มุกดาหาร,2024-07-01,445225.0
8,5532016,ยโสธร,ยโสธร,2024-07-01,282392.0
8,5532026,สุรินทร์,รัตนบุรี,2024-07-01,172923.0
8,5532023,บุรีรัมย์,ละหานทราย,2024-07-01,233626.0
8,5532021,บุรีรัมย์,ลำปลายมาศ,2024-07-01,110519.0
8,5532028,ศรีสะเกษ,ศรีสะเกษ,2024-07-01,729895.0
8,5532025,สุรินทร์,ศีขรภูมิ,2024-07-01,155633.44
8,5532020,บุรีรัมย์,สตึก,2024-07-01,120782.0
8,5532027,สุรินทร์,สังขะ,2024-07-01,198761.0
8,5532024,สุรินทร์,สุรินทร์,2024-07-01,849579.0
8,5532015,อำนาจเจริญ,อำนาจเจริญ,2024-07-01,234392.0
8,5532011,อุบลราชธานี,อุบลราชธานี,2024-07-01,1492320.0
8,5532014,อุบลราชธานี,เขมราฐ,2024-07-01,154773.0
8,5532013,อุบลราชธานี,เดชอุดม,2024-07-01,172497.0
8,5532017,ยโสธร,เลิงนกทา,2024-07-01,119585.0
9,5511017,เชียงใหม่,จอมทอง,2024-07-01,88115.0
9,5511031,พะเยา,จุน,2024-07-01,101529.0
9,5511029,น่าน,ท่าวังผา,2024-07-01,95125.0
9,5511028,น่าน,น่าน,2024-07-01,340135.0
9,5511021,ลำพูน,บ้านโฮ่ง,2024-07-01,20565.0
9,5511016,เชียงใหม่,ฝาง,2024-07-01,124377.0
9,5511030,พะเยา,พะเยา,2024-07-01,505297.0
9,5511033,เชียงราย,พาน,2024-07-01,153412.0
9,5511027,แพร่,ร้องกวาง,2024-07-01,60272.0
9,5511022,ลำปาง,ลำปาง,2024-07-01,863600.0
9,5511020,ลำพูน,ลำพูน,2024-07-01,351327.0
9,5511013,เชียงใหม่,สันกำแพง,2024-07-01,325782.0
9,5511012,เชียงใหม่,ฮอด,2024-07-01,61350.0
9,5511023,ลำปาง,เกาะคา,2024-07-01,111320.8
9,5511032,เชียงราย,เชียงราย,2024-07-01,788241.0
9,5511011,เชียงใหม่,เชียงใหม่,2024-07-01,3287222.0
9,5511026,แพร่,เด่นชัย,2024-07-01,99514.0
9,5511024,ลำปาง,เถิน,2024-07-01,124192.0
9,5511034,เชียงราย,เทิง,2024-07-01,53896.0
9,5511035,เชียงราย,เวียงเชียงของ,2024-07-01,76342.0
9,5511025,แพร่,แพร่,2024-07-01,241856.0
9,5511037,เชียงราย,แม่ขะจาน,2024-07-01,63927.0
9,5511014,เชียงใหม่,แม่ริม,2024-07-01,492750.09
9,5511019,แม่ฮ่องสอน,แม่สะเรียง,2024-07-01,121807.0
9,5511036,เชียงราย,แม่สาย,2024-07-01,409433.0
9,5511018,แม่ฮ่องสอน,แม่ฮ่องสอน,2024-07-01,162444.0
9,5511015,เชียงใหม่,แม่แตง,2024-07-01,162184.5
10,5512017,กำแพงเพชร,กำแพงเพชร,2024-07-01,528176.0
10,5512018,กำแพงเพชร,ขาณุวรลักษบุรี,2024-07-01,110105.0
10,5512034,เพชรบูรณ์,ชนแดน,2024-07-01,68472.0
10,5512015,ชัยนาท,ชัยนาท,2024-07-01,255412.0
10,5512031,พิจิตร,ตะพานหิน,2024-07-01,159387.0
10,5512019,ตาก,ตาก,2024-07-01,532973.0
10,5512022,สุโขทัย,ทุ่งเสลี่ยม,2024-07-01,62095.0
10,5512012,นครสวรรค์,ท่าตะโก,2024-07-01,212576.0
10,5512011,นครสวรรค์,นครสวรรค์,2024-07-01,622112.0
10,5512028,พิษณุโลก,นครไทย,2024-07-01,98506.0
10,5512030,พิจิตร,บางมูลนาก,2024-07-01,96944.0
10,5512014,นครสวรรค์,พยุหะคีรี,2024-07-01,209364.0
10,5512029,พิจิตร,พิจิตร,2024-07-01,503633.0
10,5512027,พิษณุโลก,พิษณุโลก,2024-07-01,658521.0
10,5512013,นครสวรรค์,ลาดยาว,2024-07-01,120202.0
10,5512036,เพชรบูรณ์,วิเชียรบุรี,2024-07-01,141209.0
10,5512025,สุโขทัย,ศรีสัชนาลัย,2024-07-01,121544.0
10,5512023,สุโขทัย,ศรีสำโรง,2024-07-01,50652.0
10,5512024,สุโขทัย,สวรรคโลก,2024-07-01,127296.0
10,5512021,สุโขทัย,สุโขทัย,2024-07-01,381489.0
10,5512035,เพชรบูรณ์,หนองไผ่,2024-07-01,135937.0
10,5512033,เพชรบูรณ์,หล่มสัก,2024-07-01,220077.0
10,5512026,อุตรดิตถ์,อุตรดิตถ์,2024-07-01,77346.0
10,5512016,อุทัยธานี,อุทัยธานี,2024-07-01,213869.0
10,5512032,เพชรบูรณ์,เพชรบูรณ์,2024-07-01,376455.0
10,5512020,ตาก,แม่สอด,2024-07-01,775067.0
1,5531032,ปราจีนบุรี,กบินทร์บุรี,2024-08-01,401476.0
1,5531025,จันทบุรี,ขลุง,2024-08-01,246549.0
1,5531027,ตราด,คลองใหญ่,2024-08-01,67833.0
1,5531024,จันทบุรี,จันทบุรี,2024-08-01,1166082.0
1,5531017,ฉะเชิงเทรา,ฉะเชิงเทรา,2024-08-01,854126.0
1,5531011,ชลบุรี,ชลบุรี,2024-08-01,3808462.0
1,5531026,ตราด,ตราด,2024-08-01,507375.0
1,5531019,ฉะเชิงเทรา,บางคล้า,2024-08-01,1728741.0
1,5531018,ฉะเชิงเทรา,บางปะกง,2024-08-01,1106529.0
1,5531022,ระยอง,บ้านฉาง,2024-08-01,2283505.0
1,5531013,ชลบุรี,บ้านบึง,2024-08-01,1251376.0
1,5531031,ปราจีนบุรี,ปราจีนบุรี,2024-08-01,783899.33
1,5531023,ระยอง,ปากน้ำประแสร์,2024-08-01,413026.0
1,5531020,ฉะเชิงเทรา,พนมสารคาม,2024-08-01,524302.0
1,5531014,ชลบุรี,พนัสนิคม,2024-08-01,1621814.0
1,5531012,ชลบุรี,พัทยา,2024-08-01,4514002.0
1,5531021,ระยอง,ระยอง,2024-08-01,1627439.0
1,5531029,สระแก้ว,วัฒนานคร,2024-08-01,109659.0
1,5531015,ชลบุรี,ศรีราชา,2024-08-01,1515275.0
1,5531028,สระแก้ว,สระแก้ว,2024-08-01,315775.0
1,5531030,สระแก้ว,อรัญประเทศ,2024-08-01,421566.0
1,5531016,ชลบุรี,แหลมฉบัง,2024-08-01,2086249.0
2,5541031,นครราชสีมา,ครบุรี,2024-08-01,143852.0
2,5541039,ปทุมธานี,คลองหลวง,2024-08-01,2774252.0
2,5541017,ลพบุรี,ชัยบาดาล,2024-08-01,195085.0
2,5541036,นครราชสีมา,ชุมพวง,2024-08-01,97949.0
2,5541038,นครราชสีมา,ด่านขุนทด,2024-08-01,150513.0
2,5541024,พระนครศรีอยุธยา,ท่าเรือ,2024-08-01,134968.11
2,5541040,ปทุมธานี,ธัญบุรี,2024-08-01,1814338.0
2,5541027,นครนายก,นครนายก,2024-08-01,352901.0
2,5541029,นครราชสีมา,นครราชสีมา,2024-08-01,879387.0
2,5541028,นครนายก,บ้านนา,2024-08-01,274065.0
2,5541014,สระบุรี,บ้านหมอ,2024-08-01,85560.0
2,5541016,ลพบุรี,บ้านหมี่,2024-08-01,331216.0
2,5541025,ปทุมธานี,ปทุมธานี,2024-08-01,2326869.0
2,5541033,นครราชสีมา,ปักธงชัย,2024-08-01,235112.0
2,5541030,นครราชสีมา,ปากช่อง,2024-08-01,395580.0
2,5541022,พระนครศรีอยุธยา,ผักไห่,2024-08-01,40466.0
2,5541021,พระนครศรีอยุธยา,พระนครศรีอยุธยา,2024-08-01,2604065.78
2,5541011,สระบุรี,พระพุทธบาท,2024-08-01,385651.0
2,5541035,นครราชสีมา,พิมาย,2024-08-01,222713.0
2,5541013,สระบุรี,มวกเหล็ก,2024-08-01,502047.0
2,5541026,ปทุมธานี,รังสิต,2024-08-01,4145224.0
2,5541015,ลพบุรี,ลพบุรี,2024-08-01,1249871.0
2,5541020,อ่างทอง,วิเศษชัยชาญ,2024-08-01,85285.0
2,5541018,สิงห์บุรี,สิงห์บุรี,2024-08-01,233177.0
2,5541032,นครราชสีมา,สีคิ้ว,2024-08-01,738651.0
2,5541012,สระบุรี,หนองแค,2024-08-01,910017.0
2,5541019,อ่างทอง,อ่างทอง,2024-08-01,244329.0
2,5541023,พระนครศรีอยุธยา,เสนา,2024-08-01,258348.0
2,5541034,นครราชสีมา,โชคชัย,2024-08-01,323422.0
2,5541037,นครราชสีมา,โนนสูง,2024-08-01,146321.0
3,5542024,กาญจนบุรี,กาญจนบุรี,2024-08-01,668473.0
3,5542031,ประจวบคีรีขันธ์,กุยบุรี,2024-08-01,347810.47
3,5542022,สุพรรณบุรี,ด่านช้าง,2024-08-01,129966.0
3,5542027,กาญจนบุรี,ท่ามะกา,2024-08-01,211583.0
3,5542033,นครปฐม,นครปฐม,2024-08-01,602067.0
3,5542032,ประจวบคีรีขันธ์,บางสะพาน,2024-08-01,239629.0
3,5542011,ราชบุรี,บ้านโป่ง,2024-08-01,207397.0
3,5542029,ประจวบคีรีขันธ์,ประจวบคีรีขันธ์,2024-08-01,319153.0
3,5542030,ประจวบคีรีขันธ์,ปราณบุรี,2024-08-01,787106.0
3,5542013,ราชบุรี,ปากท่อ,2024-08-01,450284.0
3,5542026,กาญจนบุรี,พนมทวน,2024-08-01,164534.0
3,5542014,ราชบุรี,ราชบุรี,2024-08-01,656171.95
3,5542020,สุพรรณบุรี,ศรีประจันต์,2024-08-01,93424.0
3,5542015,สมุทรสงคราม,สมุทรสงคราม,2024-08-01,907950.0
3,5542016,สมุทรสาคร,สมุทรสาคร,2024-08-01,5828760.0
3,5542012,ราชบุรี,สวนผึ้ง,2024-08-01,119787.0
3,5542018,นครปฐม,สามพราน,2024-08-01,1093101.0
3,5542019,สุพรรณบุรี,สุพรรณบุรี,2024-08-01,574379.0
3,5542023,สุพรรณบุรี,อู่ทอง,2024-08-01,372587.0
3,5542017,สมุทรสาคร,อ้อมน้อย,2024-08-01,2684305.0
3,5542021,สุพรรณบุรี,เดิมบางนางบวช,2024-08-01,197319.0
3,5542028,เพชรบุรี,เพชรบุรี,2024-08-01,1271497.97
3,5542025,กาญจนบุรี,เลาขวัญ,2024-08-01,130887.0
4,5551025,กระบี่,กระบี่,2024-08-01,825774.0
4,5551012,สุราษฎร์ธานี,กาญจนดิษฐ์,2024-08-01,299333.31
4,5551031,นครศรีธรรมราช,ขนอม,2024-08-01,133820.0
4,5551034,กระบี่,คลองท่อม,2024-08-01,111034.0
4,5551030,นครศรีธรรมราช,จันดี,2024-08-01,130265.0
4,5551028,นครศรีธรรมราช,ชะอวด,2024-08-01,95463.0
4,5551017,ชุมพร,ชุมพร,2024-08-01,851658.0
4,5551022,พังงา,ตะกั่วป่า,2024-08-01,150827.0
4,5551027,นครศรีธรรมราช,ทุ่งสง,2024-08-01,506065.0
4,5551019,ชุมพร,ท่าแซะ,2024-08-01,92602.0
4,5551023,พังงา,ท้ายเหมือง,2024-08-01,83781.0
4,5551032,นครศรีธรรมราช,นครศรีธรรมราช,2024-08-01,233722.0
4,5551015,สุราษฎร์ธานี,บ้านตาขุน,2024-08-01,89025.0
4,5551014,สุราษฎร์ธานี,บ้านนาสาร,2024-08-01,169324.0
4,5551029,นครศรีธรรมราช,ปากพนัง,2024-08-01,249538.0
4,5551021,พังงา,พังงา,2024-08-01,240516.0
4,5551024,ภูเก็ต,ภูเก็ต,2024-08-01,2044658.0
4,5551020,ระนอง,ระนอง,2024-08-01,449309.0
4,5551011,สุราษฎร์ธานี,สุราษฎร์ธานี,2024-08-01,1806307.09
4,5551018,ชุมพร,หลังสวน,2024-08-01,378966.0
4,5551026,กระบี่,อ่าวลึก,2024-08-01,93484.0
4,5551033,สุราษฎร์ธานี,เกาะพะงัน,2024-08-01,58607.0
4,5551013,สุราษฎร์ธานี,เกาะสมุย,2024-08-01,557042.07
4,5551016,สุราษฎร์ธานี,ไชยา,2024-08-01,92080.0
5,5552021,ตรัง,กันตัง,2024-08-01,240570.0
5,5552018,ตรัง,ตรัง,2024-08-01,375849.0
5,5552027,นราธิวาส,นราธิวาส,2024-08-01,512754.0
5,5552014,สงขลา,นาทวี,2024-08-01,86013.0
5,5552030,สงขลา,พังลา,2024-08-01,99371.0
5,5552016,พัทลุง,พัทลุง,2024-08-01,370711.0
5,5552024,ยะลา,ยะหา,2024-08-01,72270.0
5,5552020,ตรัง,ย่านตาขาว,2024-08-01,127866.0
5,5552015,สงขลา,ระโนด,2024-08-01,42394.0
5,5552028,นราธิวาส,รือเสาะ,2024-08-01,44554.0
5,5552023,สตูล,ละงู,2024-08-01,179791.0
5,5552011,สงขลา,สงขลา,2024-08-01,1588457.0
5,5552022,สตูล,สตูล,2024-08-01,356520.0
5,5552013,สงขลา,สะเดา,2024-08-01,425130.0
5,5552026,ปัตตานี,สายบุรี,2024-08-01,48709.0
5,5552029,นราธิวาส,สุไหงโก-ลก,2024-08-01,258153.0
5,5552012,สงขลา,หาดใหญ่,2024-08-01,2153335.0
5,5552019,ตรัง,ห้วยยอด,2024-08-01,188240.0
5,5552017,พัทลุง,เขาชัยสน,2024-08-01,49645.0
5,5552025,ยะลา,เบตง,2024-08-01,254544.0
6,5521016,ขอนแก่น,กระนวน,2024-08-01,243411.0
6,5521019,กาฬสินธุ์,กาฬสินธุ์,2024-08-01,533730.0
6,5521020,กาฬสินธุ์,กุฉินารายณ์,2024-08-01,86502.0
6,5521011,ขอนแก่น,ขอนแก่น,2024-08-01,2935940.0
6,5521026,ชัยภูมิ,จัตุรัส,2024-08-01,257155.0
6,5521015,ขอนแก่น,ชนบท,2024-08-01,258794.0
6,5521024,ชัยภูมิ,ชัยภูมิ,2024-08-01,773401.0
6,5521013,ขอนแก่น,ชุมแพ,2024-08-01,348585.0
6,5521014,ขอนแก่น,น้ำพอง,2024-08-01,406700.0
6,5521029,ชัยภูมิ,บำเหน็จณรงค์,2024-08-01,220141.0
6,5521012,ขอนแก่น,บ้านไผ่,2024-08-01,298688.0
6,5521023,มหาสารคาม,พยัคฆภูมิพิสัย,2024-08-01,134720.0
6,5521028,ชัยภูมิ,ภูเขียว,2024-08-01,201883.0
6,5521022,มหาสารคาม,มหาสารคาม,2024-08-01,1105948.0
6,5521030,ร้อยเอ็ด,ร้อยเอ็ด,2024-08-01,695649.0
6,5521021,กาฬสินธุ์,สมเด็จ,2024-08-01,122438.0
6,5521032,ร้อยเอ็ด,สุวรรณภูมิ,2024-08-01,102943.0
6,5521027,ชัยภูมิ,หนองบัวแดง,2024-08-01,120206.2
6,5521017,ขอนแก่น,หนองเรือ,2024-08-01,193278.0
6,5521018,ขอนแก่น,เมืองพล,2024-08-01,197494.0
6,5521025,ชัยภูมิ,แก้งคร้อ,2024-08-01,186569.0
6,5521031,ร้อยเอ็ด,โพนทอง,2024-08-01,141987.0
7,5522012,อุดรธานี,กุมภวาปี,2024-08-01,306512.0
7,5522018,เลย,ด่านซ้าย,2024-08-01,83759.0
7,5522028,นครพนม,ธาตุพนม,2024-08-01,191608.0
7,5522027,นครพนม,นครพนม,2024-08-01,340437.0
7,5522021,บึงกาฬ,บึงกาฬ,2024-08-01,154178.0
7,5522014,อุดรธานี,บ้านดุง,2024-08-01,169573.0
7,5522013,อุดรธานี,บ้านผือ,2024-08-01,163318.0
7,5522029,นครพนม,บ้านแพง,2024-08-01,69167.0
7,5522026,สกลนคร,พังโคน,2024-08-01,197126.0
7,5522019,เลย,วังสะพุง,2024-08-01,175893.0
7,5522030,นครพนม,ศรีสงคราม,2024-08-01,103293.0
7,5522022,หนองคาย,ศรีเชียงใหม่,2024-08-01,95433.0
7,5522024,สกลนคร,สกลนคร,2024-08-01,605342.0
7,5522025,สกลนคร,สว่างแดนดิน,2024-08-01,182226.0
7,5522020,หนองคาย,หนองคาย,2024-08-01,553138.0
7,5522015,หนองบัวลำภู,หนองบัวลำภู,2024-08-01,288551.0
7,5522011,อุดรธานี,อุดรธานี,2024-08-01,2184859.0
7,5522017,เลย,เชียงคาน,2024-08-01,178535.0
7,5522016,เลย,เลย,2024-08-01,525444.0
7,5522023,หนองคาย,โพนพิสัย,2024-08-01,139437.0
8,5532029,ศรีสะเกษ,กันทรลักษ์,2024-08-01,112698.0
8,5532022,บุรีรัมย์,นางรอง,2024-08-01,226456.0
8,5532019,บุรีรัมย์,บุรีรัมย์,2024-08-01,826241.0
8,5532012,อุบลราชธานี,พิบูลมังสาหาร,2024-08-01,103583.0
8,5532018,ยโสธร,มหาชนะชัย,2024-08-01,98269.0
8,5532030,มุกดาหาร,มุกดาหาร,2024-08-01,442568.0
8,5532016,ยโสธร,ยโสธร,2024-08-01,285538.0
8,5532026,สุรินทร์,รัตนบุรี,2024-08-01,166906.0
8,5532023,บุรีรัมย์,ละหานทราย,2024-08-01,219124.0
8,5532021,บุรีรัมย์,ลำปลายมาศ,2024-08-01,110292.0
8,5532028,ศรีสะเกษ,ศรีสะเกษ,2024-08-01,726397.0
8,5532025,สุรินทร์,ศีขรภูมิ,2024-08-01,149055.86
8,5532020,บุรีรัมย์,สตึก,2024-08-01,121053.0
8,5532027,สุรินทร์,สังขะ,2024-08-01,197350.0
8,5532024,สุรินทร์,สุรินทร์,2024-08-01,835761.0
8,5532015,อำนาจเจริญ,อำนาจเจริญ,2024-08-01,230962.0
8,5532011,อุบลราชธานี,อุบลราชธานี,2024-08-01,1510590.0
8,5532014,อุบลราชธานี,เขมราฐ,2024-08-01,148491.0
8,5532013,อุบลราชธานี,เดชอุดม,2024-08-01,170680.0
8,5532017,ยโสธร,เลิงนกทา,2024-08-01,117083.0
9,5511017,เชียงใหม่,จอมทอง,2024-08-01,88208.0
9,5511031,พะเยา,จุน,2024-08-01,105162.0
9,5511029,น่าน,ท่าวังผา,2024-08-01,96166.0
9,5511028,น่าน,น่าน,2024-08-01,356489.0
9,5511021,ลำพูน,บ้านโฮ่ง,2024-08-01,20316.0
9,5511016,เชียงใหม่,ฝาง,2024-08-01,123310.0
9,5511030,พะเยา,พะเยา,2024-08-01,506504.0
9,5511033,เชียงราย,พาน,2024-08-01,155209.0
9,5511027,แพร่,ร้องกวาง,2024-08-01,60187.0
9,5511022,ลำปาง,ลำปาง,2024-08-01,861788.0
9,5511020,ลำพูน,ลำพูน,2024-08-01,350654.0
9,5511013,เชียงใหม่,สันกำแพง,2024-08-01,328645.0
9,5511012,เชียงใหม่,ฮอด,2024-08-01,61045.0
9,5511023,ลำปาง,เกาะคา,2024-08-01,108298.0
9,5511032,เชียงราย,เชียงราย,2024-08-01,814737.0
9,5511011,เชียงใหม่,เชียงใหม่,2024-08-01,3382761.0
9,5511026,แพร่,เด่นชัย,2024-08-01,100693.0
9,5511024,ลำปาง,เถิน,2024-08-01,125989.0
9,5511034,เชียงราย,เทิง,2024-08-01,55239.0
9,5511035,เชียงราย,เวียงเชียงของ,2024-08-01,77359.0
9,5511025,แพร่,แพร่,2024-08-01,245568.0
9,5511037,เชียงราย,แม่ขะจาน,2024-08-01,66140.0
9,5511014,เชียงใหม่,แม่ริม,2024-08-01,497963.55
9,5511019,แม่ฮ่องสอน,แม่สะเรียง,2024-08-01,121009.0
9,5511036,เชียงราย,แม่สาย,2024-08-01,418181.0
9,5511018,แม่ฮ่องสอน,แม่ฮ่องสอน,2024-08-01,165090.0
9,5511015,เชียงใหม่,แม่แตง,2024-08-01,165670.0
10,5512017,กำแพงเพชร,กำแพงเพชร,2024-08-01,523191.0
10,5512018,กำแพงเพชร,ขาณุวรลักษบุรี,2024-08-01,110442.0
10,5512034,เพชรบูรณ์,ชนแดน,2024-08-01,64116.0
10,5512015,ชัยนาท,ชัยนาท,2024-08-01,245006.0
10,5512031,พิจิตร,ตะพานหิน,2024-08-01,156775.0
10,5512019,ตาก,ตาก,2024-08-01,541517.0
10,5512022,สุโขทัย,ทุ่งเสลี่ยม,2024-08-01,62236.0
10,5512012,นครสวรรค์,ท่าตะโก,2024-08-01,206398.0
10,5512011,นครสวรรค์,นครสวรรค์,2024-08-01,612534.0
10,5512028,พิษณุโลก,นครไทย,2024-08-01,97586.0
10,5512030,พิจิตร,บางมูลนาก,2024-08-01,99067.0
10,5512014,นครสวรรค์,พยุหะคีรี,2024-08-01,207018.0
10,5512029,พิจิตร,พิจิตร,2024-08-01,502592.0
10,5512027,พิษณุโลก,พิษณุโลก,2024-08-01,656743.0
10,5512013,นครสวรรค์,ลาดยาว,2024-08-01,118933.0
10,5512036,เพชรบูรณ์,วิเชียรบุรี,2024-08-01,137942.0
10,5512025,สุโขทัย,ศรีสัชนาลัย,2024-08-01,123074.0
10,5512023,สุโขทัย,ศรีสำโรง,2024-08-01,51473.0
10,5512024,สุโขทัย,สวรรคโลก,2024-08-01,130261.0
10,5512021,สุโขทัย,สุโขทัย,2024-08-01,380349.0
10,5512035,เพชรบูรณ์,หนองไผ่,2024-08-01,132020.0
10,5512033,เพชรบูรณ์,หล่มสัก,2024-08-01,216620.0
10,5512026,อุตรดิตถ์,อุตรดิตถ์,2024-08-01,78749.0
10,5512016,อุทัยธานี,อุทัยธานี,2024-08-01,212000.0
10,5512032,เพชรบูรณ์,เพชรบูรณ์,2024-08-01,370129.0
10,5512020,ตาก,แม่สอด,2024-08-01,784866.0
1,5531032,ปราจีนบุรี,กบินทร์บุรี,2024-09-01,376555.0
1,5531025,จันทบุรี,ขลุง,2024-09-01,250612.0
1,5531027,ตราด,คลองใหญ่,2024-09-01,67861.0
1,5531024,จันทบุรี,จันทบุรี,2024-09-01,1189032.0
1,5531017,ฉะเชิงเทรา,ฉะเชิงเทรา,2024-09-01,877936.0
1,5531011,ชลบุรี,ชลบุรี,2024-09-01,3887971.0
1,5531026,ตราด,ตราด,2024-09-01,511088.0
1,5531019,ฉะเชิงเทรา,บางคล้า,2024-09-01,1742180.0
1,5531018,ฉะเชิงเทรา,บางปะกง,2024-09-01,1113914.0
1,5531022,ระยอง,บ้านฉาง,2024-09-01,2313137.0
1,5531013,ชลบุรี,บ้านบึง,2024-09-01,1267256.0
1,5531031,ปราจีนบุรี,ปราจีนบุรี,2024-09-01,784615.81
1,5531023,ระยอง,ปากน้ำประแสร์,2024-09-01,422101.0
1,5531020,ฉะเชิงเทรา,พนมสารคาม,2024-09-01,534187.0
1,5531014,ชลบุรี,พนัสนิคม,2024-09-01,1684320.9
1,5531012,ชลบุรี,พัทยา,2024-09-01,4584397.99
1,5531021,ระยอง,ระยอง,2024-09-01,1661765.0
1,5531029,สระแก้ว,วัฒนานคร,2024-09-01,124889.0
1,5531015,ชลบุรี,ศรีราชา,2024-09-01,1528149.0
1,5531028,สระแก้ว,สระแก้ว,2024-09-01,313970.0
1,5531030,สระแก้ว,อรัญประเทศ,2024-09-01,425955.0
1,5531016,ชลบุรี,แหลมฉบัง,2024-09-01,2106145.0
2,5541031,นครราชสีมา,ครบุรี,2024-09-01,149847.0
2,5541039,ปทุมธานี,คลองหลวง,2024-09-01,2880592.0
2,5541017,ลพบุรี,ชัยบาดาล,2024-09-01,198471.0
2,5541036,นครราชสีมา,ชุมพวง,2024-09-01,101976.0
2,5541038,นครราชสีมา,ด่านขุนทด,2024-09-01,165426.0
2,5541024,พระนครศรีอยุธยา,ท่าเรือ,2024-09-01,137850.33
2,5541040,ปทุมธานี,ธัญบุรี,2024-09-01,1843413.0
2,5541027,นครนายก,นครนายก,2024-09-01,355745.0
2,5541029,นครราชสีมา,นครราชสีมา,2024-09-01,887402.0
2,5541028,นครนายก,บ้านนา,2024-09-01,289717.0
2,5541014,สระบุรี,บ้านหมอ,2024-09-01,78475.0
2,5541016,ลพบุรี,บ้านหมี่,2024-09-01,333325.0
2,5541025,ปทุมธานี,ปทุมธานี,2024-09-01,2384728.2
2,5541033,นครราชสีมา,ปักธงชัย,2024-09-01,239289.0
2,5541030,นครราชสีมา,ปากช่อง,2024-09-01,413187.0
2,5541022,พระนครศรีอยุธยา,ผักไห่,2024-09-01,40795.0
2,5541021,พระนครศรีอยุธยา,พระนครศรีอยุธยา,2024-09-01,2540888.33
2,5541011,สระบุรี,พระพุทธบาท,2024-09-01,378446.0
2,5541035,นครราชสีมา,พิมาย,2024-09-01,225190.0
2,5541013,สระบุรี,มวกเหล็ก,2024-09-01,518943.0
2,5541026,ปทุมธานี,รังสิต,2024-09-01,4197157.0
2,5541015,ลพบุรี,ลพบุรี,2024-09-01,1255679.0
2,5541020,อ่างทอง,วิเศษชัยชาญ,2024-09-01,84722.0
2,5541018,สิงห์บุรี,สิงห์บุรี,2024-09-01,233841.0
2,5541032,นครราชสีมา,สีคิ้ว,2024-09-01,757171.0
2,5541012,สระบุรี,หนองแค,2024-09-01,910263.0
2,5541019,อ่างทอง,อ่างทอง,2024-09-01,253491.0
2,5541023,พระนครศรีอยุธยา,เสนา,2024-09-01,257086.0
2,5541034,นครราชสีมา,โชคชัย,2024-09-01,317888.0
2,5541037,นครราชสีมา,โนนสูง,2024-09-01,145922.0
3,5542024,กาญจนบุรี,กาญจนบุรี,2024-09-01,669539.0
3,5542031,ประจวบคีรีขันธ์,กุยบุรี,2024-09-01,367041.0
3,5542022,สุพรรณบุรี,ด่านช้าง,2024-09-01,128469.0
3,5542027,กาญจนบุรี,ท่ามะกา,2024-09-01,215053.0
3,5542033,นครปฐม,นครปฐม,2024-09-01,585190.0
3,5542032,ประจวบคีรีขันธ์,บางสะพาน,2024-09-01,262743.0
3,5542011,ราชบุรี,บ้านโป่ง,2024-09-01,229585.0
3,5542029,ประจวบคีรีขันธ์,ประจวบคีรีขันธ์,2024-09-01,332839.0
3,5542030,ประจวบคีรีขันธ์,ปราณบุรี,2024-09-01,839821.0
3,5542013,ราชบุรี,ปากท่อ,2024-09-01,461899.0
3,5542026,กาญจนบุรี,พนมทวน,2024-09-01,164653.0
3,5542014,ราชบุรี,ราชบุรี,2024-09-01,665274.0
3,5542020,สุพรรณบุรี,ศรีประจันต์,2024-09-01,92696.0
3,5542015,สมุทรสงคราม,สมุทรสงคราม,2024-09-01,945957.0
3,5542016,สมุทรสาคร,สมุทรสาคร,2024-09-01,5824336.0
3,5542012,ราชบุรี,สวนผึ้ง,2024-09-01,120816.0
3,5542018,นครปฐม,สามพราน,2024-09-01,1103938.0
3,5542019,สุพรรณบุรี,สุพรรณบุรี,2024-09-01,583506.0
3,5542023,สุพรรณบุรี,อู่ทอง,2024-09-01,390839.0
3,5542017,สมุทรสาคร,อ้อมน้อย,2024-09-01,2719596.8
3,5542021,สุพรรณบุรี,เดิมบางนางบวช,2024-09-01,190002.0
3,5542028,เพชรบุรี,เพชรบุรี,2024-09-01,1312554.0
3,5542025,กาญจนบุรี,เลาขวัญ,2024-09-01,132923.0
4,5551025,กระบี่,กระบี่,2024-09-01,822985.0
4,5551012,สุราษฎร์ธานี,กาญจนดิษฐ์,2024-09-01,295015.15
4,5551031,นครศรีธรรมราช,ขนอม,2024-09-01,137997.0
4,5551034,กระบี่,คลองท่อม,2024-09-01,107633.0
4,5551030,นครศรีธรรมราช,จันดี,2024-09-01,129505.0
4,5551028,นครศรีธรรมราช,ชะอวด,2024-09-01,92659.0
4,5551017,ชุมพร,ชุมพร,2024-09-01,873728.0
4,5551022,พังงา,ตะกั่วป่า,2024-09-01,147060.0
4,5551027,นครศรีธรรมราช,ทุ่งสง,2024-09-01,496441.0
4,5551019,ชุมพร,ท่าแซะ,2024-09-01,86952.0
4,5551023,พังงา,ท้ายเหมือง,2024-09-01,81041.0
4,5551032,นครศรีธรรมราช,นครศรีธรรมราช,2024-09-01,232083.0
4,5551015,สุราษฎร์ธานี,บ้านตาขุน,2024-09-01,90374.0
4,5551014,สุราษฎร์ธานี,บ้านนาสาร,2024-09-01,168522.0
4,5551029,นครศรีธรรมราช,ปากพนัง,2024-09-01,247631.0
4,5551021,พังงา,พังงา,2024-09-01,244656.0
4,5551024,ภูเก็ต,ภูเก็ต,2024-09-01,2070358.0
4,5551020,ระนอง,ระนอง,2024-09-01,453327.0
4,5551011,สุราษฎร์ธานี,สุราษฎร์ธานี,2024-09-01,1816975.67
4,5551018,ชุมพร,หลังสวน,2024-09-01,388598.0
4,5551026,กระบี่,อ่าวลึก,2024-09-01,93506.0
4,5551033,สุราษฎร์ธานี,เกาะพะงัน,2024-09-01,83010.0
4,5551013,สุราษฎร์ธานี,เกาะสมุย,2024-09-01,557157.14
4,5551016,สุราษฎร์ธานี,ไชยา,2024-09-01,96444.0
5,5552021,ตรัง,กันตัง,2024-09-01,236642.0
5,5552018,ตรัง,ตรัง,2024-09-01,372023.0
5,5552027,นราธิวาส,นราธิวาส,2024-09-01,519772.0
5,5552014,สงขลา,นาทวี,2024-09-01,79913.0
5,5552030,สงขลา,พังลา,2024-09-01,95436.0
5,5552016,พัทลุง,พัทลุง,2024-09-01,375308.0
5,5552024,ยะลา,ยะหา,2024-09-01,66220.0
5,5552020,ตรัง,ย่านตาขาว,2024-09-01,126560.0
5,5552015,สงขลา,ระโนด,2024-09-01,43215.0
5,5552028,นราธิวาส,รือเสาะ,2024-09-01,47272.0
5,5552023,สตูล,ละงู,2024-09-01,176280.0
5,5552011,สงขลา,สงขลา,2024-09-01,1590707.0
5,5552022,สตูล,สตูล,2024-09-01,351370.0
5,5552013,สงขลา,สะเดา,2024-09-01,449331.0
5,5552026,ปัตตานี,สายบุรี,2024-09-01,48051.0
5,5552029,นราธิวาส,สุไหงโก-ลก,2024-09-01,259138.0
5,5552012,สงขลา,หาดใหญ่,2024-09-01,2139261.0
5,5552019,ตรัง,ห้วยยอด,2024-09-01,184948.0
5,5552017,พัทลุง,เขาชัยสน,2024-09-01,48825.0
5,5552025,ยะลา,เบตง,2024-09-01,251898.0
6,5521016,ขอนแก่น,กระนวน,2024-09-01,234567.0
6,5521019,กาฬสินธุ์,กาฬสินธุ์,2024-09-01,545323.0
6,5521020,กาฬสินธุ์,กุฉินารายณ์,2024-09-01,82068.0
6,5521011,ขอนแก่น,ขอนแก่น,2024-09-01,2995731.0
6,5521026,ชัยภูมิ,จัตุรัส,2024-09-01,263736.0
6,5521015,ขอนแก่น,ชนบท,2024-09-01,263259.0
6,5521024,ชัยภูมิ,ชัยภูมิ,2024-09-01,800579.0
6,5521013,ขอนแก่น,ชุมแพ,2024-09-01,350395.0
6,5521014,ขอนแก่น,น้ำพอง,2024-09-01,404003.0
6,5521029,ชัยภูมิ,บำเหน็จณรงค์,2024-09-01,231636.0
6,5521012,ขอนแก่น,บ้านไผ่,2024-09-01,305627.0
6,5521023,มหาสารคาม,พยัคฆภูมิพิสัย,2024-09-01,137566.0
6,5521028,ชัยภูมิ,ภูเขียว,2024-09-01,205549.0
6,5521022,มหาสารคาม,มหาสารคาม,2024-09-01,1121652.0
6,5521030,ร้อยเอ็ด,ร้อยเอ็ด,2024-09-01,725380.0
6,5521021,กาฬสินธุ์,สมเด็จ,2024-09-01,123202.0
6,5521032,ร้อยเอ็ด,สุวรรณภูมิ,2024-09-01,108566.0
6,5521027,ชัยภูมิ,หนองบัวแดง,2024-09-01,124424.0
6,5521017,ขอนแก่น,หนองเรือ,2024-09-01,195847.0
6,5521018,ขอนแก่น,เมืองพล,2024-09-01,206185.0
6,5521025,ชัยภูมิ,แก้งคร้อ,2024-09-01,193052.0
6,5521031,ร้อยเอ็ด,โพนทอง,2024-09-01,146965.0
7,5522012,อุดรธานี,กุมภวาปี,2024-09-01,296257.0
7,5522018,เลย,ด่านซ้าย,2024-09-01,80560.0
7,5522028,นครพนม,ธาตุพนม,2024-09-01,183544.0
7,5522027,นครพนม,นครพนม,2024-09-01,336724.0
7,5522021,บึงกาฬ,บึงกาฬ,2024-09-01,155768.0
7,5522014,อุดรธานี,บ้านดุง,2024-09-01,167718.0
7,5522013,อุดรธานี,บ้านผือ,2024-09-01,157485.0
7,5522029,นครพนม,บ้านแพง,2024-09-01,66665.0
7,5522026,สกลนคร,พังโคน,2024-09-01,191764.0
7,5522019,เลย,วังสะพุง,2024-09-01,176609.0
7,5522030,นครพนม,ศรีสงคราม,2024-09-01,102265.0
7,5522022,หนองคาย,ศรีเชียงใหม่,2024-09-01,93123.0
7,5522024,สกลนคร,สกลนคร,2024-09-01,600142.0
7,5522025,สกลนคร,สว่างแดนดิน,2024-09-01,182122.0
7,5522020,หนองคาย,หนองคาย,2024-09-01,541927.0
7,5522015,หนองบัวลำภู,หนองบัวลำภู,2024-09-01,295129.0
7,5522011,อุดรธานี,อุดรธานี,2024-09-01,2163387.0
7,5522017,เลย,เชียงคาน,2024-09-01,176310.0
7,5522016,เลย,เลย,2024-09-01,523629.0
7,5522023,หนองคาย,โพนพิสัย,2024-09-01,140259.0
8,5532029,ศรีสะเกษ,กันทรลักษ์,2024-09-01,115318.0
8,5532022,บุรีรัมย์,นางรอง,2024-09-01,227917.0
8,5532019,บุรีรัมย์,บุรีรัมย์,2024-09-01,848272.0
8,5532012,อุบลราชธานี,พิบูลมังสาหาร,2024-09-01,108743.0
8,5532018,ยโสธร,มหาชนะชัย,2024-09-01,102673.0
8,5532030,มุกดาหาร,มุกดาหาร,2024-09-01,452245.0
8,5532016,ยโสธร,ยโสธร,2024-09-01,284839.0
8,5532026,สุรินทร์,รัตนบุรี,2024-09-01,171779.0
8,5532023,บุรีรัมย์,ละหานทราย,2024-09-01,232531.0
8,5532021,บุรีรัมย์,ลำปลายมาศ,2024-09-01,111418.0
8,5532028,ศรีสะเกษ,ศรีสะเกษ,2024-09-01,751580.0
8,5532025,สุรินทร์,ศีขรภูมิ,2024-09-01,154383.0
8,5532020,บุรีรัมย์,สตึก,2024-09-01,124982.0
8,5532027,สุรินทร์,สังขะ,2024-09-01,203079.0
8,5532024,สุรินทร์,สุรินทร์,2024-09-01,851449.0
8,5532015,อำนาจเจริญ,อำนาจเจริญ,2024-09-01,238350.0
8,5532011,อุบลราชธานี,อุบลราชธานี,2024-09-01,1543780.0
8,5532014,อุบลราชธานี,เขมราฐ,2024-09-01,157216.0
8,5532013,อุบลราชธานี,เดชอุดม,2024-09-01,178092.0
8,5532017,ยโสธร,เลิงนกทา,2024-09-01,120401.0
9,5511017,เชียงใหม่,จอมทอง,2024-09-01,89300.0
9,5511031,พะเยา,จุน,2024-09-01,97685.0
9,5511029,น่าน,ท่าวังผา,2024-09-01,99784.0
9,5511028,น่าน,น่าน,2024-09-01,372419.0
9,5511021,ลำพูน,บ้านโฮ่ง,2024-09-01,20188.0
9,5511016,เชียงใหม่,ฝาง,2024-09-01,121222.0
9,5511030,พะเยา,พะเยา,2024-09-01,499337.0
9,5511033,เชียงราย,พาน,2024-09-01,152784.0
9,5511027,แพร่,ร้องกวาง,2024-09-01,56828.0
9,5511022,ลำปาง,ลำปาง,2024-09-01,862551.0
9,5511020,ลำพูน,ลำพูน,2024-09-01,345705.0
9,5511013,เชียงใหม่,สันกำแพง,2024-09-01,325634.0
9,5511012,เชียงใหม่,ฮอด,2024-09-01,61832.0
9,5511023,ลำปาง,เกาะคา,2024-09-01,100194.0
9,5511032,เชียงราย,เชียงราย,2024-09-01,793470.0
9,5511011,เชียงใหม่,เชียงใหม่,2024-09-01,3387900.0
9,5511026,แพร่,เด่นชัย,2024-09-01,95561.0
9,5511024,ลำปาง,เถิน,2024-09-01,127958.0
9,5511034,เชียงราย,เทิง,2024-09-01,65474.0
9,5511035,เชียงราย,เวียงเชียงของ,2024-09-01,79094.0
9,5511025,แพร่,แพร่,2024-09-01,267306.0
9,5511037,เชียงราย,แม่ขะจาน,2024-09-01,63101.0
9,5511014,เชียงใหม่,แม่ริม,2024-09-01,498488.42
9,5511019,แม่ฮ่องสอน,แม่สะเรียง,2024-09-01,122009.0
9,5511036,เชียงราย,แม่สาย,2024-09-01,420474.0
9,5511018,แม่ฮ่องสอน,แม่ฮ่องสอน,2024-09-01,167708.0
9,5511015,เชียงใหม่,แม่แตง,2024-09-01,168616.0
10,5512017,กำแพงเพชร,กำแพงเพชร,2024-09-01,523442.0
10,5512018,กำแพงเพชร,ขาณุวรลักษบุรี,2024-09-01,109102.0
10,5512034,เพชรบูรณ์,ชนแดน,2024-09-01,63899.0
10,5512015,ชัยนาท,ชัยนาท,2024-09-01,249755.24
10,5512031,พิจิตร,ตะพานหิน,2024-09-01,156858.0
10,5512019,ตาก,ตาก,2024-09-01,544569.0
10,5512022,สุโขทัย,ทุ่งเสลี่ยม,2024-09-01,59637.0
10,5512012,นครสวรรค์,ท่าตะโก,2024-09-01,211108.0
10,5512011,นครสวรรค์,นครสวรรค์,2024-09-01,621489.0
10,5512028,พิษณุโลก,นครไทย,2024-09-01,96284.0
10,5512030,พิจิตร,บางมูลนาก,2024-09-01,97348.0
10,5512014,นครสวรรค์,พยุหะคีรี,2024-09-01,208642.0
10,5512029,พิจิตร,พิจิตร,2024-09-01,500216.0
10,5512027,พิษณุโลก,พิษณุโลก,2024-09-01,665655.0
10,5512013,นครสวรรค์,ลาดยาว,2024-09-01,122725.0
10,5512036,เพชรบูรณ์,วิเชียรบุรี,2024-09-01,142654.0
10,5512025,สุโขทัย,ศรีสัชนาลัย,2024-09-01,115470.0
10,5512023,สุโขทัย,ศรีสำโรง,2024-09-01,48627.0
10,5512024,สุโขทัย,สวรรคโลก,2024-09-01,122557.0
10,5512021,สุโขทัย,สุโขทัย,2024-09-01,383042.5
10,5512035,เพชรบูรณ์,หนองไผ่,2024-09-01,136471.0
10,5512033,เพชรบูรณ์,หล่มสัก,2024-09-01,214389.0
10,5512026,อุตรดิตถ์,อุตรดิตถ์,2024-09-01,76168.0
10,5512016,อุทัยธานี,อุทัยธานี,2024-09-01,212204.0
10,5512032,เพชรบูรณ์,เพชรบูรณ์,2024-09-01,369540.0
10,5512020,ตาก,แม่สอด,2024-09-01,789358.0
1,5531032,ปราจีนบุรี,กบินทร์บุรี,2024-10-01,363218.0
1,5531025,จันทบุรี,ขลุง,2024-10-01,235599.0
1,5531027,ตราด,คลองใหญ่,2024-10-01,66177.0
1,5531024,จันทบุรี,จันทบุรี,2024-10-01,1143709.0
1,5531017,ฉะเชิงเทรา,ฉะเชิงเทรา,2024-10-01,830580.0
1,5531011,ชลบุรี,ชลบุรี,2024-10-01,3698711.0
1,5531026,ตราด,ตราด,2024-10-01,491877.0
1,5531019,ฉะเชิงเทรา,บางคล้า,2024-10-01,1650705.0
1,5531018,ฉะเชิงเทรา,บางปะกง,2024-10-01,1074394.0
1,5531022,ระยอง,บ้านฉาง,2024-10-01,2188835.0
1,5531013,ชลบุรี,บ้านบึง,2024-10-01,1222619.0
1,5531031,ปราจีนบุรี,ปราจีนบุรี,2024-10-01,740329.0
1,5531023,ระยอง,ปากน้ำประแสร์,2024-10-01,395057.0
1,5531020,ฉะเชิงเทรา,พนมสารคาม,2024-10-01,509347.0
1,5531014,ชลบุรี,พนัสนิคม,2024-10-01,1594747.0
1,5531012,ชลบุรี,พัทยา,2024-10-01,4819374.03
1,5531021,ระยอง,ระยอง,2024-10-01,1565127.0
1,5531029,สระแก้ว,วัฒนานคร,2024-10-01,104912.0
1,5531015,ชลบุรี,ศรีราชา,2024-10-01,1459502.0
1,5531028,สระแก้ว,สระแก้ว,2024-10-01,297985.0
1,5531030,สระแก้ว,อรัญประเทศ,2024-10-01,392941.0
1,5531016,ชลบุรี,แหลมฉบัง,2024-10-01,1970599.0
2,5541031,นครราชสีมา,ครบุรี,2024-10-01,139465.0
2,5541039,ปทุมธานี,คลองหลวง,2024-10-01,2770160.0
2,5541017,ลพบุรี,ชัยบาดาล,2024-10-01,185455.0
2,5541036,นครราชสีมา,ชุมพวง,2024-10-01,93690.0
2,5541038,นครราชสีมา,ด่านขุนทด,2024-10-01,147541.0
2,5541024,พระนครศรีอยุธยา,ท่าเรือ,2024-10-01,129891.0
2,5541040,ปทุมธานี,ธัญบุรี,2024-10-01,1759295.0
2,5541027,นครนายก,นครนายก,2024-10-01,330817.0
2,5541029,นครราชสีมา,นครราชสีมา,2024-10-01,856984.0
2,5541028,นครนายก,บ้านนา,2024-10-01,271560.0
2,5541014,สระบุรี,บ้านหมอ,2024-10-01,83053.0
2,5541016,ลพบุรี,บ้านหมี่,2024-10-01,307805.0
2,5541025,ปทุมธานี,ปทุมธานี,2024-10-01,2241170.0
2,5541033,นครราชสีมา,ปักธงชัย,2024-10-01,225083.0
2,5541030,นครราชสีมา,ปากช่อง,2024-10-01,380351.0
2,5541022,พระนครศรีอยุธยา,ผักไห่,2024-10-01,38188.0
2,5541021,พระนครศรีอยุธยา,พระนครศรีอยุธยา,2024-10-01,2441111.0
2,5541011,สระบุรี,พระพุทธบาท,2024-10-01,360767.0
2,5541035,นครราชสีมา,พิมาย,2024-10-01,217789.0
2,5541013,สระบุรี,มวกเหล็ก,2024-10-01,476613.0
2,5541026,ปทุมธานี,รังสิต,2024-10-01,4049767.0
2,5541015,ลพบุรี,ลพบุรี,2024-10-01,1198312.0
2,5541020,อ่างทอง,วิเศษชัยชาญ,2024-10-01,81261.0
2,5541018,สิงห์บุรี,สิงห์บุรี,2024-10-01,226591.0
2,5541032,นครราชสีมา,สีคิ้ว,2024-10-01,717434.0
2,5541012,สระบุรี,หนองแค,2024-10-01,867639.0
2,5541019,อ่างทอง,อ่างทอง,2024-10-01,233405.0
2,5541023,พระนครศรีอยุธยา,เสนา,2024-10-01,247766.0
2,5541034,นครราชสีมา,โชคชัย,2024-10-01,290469.0
2,5541037,นครราชสีมา,โนนสูง,2024-10-01,137519.0
3,5542024,กาญจนบุรี,กาญจนบุรี,2024-10-01,644443.0
3,5542031,ประจวบคีรีขันธ์,กุยบุรี,2024-10-01,351159.0
3,5542022,สุพรรณบุรี,ด่านช้าง,2024-10-01,134760.0
3,5542027,กาญจนบุรี,ท่ามะกา,2024-10-01,204292.0
3,5542033,นครปฐม,นครปฐม,2024-10-01,579069.0
3,5542032,ประจวบคีรีขันธ์,บางสะพาน,2024-10-01,230042.0
3,5542011,ราชบุรี,บ้านโป่ง,2024-10-01,203646.0
3,5542029,ประจวบคีรีขันธ์,ประจวบคีรีขันธ์,2024-10-01,311490.0
3,5542030,ประจวบคีรีขันธ์,ปราณบุรี,2024-10-01,809790.0
3,5542013,ราชบุรี,ปากท่อ,2024-10-01,432880.0
3,5542026,กาญจนบุรี,พนมทวน,2024-10-01,152629.0
3,5542014,ราชบุรี,ราชบุรี,2024-10-01,636549.46
3,5542020,สุพรรณบุรี,ศรีประจันต์,2024-10-01,86216.0
3,5542015,สมุทรสงคราม,สมุทรสงคราม,2024-10-01,865548.0
3,5542016,สมุทรสาคร,สมุทรสาคร,2024-10-01,5566579.0
3,5542012,ราชบุรี,สวนผึ้ง,2024-10-01,114370.0
3,5542018,นครปฐม,สามพราน,2024-10-01,1036142.0
3,5542019,สุพรรณบุรี,สุพรรณบุรี,2024-10-01,552161.0
3,5542023,สุพรรณบุรี,อู่ทอง,2024-10-01,363626.0
3,5542017,สมุทรสาคร,อ้อมน้อย,2024-10-01,2594070.0
3,5542021,สุพรรณบุรี,เดิมบางนางบวช,2024-10-01,185850.0
3,5542028,เพชรบุรี,เพชรบุรี,2024-10-01,1227642.0
3,5542025,กาญจนบุรี,เลาขวัญ,2024-10-01,124096.0
4,5551025,กระบี่,กระบี่,2024-10-01,762208.0
4,5551012,สุราษฎร์ธานี,กาญจนดิษฐ์,2024-10-01,289450.69
4,5551031,นครศรีธรรมราช,ขนอม,2024-10-01,138362.0
4,5551034,กระบี่,คลองท่อม,2024-10-01,103223.0
4,5551030,นครศรีธรรมราช,จันดี,2024-10-01,132030.0
4,5551028,นครศรีธรรมราช,ชะอวด,2024-10-01,95319.0
4,5551017,ชุมพร,ชุมพร,2024-10-01,807143.0
4,5551022,พังงา,ตะกั่วป่า,2024-10-01,128044.0
4,5551027,นครศรีธรรมราช,ทุ่งสง,2024-10-01,476022.0
4,5551019,ชุมพร,ท่าแซะ,2024-10-01,84374.0
4,5551023,พังงา,ท้ายเหมือง,2024-10-01,76756.0
4,5551032,นครศรีธรรมราช,นครศรีธรรมราช,2024-10-01,227874.0
4,5551015,สุราษฎร์ธานี,บ้านตาขุน,2024-10-01,83047.0
4,5551029,นครศรีธรรมราช,ปากพนัง,2024-10-01,247305.0
4,5551021,พังงา,พังงา,2024-10-01,229054.0
4,5551024,ภูเก็ต,ภูเก็ต,2024-10-01,1893532.0
4,5551020,ระนอง,ระนอง,2024-10-01,434674.0
4,5551011,สุราษฎร์ธานี,สุราษฎร์ธานี,2024-10-01,1719598.8
4,5551018,ชุมพร,หลังสวน,2024-10-01,358189.0
4,5551026,กระบี่,อ่าวลึก,2024-10-01,90290.0
4,5551033,สุราษฎร์ธานี,เกาะพะงัน,2024-10-01,91860.0
4,5551013,สุราษฎร์ธานี,เกาะสมุย,2024-10-01,559303.12
4,5551014,สุราษฎร์ธานี,เวียงสระ,2024-10-01,162539.0
4,5551016,สุราษฎร์ธานี,ไชยา,2024-10-01,92197.0
5,5552021,ตรัง,กันตัง,2024-10-01,225547.0
5,5552018,ตรัง,ตรัง,2024-10-01,352633.0
5,5552027,นราธิวาส,นราธิวาส,2024-10-01,510595.0
5,5552014,สงขลา,นาทวี,2024-10-01,78993.0
5,5552030,สงขลา,พังลา,2024-10-01,91775.0
5,5552016,พัทลุง,พัทลุง,2024-10-01,362404.0
5,5552024,ยะลา,ยะหา,2024-10-01,62961.0
5,5552020,ตรัง,ย่านตาขาว,2024-10-01,119877.0
5,5552015,สงขลา,ระโนด,2024-10-01,41353.0
5,5552028,นราธิวาส,รือเสาะ,2024-10-01,44210.0
5,5552023,สตูล,ละงู,2024-10-01,167567.0
5,5552011,สงขลา,สงขลา,2024-10-01,1479775.0
5,5552022,สตูล,สตูล,2024-10-01,333895.0
5,5552013,สงขลา,สะเดา,2024-10-01,423887.0
5,5552026,ปัตตานี,สายบุรี,2024-10-01,46673.0
5,5552029,นราธิวาส,สุไหงโก-ลก,2024-10-01,243527.0
5,5552012,สงขลา,หาดใหญ่,2024-10-01,2007093.0
5,5552019,ตรัง,ห้วยยอด,2024-10-01,171684.0
5,5552017,พัทลุง,เขาชัยสน,2024-10-01,47378.0
5,5552025,ยะลา,เบตง,2024-10-01,236136.0
6,5521016,ขอนแก่น,กระนวน,2024-10-01,224098.0
6,5521019,กาฬสินธุ์,กาฬสินธุ์,2024-10-01,523035.0
6,5521020,กาฬสินธุ์,กุฉินารายณ์,2024-10-01,81550.0
6,5521011,ขอนแก่น,ขอนแก่น,2024-10-01,2834811.0
6,5521026,ชัยภูมิ,จัตุรัส,2024-10-01,244797.0
6,5521015,ขอนแก่น,ชนบท,2024-10-01,243808.0
6,5521024,ชัยภูมิ,ชัยภูมิ,2024-10-01,753223.0
6,5521013,ขอนแก่น,ชุมแพ,2024-10-01,324725.0
6,5521014,ขอนแก่น,น้ำพอง,2024-10-01,389551.0
6,5521029,ชัยภูมิ,บำเหน็จณรงค์,2024-10-01,210016.0
6,5521012,ขอนแก่น,บ้านไผ่,2024-10-01,284622.0
6,5521023,มหาสารคาม,พยัคฆภูมิพิสัย,2024-10-01,132309.0
6,5521028,ชัยภูมิ,ภูเขียว,2024-10-01,188316.54
6,5521022,มหาสารคาม,มหาสารคาม,2024-10-01,1081511.0
6,5521030,ร้อยเอ็ด,ร้อยเอ็ด,2024-10-01,670242.0
6,5521021,กาฬสินธุ์,สมเด็จ,2024-10-01,116778.0
6,5521032,ร้อยเอ็ด,สุวรรณภูมิ,2024-10-01,103630.0
6,5521027,ชัยภูมิ,หนองบัวแดง,2024-10-01,118598.0
6,5521017,ขอนแก่น,หนองเรือ,2024-10-01,185909.0
6,5521018,ขอนแก่น,เมืองพล,2024-10-01,190598.0
6,5521025,ชัยภูมิ,แก้งคร้อ,2024-10-01,184980.0
6,5521031,ร้อยเอ็ด,โพนทอง,2024-10-01,140473.0
7,5522012,อุดรธานี,กุมภวาปี,2024-10-01,286022.0
7,5522018,เลย,ด่านซ้าย,2024-10-01,76067.0
7,5522028,นครพนม,ธาตุพนม,2024-10-01,178051.0
7,5522027,นครพนม,นครพนม,2024-10-01,327837.0
7,5522021,บึงกาฬ,บึงกาฬ,2024-10-01,155648.0
7,5522014,อุดรธานี,บ้านดุง,2024-10-01,164875.0
7,5522013,อุดรธานี,บ้านผือ,2024-10-01,155618.0
7,5522029,นครพนม,บ้านแพง,2024-10-01,66136.0
7,5522026,สกลนคร,พังโคน,2024-10-01,181229.0
7,5522019,เลย,วังสะพุง,2024-10-01,163939.0
7,5522030,นครพนม,ศรีสงคราม,2024-10-01,100882.0
7,5522022,หนองคาย,ศรีเชียงใหม่,2024-10-01,103272.0
7,5522024,สกลนคร,สกลนคร,2024-10-01,564171.0
7,5522025,สกลนคร,สว่างแดนดิน,2024-10-01,176710.0
7,5522020,หนองคาย,หนองคาย,2024-10-01,510356.0
7,5522015,หนองบัวลำภู,หนองบัวลำภู,2024-10-01,273479.0
7,5522011,อุดรธานี,อุดรธานี,2024-10-01,2083206.0
7,5522017,เลย,เชียงคาน,2024-10-01,158626.0
7,5522016,เลย,เลย,2024-10-01,499896.0
7,5522023,หนองคาย,โพนพิสัย,2024-10-01,135859.0
8,5532029,ศรีสะเกษ,กันทรลักษ์,2024-10-01,111734.0
8,5532022,บุรีรัมย์,นางรอง,2024-10-01,214991.0
8,5532019,บุรีรัมย์,บุรีรัมย์,2024-10-01,795954.0
8,5532012,อุบลราชธานี,พิบูลมังสาหาร,2024-10-01,106659.0
8,5532018,ยโสธร,มหาชนะชัย,2024-10-01,92063.0
8,5532030,มุกดาหาร,มุกดาหาร,2024-10-01,423020.0
8,5532016,ยโสธร,ยโสธร,2024-10-01,270468.0
8,5532026,สุรินทร์,รัตนบุรี,2024-10-01,160997.0
8,5532023,บุรีรัมย์,ละหานทราย,2024-10-01,212170.0
8,5532021,บุรีรัมย์,ลำปลายมาศ,2024-10-01,104963.0
8,5532028,ศรีสะเกษ,ศรีสะเกษ,2024-10-01,705150.0
8,5532025,สุรินทร์,ศีขรภูมิ,2024-10-01,144746.7
8,5532020,บุรีรัมย์,สตึก,2024-10-01,115671.0
8,5532027,สุรินทร์,สังขะ,2024-10-01,193578.0
8,5532024,สุรินทร์,สุรินทร์,2024-10-01,803972.0
8,5532015,อำนาจเจริญ,อำนาจเจริญ,2024-10-01,226439.0
8,5532011,อุบลราชธานี,อุบลราชธานี,2024-10-01,1439266.0
8,5532014,อุบลราชธานี,เขมราฐ,2024-10-01,146372.0
8,5532013,อุบลราชธานี,เดชอุดม,2024-10-01,167800.0
8,5532017,ยโสธร,เลิงนกทา,2024-10-01,113283.0
9,5511017,เชียงใหม่,จอมทอง,2024-10-01,88039.0
9,5511031,พะเยา,จุน,2024-10-01,96762.0
9,5511029,น่าน,ท่าวังผา,2024-10-01,95519.0
9,5511028,น่าน,น่าน,2024-10-01,346747.0
9,5511021,ลำพูน,บ้านโฮ่ง,2024-10-01,18039.0
9,5511016,เชียงใหม่,ฝาง,2024-10-01,122955.0
9,5511030,พะเยา,พะเยา,2024-10-01,478543.0
9,5511033,เชียงราย,พาน,2024-10-01,143744.0
9,5511027,แพร่,ร้องกวาง,2024-10-01,56902.0
9,5511022,ลำปาง,ลำปาง,2024-10-01,821627.0
9,5511020,ลำพูน,ลำพูน,2024-10-01,337778.0
9,5511013,เชียงใหม่,สันกำแพง,2024-10-01,307576.0
9,5511012,เชียงใหม่,ฮอด,2024-10-01,56746.0
9,5511023,ลำปาง,เกาะคา,2024-10-01,98992.0
9,5511032,เชียงราย,เชียงราย,2024-10-01,727788.0
9,5511011,เชียงใหม่,เชียงใหม่,2024-10-01,3311472.0
9,5511026,แพร่,เด่นชัย,2024-10-01,93262.0
9,5511024,ลำปาง,เถิน,2024-10-01,117554.0
9,5511034,เชียงราย,เทิง,2024-10-01,50695.0
9,5511035,เชียงราย,เวียงเชียงของ,2024-10-01,73292.0
9,5511025,แพร่,แพร่,2024-10-01,242324.0
9,5511037,เชียงราย,แม่ขะจาน,2024-10-01,64651.0
9,5511014,เชียงใหม่,แม่ริม,2024-10-01,486853.0
9,5511019,แม่ฮ่องสอน,แม่สะเรียง,2024-10-01,118325.0
9,5511036,เชียงราย,แม่สาย,2024-10-01,362967.0
9,5511018,แม่ฮ่องสอน,แม่ฮ่องสอน,2024-10-01,165635.0
9,5511015,เชียงใหม่,แม่แตง,2024-10-01,158637.0
10,5512017,กำแพงเพชร,กำแพงเพชร,2024-10-01,513000.0
10,5512018,กำแพงเพชร,ขาณุวรลักษบุรี,2024-10-01,106760.0
10,5512034,เพชรบูรณ์,ชนแดน,2024-10-01,65755.0
10,5512015,ชัยนาท,ชัยนาท,2024-10-01,240523.78
10,5512031,พิจิตร,ตะพานหิน,2024-10-01,152607.0
10,5512019,ตาก,ตาก,2024-10-01,510003.0
10,5512022,สุโขทัย,ทุ่งเสลี่ยม,2024-10-01,57549.0
10,5512012,นครสวรรค์,ท่าตะโก,2024-10-01,200510.0
10,5512011,นครสวรรค์,นครสวรรค์,2024-10-01,587205.0
10,5512028,พิษณุโลก,นครไทย,2024-10-01,94014.0
10,5512030,พิจิตร,บางมูลนาก,2024-10-01,94201.0
10,5512014,นครสวรรค์,พยุหะคีรี,2024-10-01,193979.0
10,5512029,พิจิตร,พิจิตร,2024-10-01,475752.0
10,5512027,พิษณุโลก,พิษณุโลก,2024-10-01,640878.0
10,5512013,นครสวรรค์,ลาดยาว,2024-10-01,117155.0
10,5512036,เพชรบูรณ์,วิเชียรบุรี,2024-10-01,128006.0
10,5512025,สุโขทัย,ศรีสัชนาลัย,2024-10-01,113469.0
10,5512023,สุโขทัย,ศรีสำโรง,2024-10-01,48810.0
10,5512024,สุโขทัย,สวรรคโลก,2024-10-01,118436.0
10,5512021,สุโขทัย,สุโขทัย,2024-10-01,369334.0
10,5512035,เพชรบูรณ์,หนองไผ่,2024-10-01,127733.0
10,5512033,เพชรบูรณ์,หล่มสัก,2024-10-01,209023.0
10,5512026,อุตรดิตถ์,อุตรดิตถ์,2024-10-01,70898.0
10,5512016,อุทัยธานี,อุทัยธานี,2024-10-01,200299.0
10,5512032,เพชรบูรณ์,เพชรบูรณ์,2024-10-01,346036.0
10,5512020,ตาก,แม่สอด,2024-10-01,756437.2
1,5531032,ปราจีนบุรี,กบินทร์บุรี,2024-11-01,382850.0
1,5531025,จันทบุรี,ขลุง,2024-11-01,252935.0
1,5531027,ตราด,คลองใหญ่,2024-11-01,68938.0
1,5531024,จันทบุรี,จันทบุรี,2024-11-01,1206164.0
1,5531017,ฉะเชิงเทรา,ฉะเชิงเทรา,2024-11-01,853412.0
1,5531011,ชลบุรี,ชลบุรี,2024-11-01,3852205.0
1,5531026,ตราด,ตราด,2024-11-01,514499.0
1,5531019,ฉะเชิงเทรา,บางคล้า,2024-11-01,1731832.0
1,5531018,ฉะเชิงเทรา,บางปะกง,2024-11-01,1134622.0
1,5531022,ระยอง,บ้านฉาง,2024-11-01,2254150.0
1,5531013,ชลบุรี,บ้านบึง,2024-11-01,1255153.0
1,5531031,ปราจีนบุรี,ปราจีนบุรี,2024-11-01,780846.31
1,5531023,ระยอง,ปากน้ำประแสร์,2024-11-01,431294.0
1,5531020,ฉะเชิงเทรา,พนมสารคาม,2024-11-01,533604.0
1,5531014,ชลบุรี,พนัสนิคม,2024-11-01,1664101.0
1,5531012,ชลบุรี,พัทยา,2024-11-01,4522933.01
1,5531021,ระยอง,ระยอง,2024-11-01,1608533.0
1,5531029,สระแก้ว,วัฒนานคร,2024-11-01,110732.0
1,5531015,ชลบุรี,ศรีราชา,2024-11-01,1546722.0
1,5531028,สระแก้ว,สระแก้ว,2024-11-01,309965.0
1,5531030,สระแก้ว,อรัญประเทศ,2024-11-01,404728.0
1,5531016,ชลบุรี,แหลมฉบัง,2024-11-01,2037831.0
2,5541031,นครราชสีมา,ครบุรี,2024-11-01,142427.0
2,5541039,ปทุมธานี,คลองหลวง,2024-11-01,2838149.0
2,5541017,ลพบุรี,ชัยบาดาล,2024-11-01,195592.0
2,5541036,นครราชสีมา,ชุมพวง,2024-11-01,96772.0
2,5541038,นครราชสีมา,ด่านขุนทด,2024-11-01,154946.0
2,5541024,พระนครศรีอยุธยา,ท่าเรือ,2024-11-01,134470.0
2,5541040,ปทุมธานี,ธัญบุรี,2024-11-01,1843288.0
2,5541027,นครนายก,นครนายก,2024-11-01,345231.0
2,5541029,นครราชสีมา,นครราชสีมา,2024-11-01,860389.0
2,5541028,นครนายก,บ้านนา,2024-11-01,292569.0
2,5541014,สระบุรี,บ้านหมอ,2024-11-01,80341.0
2,5541016,ลพบุรี,บ้านหมี่,2024-11-01,331952.0
2,5541025,ปทุมธานี,ปทุมธานี,2024-11-01,2328349.0
2,5541033,นครราชสีมา,ปักธงชัย,2024-11-01,234016.0
2,5541030,นครราชสีมา,ปากช่อง,2024-11-01,404288.0
2,5541022,พระนครศรีอยุธยา,ผักไห่,2024-11-01,40766.0
2,5541021,พระนครศรีอยุธยา,พระนครศรีอยุธยา,2024-11-01,2528778.0
2,5541011,สระบุรี,พระพุทธบาท,2024-11-01,377158.0
2,5541035,นครราชสีมา,พิมาย,2024-11-01,232338.0
2,5541013,สระบุรี,มวกเหล็ก,2024-11-01,492974.0
2,5541026,ปทุมธานี,รังสิต,2024-11-01,4171084.0
2,5541015,ลพบุรี,ลพบุรี,2024-11-01,1264323.0
2,5541020,อ่างทอง,วิเศษชัยชาญ,2024-11-01,87725.0
2,5541018,สิงห์บุรี,สิงห์บุรี,2024-11-01,231715.0
2,5541032,นครราชสีมา,สีคิ้ว,2024-11-01,749757.0
2,5541012,สระบุรี,หนองแค,2024-11-01,905941.0
2,5541019,อ่างทอง,อ่างทอง,2024-11-01,245126.0
2,5541023,พระนครศรีอยุธยา,เสนา,2024-11-01,243619.0
2,5541034,นครราชสีมา,โชคชัย,2024-11-01,302885.0
2,5541037,นครราชสีมา,โนนสูง,2024-11-01,136307.0
3,5542024,กาญจนบุรี,กาญจนบุรี,2024-11-01,646636.0
3,5542031,ประจวบคีรีขันธ์,กุยบุรี,2024-11-01,350724.0
3,5542022,สุพรรณบุรี,ด่านช้าง,2024-11-01,128349.0
3,5542027,กาญจนบุรี,ท่ามะกา,2024-11-01,205448.0
3,5542033,นครปฐม,นครปฐม,2024-11-01,587306.0
3,5542032,ประจวบคีรีขันธ์,บางสะพาน,2024-11-01,239767.0
3,5542011,ราชบุรี,บ้านโป่ง,2024-11-01,207755.0
3,5542029,ประจวบคีรีขันธ์,ประจวบคีรีขันธ์,2024-11-01,310665.0
3,5542030,ประจวบคีรีขันธ์,ปราณบุรี,2024-11-01,800273.0
3,5542013,ราชบุรี,ปากท่อ,2024-11-01,468856.0
3,5542026,กาญจนบุรี,พนมทวน,2024-11-01,158389.0
3,5542014,ราชบุรี,ราชบุรี,2024-11-01,658695.47
3,5542020,สุพรรณบุรี,ศรีประจันต์,2024-11-01,89284.0
3,5542015,สมุทรสงคราม,สมุทรสงคราม,2024-11-01,897639.0
3,5542016,สมุทรสาคร,สมุทรสาคร,2024-11-01,5674738.0
3,5542012,ราชบุรี,สวนผึ้ง,2024-11-01,114467.2
3,5542018,นครปฐม,สามพราน,2024-11-01,1081788.0
3,5542019,สุพรรณบุรี,สุพรรณบุรี,2024-11-01,567313.16
3,5542023,สุพรรณบุรี,อู่ทอง,2024-11-01,377484.0
3,5542017,สมุทรสาคร,อ้อมน้อย,2024-11-01,2642122.0
3,5542021,สุพรรณบุรี,เดิมบางนางบวช,2024-11-01,190839.0
3,5542028,เพชรบุรี,เพชรบุรี,2024-11-01,1237002.0
3,5542025,กาญจนบุรี,เลาขวัญ,2024-11-01,129194.0
4,5551025,กระบี่,กระบี่,2024-11-01,820960.0
4,5551012,สุราษฎร์ธานี,กาญจนดิษฐ์,2024-11-01,292221.37
4,5551031,นครศรีธรรมราช,ขนอม,2024-11-01,144652.0
4,5551034,กระบี่,คลองท่อม,2024-11-01,109277.0
4,5551030,นครศรีธรรมราช,จันดี,2024-11-01,134326.0
4,5551028,นครศรีธรรมราช,ชะอวด,2024-11-01,97953.0
4,5551017,ชุมพร,ชุมพร,2024-11-01,831023.0
4,5551022,พังงา,ตะกั่วป่า,2024-11-01,153048.0
4,5551027,นครศรีธรรมราช,ทุ่งสง,2024-11-01,487270.0
4,5551019,ชุมพร,ท่าแซะ,2024-11-01,86379.0
4,5551023,พังงา,ท้ายเหมือง,2024-11-01,85172.0
4,5551032,นครศรีธรรมราช,นครศรีธรรมราช,2024-11-01,225691.0
4,5551015,สุราษฎร์ธานี,บ้านตาขุน,2024-11-01,86012.0
4,5551029,นครศรีธรรมราช,ปากพนัง,2024-11-01,238680.0
4,5551021,พังงา,พังงา,2024-11-01,236994.0
4,5551024,ภูเก็ต,ภูเก็ต,2024-11-01,2141637.0
4,5551020,ระนอง,ระนอง,2024-11-01,465121.0
4,5551011,สุราษฎร์ธานี,สุราษฎร์ธานี,2024-11-01,1763320.41
4,5551018,ชุมพร,หลังสวน,2024-11-01,349728.0
4,5551026,กระบี่,อ่าวลึก,2024-11-01,86396.0
4,5551033,สุราษฎร์ธานี,เกาะพะงัน,2024-11-01,97645.0
4,5551013,สุราษฎร์ธานี,เกาะสมุย,2024-11-01,571798.0
4,5551014,สุราษฎร์ธานี,เวียงสระ,2024-11-01,165451.0
4,5551016,สุราษฎร์ธานี,ไชยา,2024-11-01,89890.0
5,5552021,ตรัง,กันตัง,2024-11-01,228567.0
5,5552018,ตรัง,ตรัง,2024-11-01,370880.0
5,5552027,นราธิวาส,นราธิวาส,2024-11-01,502984.0
5,5552014,สงขลา,นาทวี,2024-11-01,82639.0
5,5552030,สงขลา,พังลา,2024-11-01,96193.0
5,5552016,พัทลุง,พัทลุง,2024-11-01,376187.0
5,5552024,ยะลา,ยะหา,2024-11-01,62546.0
5,5552020,ตรัง,ย่านตาขาว,2024-11-01,128066.0
5,5552015,สงขลา,ระโนด,2024-11-01,42802.0
5,5552028,นราธิวาส,รือเสาะ,2024-11-01,45444.0
5,5552023,สตูล,ละงู,2024-11-01,176103.0
5,5552011,สงขลา,สงขลา,2024-11-01,1482311.0
5,5552022,สตูล,สตูล,2024-11-01,348754.0
5,5552013,สงขลา,สะเดา,2024-11-01,426971.0
5,5552026,ปัตตานี,สายบุรี,2024-11-01,46062.0
5,5552029,นราธิวาส,สุไหงโก-ลก,2024-11-01,258460.0
5,5552012,สงขลา,หาดใหญ่,2024-11-01,2006558.0
5,5552019,ตรัง,ห้วยยอด,2024-11-01,186359.0
5,5552017,พัทลุง,เขาชัยสน,2024-11-01,46897.0
5,5552025,ยะลา,เบตง,2024-11-01,235088.0
6,5521016,ขอนแก่น,กระนวน,2024-11-01,253501.0
6,5521019,กาฬสินธุ์,กาฬสินธุ์,2024-11-01,557616.0
6,5521020,กาฬสินธุ์,กุฉินารายณ์,2024-11-01,87220.0
6,5521011,ขอนแก่น,ขอนแก่น,2024-11-01,3017072.0
6,5521026,ชัยภูมิ,จัตุรัส,2024-11-01,262810.0
6,5521015,ขอนแก่น,ชนบท,2024-11-01,268582.0
6,5521024,ชัยภูมิ,ชัยภูมิ,2024-11-01,800909.0
6,5521013,ขอนแก่น,ชุมแพ,2024-11-01,351151.0
6,5521014,ขอนแก่น,น้ำพอง,2024-11-01,429707.0
6,5521029,ชัยภูมิ,บำเหน็จณรงค์,2024-11-01,216814.0
6,5521012,ขอนแก่น,บ้านไผ่,2024-11-01,308663.0
6,5521023,มหาสารคาม,พยัคฆภูมิพิสัย,2024-11-01,139199.0
6,5521028,ชัยภูมิ,ภูเขียว,2024-11-01,209884.0
6,5521022,มหาสารคาม,มหาสารคาม,2024-11-01,1123994.0
6,5521030,ร้อยเอ็ด,ร้อยเอ็ด,2024-11-01,711850.0
6,5521021,กาฬสินธุ์,สมเด็จ,2024-11-01,125044.0
6,5521032,ร้อยเอ็ด,สุวรรณภูมิ,2024-11-01,110653.0
6,5521027,ชัยภูมิ,หนองบัวแดง,2024-11-01,127220.0
6,5521017,ขอนแก่น,หนองเรือ,2024-11-01,205248.0
6,5521018,ขอนแก่น,เมืองพล,2024-11-01,204110.0
6,5521025,ชัยภูมิ,แก้งคร้อ,2024-11-01,195853.0
6,5521031,ร้อยเอ็ด,โพนทอง,2024-11-01,152832.0
7,5522012,อุดรธานี,กุมภวาปี,2024-11-01,320268.0
7,5522018,เลย,ด่านซ้าย,2024-11-01,80641.0
7,5522028,นครพนม,ธาตุพนม,2024-11-01,198531.0
7,5522027,นครพนม,นครพนม,2024-11-01,360901.0
7,5522021,บึงกาฬ,บึงกาฬ,2024-11-01,169281.0
7,5522014,อุดรธานี,บ้านดุง,2024-11-01,179630.0
7,5522013,อุดรธานี,บ้านผือ,2024-11-01,167630.0
7,5522029,นครพนม,บ้านแพง,2024-11-01,74797.0
7,5522026,สกลนคร,พังโคน,2024-11-01,202100.0
7,5522019,เลย,วังสะพุง,2024-11-01,180644.0
7,5522030,นครพนม,ศรีสงคราม,2024-11-01,111053.0
7,5522022,หนองคาย,ศรีเชียงใหม่,2024-11-01,96102.0
7,5522024,สกลนคร,สกลนคร,2024-11-01,627169.0
7,5522025,สกลนคร,สว่างแดนดิน,2024-11-01,192991.0
7,5522020,หนองคาย,หนองคาย,2024-11-01,562734.0
7,5522015,หนองบัวลำภู,หนองบัวลำภู,2024-11-01,300190.0
7,5522011,อุดรธานี,อุดรธานี,2024-11-01,2306708.0
7,5522017,เลย,เชียงคาน,2024-11-01,190358.0
7,5522016,เลย,เลย,2024-11-01,527184.0
7,5522023,หนองคาย,โพนพิสัย,2024-11-01,151570.0
8,5532029,ศรีสะเกษ,กันทรลักษ์,2024-11-01,111277.0
8,5532022,บุรีรัมย์,นางรอง,2024-11-01,216686.0
8,5532019,บุรีรัมย์,บุรีรัมย์,2024-11-01,828044.0
8,5532012,อุบลราชธานี,พิบูลมังสาหาร,2024-11-01,107873.0
8,5532018,ยโสธร,มหาชนะชัย,2024-11-01,98470.0
8,5532030,มุกดาหาร,มุกดาหาร,2024-11-01,450568.0
8,5532016,ยโสธร,ยโสธร,2024-11-01,285367.0
8,5532026,สุรินทร์,รัตนบุรี,2024-11-01,170988.0
8,5532023,บุรีรัมย์,ละหานทราย,2024-11-01,218987.0
8,5532021,บุรีรัมย์,ลำปลายมาศ,2024-11-01,112139.0
8,5532028,ศรีสะเกษ,ศรีสะเกษ,2024-11-01,728507.0
8,5532025,สุรินทร์,ศีขรภูมิ,2024-11-01,152781.54
8,5532020,บุรีรัมย์,สตึก,2024-11-01,114962.0
8,5532027,สุรินทร์,สังขะ,2024-11-01,196037.0
8,5532024,สุรินทร์,สุรินทร์,2024-11-01,823982.0
8,5532015,อำนาจเจริญ,อำนาจเจริญ,2024-11-01,231081.0
8,5532011,อุบลราชธานี,อุบลราชธานี,2024-11-01,1484315.0
8,5532014,อุบลราชธานี,เขมราฐ,2024-11-01,160907.0
8,5532013,อุบลราชธานี,เดชอุดม,2024-11-01,169024.0
8,5532017,ยโสธร,เลิงนกทา,2024-11-01,122705.0
9,5511017,เชียงใหม่,จอมทอง,2024-11-01,97658.0
9,5511031,พะเยา,จุน,2024-11-01,103836.0
9,5511029,น่าน,ท่าวังผา,2024-11-01,97116.0
9,5511028,น่าน,น่าน,2024-11-01,360445.0
9,5511021,ลำพูน,บ้านโฮ่ง,2024-11-01,18544.0
9,5511016,เชียงใหม่,ฝาง,2024-11-01,122618.0
9,5511030,พะเยา,พะเยา,2024-11-01,506518.0
9,5511033,เชียงราย,พาน,2024-11-01,156582.0
9,5511027,แพร่,ร้องกวาง,2024-11-01,61697.0
9,5511022,ลำปาง,ลำปาง,2024-11-01,870376.0
9,5511020,ลำพูน,ลำพูน,2024-11-01,356202.0
9,5511013,เชียงใหม่,สันกำแพง,2024-11-01,339781.0
9,5511012,เชียงใหม่,ฮอด,2024-11-01,62806.0
9,5511023,ลำปาง,เกาะคา,2024-11-01,108051.0
9,5511032,เชียงราย,เชียงราย,2024-11-01,800893.0
9,5511011,เชียงใหม่,เชียงใหม่,2024-11-01,3550533.0
9,5511026,แพร่,เด่นชัย,2024-11-01,99276.0
9,5511024,ลำปาง,เถิน,2024-11-01,128584.0
9,5511034,เชียงราย,เทิง,2024-11-01,57201.0
9,5511035,เชียงราย,เวียงเชียงของ,2024-11-01,79058.0
9,5511025,แพร่,แพร่,2024-11-01,241074.0
9,5511037,เชียงราย,แม่ขะจาน,2024-11-01,66788.0
9,5511014,เชียงใหม่,แม่ริม,2024-11-01,492462.0
9,5511019,แม่ฮ่องสอน,แม่สะเรียง,2024-11-01,125639.0
9,5511036,เชียงราย,แม่สาย,2024-11-01,445438.0
9,5511018,แม่ฮ่องสอน,แม่ฮ่องสอน,2024-11-01,177946.0
9,5511015,เชียงใหม่,แม่แตง,2024-11-01,171393.0
10,5512017,กำแพงเพชร,กำแพงเพชร,2024-11-01,533853.0
10,5512018,กำแพงเพชร,ขาณุวรลักษบุรี,2024-11-01,112843.0
10,5512034,เพชรบูรณ์,ชนแดน,2024-11-01,63528.0
10,5512015,ชัยนาท,ชัยนาท,2024-11-01,256703.0
10,5512031,พิจิตร,ตะพานหิน,2024-11-01,158416.0
10,5512019,ตาก,ตาก,2024-11-01,527100.0
10,5512022,สุโขทัย,ทุ่งเสลี่ยม,2024-11-01,61974.0
10,5512012,นครสวรรค์,ท่าตะโก,2024-11-01,205275.0
10,5512011,นครสวรรค์,นครสวรรค์,2024-11-01,622329.0
10,5512028,พิษณุโลก,นครไทย,2024-11-01,102253.0
10,5512030,พิจิตร,บางมูลนาก,2024-11-01,94622.0
10,5512014,นครสวรรค์,พยุหะคีรี,2024-11-01,209979.0
10,5512029,พิจิตร,พิจิตร,2024-11-01,497995.0
10,5512027,พิษณุโลก,พิษณุโลก,2024-11-01,656365.0
10,5512013,นครสวรรค์,ลาดยาว,2024-11-01,126640.0
10,5512036,เพชรบูรณ์,วิเชียรบุรี,2024-11-01,142045.0
10,5512025,สุโขทัย,ศรีสัชนาลัย,2024-11-01,123123.0
10,5512023,สุโขทัย,ศรีสำโรง,2024-11-01,49658.0
10,5512024,สุโขทัย,สวรรคโลก,2024-11-01,124422.0
10,5512021,สุโขทัย,สุโขทัย,2024-11-01,380973.0
10,5512035,เพชรบูรณ์,หนองไผ่,2024-11-01,138177.0
10,5512033,เพชรบูรณ์,หล่มสัก,2024-11-01,219211.0
10,5512026,อุตรดิตถ์,อุตรดิตถ์,2024-11-01,80426.0
10,5512016,อุทัยธานี,อุทัยธานี,2024-11-01,213278.0
10,5512032,เพชรบูรณ์,เพชรบูรณ์,2024-11-01,356779.0
10,5512020,ตาก,แม่สอด,2024-11-01,824188.86
1,5531032,ปราจีนบุรี,กบินทร์บุรี,2024-12-01,287008.0
1,5531025,จันทบุรี,ขลุง,2024-12-01,254895.0
1,5531027,ตราด,คลองใหญ่,2024-12-01,75707.0
1,5531024,จันทบุรี,จันทบุรี,2024-12-01,1211524.0
1,5531017,ฉะเชิงเทรา,ฉะเชิงเทรา,2024-12-01,860921.0
1,5531011,ชลบุรี,ชลบุรี,2024-12-01,3788303.0
1,5531026,ตราด,ตราด,2024-12-01,546532.0
1,5531019,ฉะเชิงเทรา,บางคล้า,2024-12-01,1733568.0
1,5531018,ฉะเชิงเทรา,บางปะกง,2024-12-01,1104105.0
1,5531022,ระยอง,บ้านฉาง,2024-12-01,2266685.0
1,5531013,ชลบุรี,บ้านบึง,2024-12-01,1248268.0
1,5531031,ปราจีนบุรี,ปราจีนบุรี,2024-12-01,774974.0
1,5531023,ระยอง,ปากน้ำประแสร์,2024-12-01,431039.0
1,5531020,ฉะเชิงเทรา,พนมสารคาม,2024-12-01,544398.0
1,5531014,ชลบุรี,พนัสนิคม,2024-12-01,1644539.0
1,5531012,ชลบุรี,พัทยา,2024-12-01,4699040.02
1,5531021,ระยอง,ระยอง,2024-12-01,1611998.0
1,5531029,สระแก้ว,วัฒนานคร,2024-12-01,108635.0
1,5531015,ชลบุรี,ศรีราชา,2024-12-01,1551876.0
1,5531028,สระแก้ว,สระแก้ว,2024-12-01,308532.0
1,5531030,สระแก้ว,อรัญประเทศ,2024-12-01,404384.0
1,5531016,ชลบุรี,แหลมฉบัง,2024-12-01,1986241.0
2,5541031,นครราชสีมา,ครบุรี,2024-12-01,141877.0
2,5541039,ปทุมธานี,คลองหลวง,2024-12-01,2769680.0
2,5541017,ลพบุรี,ชัยบาดาล,2024-12-01,192706.0
2,5541036,นครราชสีมา,ชุมพวง,2024-12-01,96159.0
2,5541038,นครราชสีมา,ด่านขุนทด,2024-12-01,156738.0
2,5541024,พระนครศรีอยุธยา,ท่าเรือ,2024-12-01,136330.0
2,5541040,ปทุมธานี,ธัญบุรี,2024-12-01,1851646.0
2,5541027,นครนายก,นครนายก,2024-12-01,354543.0
2,5541029,นครราชสีมา,นครราชสีมา,2024-12-01,881874.0
2,5541028,นครนายก,บ้านนา,2024-12-01,296119.0
2,5541014,สระบุรี,บ้านหมอ,2024-12-01,82786.0
2,5541016,ลพบุรี,บ้านหมี่,2024-12-01,324087.0
2,5541025,ปทุมธานี,ปทุมธานี,2024-12-01,2266810.0
2,5541033,นครราชสีมา,ปักธงชัย,2024-12-01,229552.0
2,5541030,นครราชสีมา,ปากช่อง,2024-12-01,390998.0
2,5541022,พระนครศรีอยุธยา,ผักไห่,2024-12-01,40419.0
2,5541021,พระนครศรีอยุธยา,พระนครศรีอยุธยา,2024-12-01,2485487.0
2,5541011,สระบุรี,พระพุทธบาท,2024-12-01,368086.0
2,5541035,นครราชสีมา,พิมาย,2024-12-01,232244.0
2,5541013,สระบุรี,มวกเหล็ก,2024-12-01,483298.0
2,5541026,ปทุมธานี,รังสิต,2024-12-01,4082132.0
2,5541015,ลพบุรี,ลพบุรี,2024-12-01,1270602.0
2,5541020,อ่างทอง,วิเศษชัยชาญ,2024-12-01,84911.0
2,5541018,สิงห์บุรี,สิงห์บุรี,2024-12-01,227909.0
2,5541032,นครราชสีมา,สีคิ้ว,2024-12-01,746312.0
2,5541012,สระบุรี,หนองแค,2024-12-01,888500.0
2,5541019,อ่างทอง,อ่างทอง,2024-12-01,243434.0
2,5541023,พระนครศรีอยุธยา,เสนา,2024-12-01,243980.0
2,5541034,นครราชสีมา,โชคชัย,2024-12-01,302044.0
2,5541037,นครราชสีมา,โนนสูง,2024-12-01,139188.0
3,5542024,กาญจนบุรี,กาญจนบุรี,2024-12-01,654093.0
3,5542031,ประจวบคีรีขันธ์,กุยบุรี,2024-12-01,344864.0
3,5542022,สุพรรณบุรี,ด่านช้าง,2024-12-01,125580.0
3,5542027,กาญจนบุรี,ท่ามะกา,2024-12-01,203739.0
3,5542033,นครปฐม,นครปฐม,2024-12-01,572921.0
3,5542032,ประจวบคีรีขันธ์,บางสะพาน,2024-12-01,234610.0
3,5542011,ราชบุรี,บ้านโป่ง,2024-12-01,204123.0
3,5542029,ประจวบคีรีขันธ์,ประจวบคีรีขันธ์,2024-12-01,307148.0
3,5542030,ประจวบคีรีขันธ์,ปราณบุรี,2024-12-01,838268.0
3,5542013,ราชบุรี,ปากท่อ,2024-12-01,454467.0
3,5542026,กาญจนบุรี,พนมทวน,2024-12-01,155789.0
3,5542014,ราชบุรี,ราชบุรี,2024-12-01,648520.18
3,5542020,สุพรรณบุรี,ศรีประจันต์,2024-12-01,92051.0
3,5542015,สมุทรสงคราม,สมุทรสงคราม,2024-12-01,890175.0
3,5542016,สมุทรสาคร,สมุทรสาคร,2024-12-01,5655338.0
3,5542012,ราชบุรี,สวนผึ้ง,2024-12-01,116044.0
3,5542018,นครปฐม,สามพราน,2024-12-01,1057752.0
3,5542019,สุพรรณบุรี,สุพรรณบุรี,2024-12-01,574942.0
3,5542023,สุพรรณบุรี,อู่ทอง,2024-12-01,372464.0
3,5542017,สมุทรสาคร,อ้อมน้อย,2024-12-01,2613560.0
3,5542021,สุพรรณบุรี,เดิมบางนางบวช,2024-12-01,190364.0
3,5542028,เพชรบุรี,เพชรบุรี,2024-12-01,1218423.0
3,5542025,กาญจนบุรี,เลาขวัญ,2024-12-01,129489.0
4,5551025,กระบี่,กระบี่,2024-12-01,837025.0
4,5551012,สุราษฎร์ธานี,กาญจนดิษฐ์,2024-12-01,279227.09
4,5551031,นครศรีธรรมราช,ขนอม,2024-12-01,117989.0
4,5551034,กระบี่,คลองท่อม,2024-12-01,99373.0
4,5551030,นครศรีธรรมราช,จันดี,2024-12-01,128838.0
4,5551028,นครศรีธรรมราช,ชะอวด,2024-12-01,90930.0
4,5551017,ชุมพร,ชุมพร,2024-12-01,787200.0
4,5551022,พังงา,ตะกั่วป่า,2024-12-01,165718.0
4,5551027,นครศรีธรรมราช,ทุ่งสง,2024-12-01,465131.0
4,5551019,ชุมพร,ท่าแซะ,2024-12-01,78463.0
4,5551023,พังงา,ท้ายเหมือง,2024-12-01,82604.0
4,5551032,นครศรีธรรมราช,นครศรีธรรมราช,2024-12-01,213438.0
4,5551015,สุราษฎร์ธานี,บ้านตาขุน,2024-12-01,81463.0
4,5551029,นครศรีธรรมราช,ปากพนัง,2024-12-01,215311.0
4,5551021,พังงา,พังงา,2024-12-01,245176.0
4,5551024,ภูเก็ต,ภูเก็ต,2024-12-01,2207751.0
4,5551020,ระนอง,ระนอง,2024-12-01,455248.0
4,5551011,สุราษฎร์ธานี,สุราษฎร์ธานี,2024-12-01,1697934.96
4,5551018,ชุมพร,หลังสวน,2024-12-01,315199.0
4,5551026,กระบี่,อ่าวลึก,2024-12-01,90429.0
4,5551033,สุราษฎร์ธานี,เกาะพะงัน,2024-12-01,95171.0
4,5551013,สุราษฎร์ธานี,เกาะสมุย,2024-12-01,569578.0
4,5551014,สุราษฎร์ธานี,เวียงสระ,2024-12-01,158349.0
4,5551016,สุราษฎร์ธานี,ไชยา,2024-12-01,86906.0
5,5552021,ตรัง,กันตัง,2024-12-01,217050.0
5,5552018,ตรัง,ตรัง,2024-12-01,358586.0
5,5552027,นราธิวาส,นราธิวาส,2024-12-01,499966.0
5,5552014,สงขลา,นาทวี,2024-12-01,83796.0
5,5552030,สงขลา,พังลา,2024-12-01,97358.0
5,5552016,พัทลุง,พัทลุง,2024-12-01,350840.0
5,5552024,ยะลา,ยะหา,2024-12-01,59187.0
5,5552020,ตรัง,ย่านตาขาว,2024-12-01,122189.0
5,5552015,สงขลา,ระโนด,2024-12-01,39851.0
5,5552028,นราธิวาส,รือเสาะ,2024-12-01,47046.0
5,5552023,สตูล,ละงู,2024-12-01,171688.0
5,5552011,สงขลา,สงขลา,2024-12-01,1385808.0
5,5552022,สตูล,สตูล,2024-12-01,336772.0
5,5552013,สงขลา,สะเดา,2024-12-01,426236.0
5,5552026,ปัตตานี,สายบุรี,2024-12-01,50537.0
5,5552029,นราธิวาส,สุไหงโก-ลก,2024-12-01,241713.0
5,5552012,สงขลา,หาดใหญ่,2024-12-01,1965533.0
5,5552019,ตรัง,ห้วยยอด,2024-12-01,178015.0
5,5552017,พัทลุง,เขาชัยสน,2024-12-01,46688.0
5,5552025,ยะลา,เบตง,2024-12-01,229897.0
6,5521016,ขอนแก่น,กระนวน,2024-12-01,261999.0
6,5521019,กาฬสินธุ์,กาฬสินธุ์,2024-12-01,553508.0
6,5521020,กาฬสินธุ์,กุฉินารายณ์,2024-12-01,84561.0
6,5521011,ขอนแก่น,ขอนแก่น,2024-12-01,2957591.33
6,5521026,ชัยภูมิ,จัตุรัส,2024-12-01,263664.0
6,5521015,ขอนแก่น,ชนบท,2024-12-01,267872.0
6,5521024,ชัยภูมิ,ชัยภูมิ,2024-12-01,797483.0
6,5521013,ขอนแก่น,ชุมแพ,2024-12-01,339151.0
6,5521014,ขอนแก่น,น้ำพอง,2024-12-01,425822.0
6,5521029,ชัยภูมิ,บำเหน็จณรงค์,2024-12-01,225747.0
6,5521012,ขอนแก่น,บ้านไผ่,2024-12-01,308167.0
6,5521023,มหาสารคาม,พยัคฆภูมิพิสัย,2024-12-01,138937.0
6,5521028,ชัยภูมิ,ภูเขียว,2024-12-01,209408.5
6,5521022,มหาสารคาม,มหาสารคาม,2024-12-01,1092415.0
6,5521030,ร้อยเอ็ด,ร้อยเอ็ด,2024-12-01,701903.0
6,5521021,กาฬสินธุ์,สมเด็จ,2024-12-01,124800.0
6,5521032,ร้อยเอ็ด,สุวรรณภูมิ,2024-12-01,112127.0
6,5521027,ชัยภูมิ,หนองบัวแดง,2024-12-01,127831.0
6,5521017,ขอนแก่น,หนองเรือ,2024-12-01,198909.0
6,5521018,ขอนแก่น,เมืองพล,2024-12-01,200660.0
6,5521025,ชัยภูมิ,แก้งคร้อ,2024-12-01,199223.0
6,5521031,ร้อยเอ็ด,โพนทอง,2024-12-01,150959.0
7,5522012,อุดรธานี,กุมภวาปี,2024-12-01,311104.0
7,5522018,เลย,ด่านซ้าย,2024-12-01,80262.0
7,5522028,นครพนม,ธาตุพนม,2024-12-01,192432.0
7,5522027,นครพนม,นครพนม,2024-12-01,345546.0
7,5522021,บึงกาฬ,บึงกาฬ,2024-12-01,165275.0
7,5522014,อุดรธานี,บ้านดุง,2024-12-01,179051.0
7,5522013,อุดรธานี,บ้านผือ,2024-12-01,163326.0
7,5522029,นครพนม,บ้านแพง,2024-12-01,73035.0
7,5522026,สกลนคร,พังโคน,2024-12-01,201004.0
7,5522019,เลย,วังสะพุง,2024-12-01,180853.0
7,5522030,นครพนม,ศรีสงคราม,2024-12-01,107414.0
7,5522022,หนองคาย,ศรีเชียงใหม่,2024-12-01,96980.0
7,5522024,สกลนคร,สกลนคร,2024-12-01,612225.53
7,5522025,สกลนคร,สว่างแดนดิน,2024-12-01,188834.0
7,5522020,หนองคาย,หนองคาย,2024-12-01,559271.0
7,5522015,หนองบัวลำภู,หนองบัวลำภู,2024-12-01,291311.0
7,5522011,อุดรธานี,อุดรธานี,2024-12-01,2287150.0
7,5522017,เลย,เชียงคาน,2024-12-01,188853.0
7,5522016,เลย,เลย,2024-12-01,521188.0
7,5522023,หนองคาย,โพนพิสัย,2024-12-01,143942.0
8,5532029,ศรีสะเกษ,กันทรลักษ์,2024-12-01,111856.0
8,5532022,บุรีรัมย์,นางรอง,2024-12-01,221309.0
8,5532019,บุรีรัมย์,บุรีรัมย์,2024-12-01,836141.0
8,5532012,อุบลราชธานี,พิบูลมังสาหาร,2024-12-01,109064.0
8,5532018,ยโสธร,มหาชนะชัย,2024-12-01,104422.0
8,5532030,มุกดาหาร,มุกดาหาร,2024-12-01,439442.0
8,5532016,ยโสธร,ยโสธร,2024-12-01,285887.0
8,5532026,สุรินทร์,รัตนบุรี,2024-12-01,171395.0
8,5532023,บุรีรัมย์,ละหานทราย,2024-12-01,223469.0
8,5532021,บุรีรัมย์,ลำปลายมาศ,2024-12-01,114695.0
8,5532028,ศรีสะเกษ,ศรีสะเกษ,2024-12-01,733054.0
8,5532025,สุรินทร์,ศีขรภูมิ,2024-12-01,156913.0
8,5532020,บุรีรัมย์,สตึก,2024-12-01,120701.0
8,5532027,สุรินทร์,สังขะ,2024-12-01,194531.0
8,5532024,สุรินทร์,สุรินทร์,2024-12-01,849191.0
8,5532015,อำนาจเจริญ,อำนาจเจริญ,2024-12-01,232837.0
8,5532011,อุบลราชธานี,อุบลราชธานี,2024-12-01,1576405.0
8,5532014,อุบลราชธานี,เขมราฐ,2024-12-01,155833.0
8,5532013,อุบลราชธานี,เดชอุดม,2024-12-01,176911.0
8,5532017,ยโสธร,เลิงนกทา,2024-12-01,120185.0
9,5511017,เชียงใหม่,จอมทอง,2024-12-01,93815.0
9,5511031,พะเยา,จุน,2024-12-01,102594.0
9,5511029,น่าน,ท่าวังผา,2024-12-01,100916.0
9,5511028,น่าน,น่าน,2024-12-01,349000.0
9,5511021,ลำพูน,บ้านโฮ่ง,2024-12-01,18401.0
9,5511016,เชียงใหม่,ฝาง,2024-12-01,117702.0
9,5511030,พะเยา,พะเยา,2024-12-01,491437.0
9,5511033,เชียงราย,พาน,2024-12-01,148572.0
9,5511027,แพร่,ร้องกวาง,2024-12-01,58020.0
9,5511022,ลำปาง,ลำปาง,2024-12-01,863539.0
9,5511020,ลำพูน,ลำพูน,2024-12-01,348387.0
9,5511013,เชียงใหม่,สันกำแพง,2024-12-01,344840.0
9,5511012,เชียงใหม่,ฮอด,2024-12-01,60498.0
9,5511023,ลำปาง,เกาะคา,2024-12-01,106944.0
9,5511032,เชียงราย,เชียงราย,2024-12-01,785415.0
9,5511011,เชียงใหม่,เชียงใหม่,2024-12-01,3481728.0
9,5511026,แพร่,เด่นชัย,2024-12-01,98600.0
9,5511024,ลำปาง,เถิน,2024-12-01,126753.0
9,5511034,เชียงราย,เทิง,2024-12-01,55381.0
9,5511035,เชียงราย,เวียงเชียงของ,2024-12-01,76131.0
9,5511025,แพร่,แพร่,2024-12-01,235240.0
9,5511037,เชียงราย,แม่ขะจาน,2024-12-01,63982.0
9,5511014,เชียงใหม่,แม่ริม,2024-12-01,509709.84
9,5511019,แม่ฮ่องสอน,แม่สะเรียง,2024-12-01,121933.0
9,5511036,เชียงราย,แม่สาย,2024-12-01,410988.0
9,5511018,แม่ฮ่องสอน,แม่ฮ่องสอน,2024-12-01,166147.0
9,5511015,เชียงใหม่,แม่แตง,2024-12-01,169374.0
10,5512017,กำแพงเพชร,กำแพงเพชร,2024-12-01,525659.0
10,5512018,กำแพงเพชร,ขาณุวรลักษบุรี,2024-12-01,109947.0
10,5512034,เพชรบูรณ์,ชนแดน,2024-12-01,64440.0
10,5512015,ชัยนาท,ชัยนาท,2024-12-01,259935.0
10,5512031,พิจิตร,ตะพานหิน,2024-12-01,157792.0
10,5512019,ตาก,ตาก,2024-12-01,519442.0
10,5512022,สุโขทัย,ทุ่งเสลี่ยม,2024-12-01,62748.0
10,5512012,นครสวรรค์,ท่าตะโก,2024-12-01,205831.0
10,5512011,นครสวรรค์,นครสวรรค์,2024-12-01,608889.0
10,5512028,พิษณุโลก,นครไทย,2024-12-01,97572.0
10,5512030,พิจิตร,บางมูลนาก,2024-12-01,97344.0
10,5512014,นครสวรรค์,พยุหะคีรี,2024-12-01,203419.0
10,5512029,พิจิตร,พิจิตร,2024-12-01,492337.0
10,5512027,พิษณุโลก,พิษณุโลก,2024-12-01,668202.0
10,5512013,นครสวรรค์,ลาดยาว,2024-12-01,124447.0
10,5512036,เพชรบูรณ์,วิเชียรบุรี,2024-12-01,137066.0
10,5512025,สุโขทัย,ศรีสัชนาลัย,2024-12-01,121095.0
10,5512023,สุโขทัย,ศรีสำโรง,2024-12-01,50114.0
10,5512024,สุโขทัย,สวรรคโลก,2024-12-01,124247.0
10,5512021,สุโขทัย,สุโขทัย,2024-12-01,395759.0
10,5512035,เพชรบูรณ์,หนองไผ่,2024-12-01,136650.0
10,5512033,เพชรบูรณ์,หล่มสัก,2024-12-01,219299.0
10,5512026,อุตรดิตถ์,อุตรดิตถ์,2024-12-01,79040.0
10,5512016,อุทัยธานี,อุทัยธานี,2024-12-01,217549.0
10,5512032,เพชรบูรณ์,เพชรบูรณ์,2024-12-01,359563.0
10,5512020,ตาก,แม่สอด,2024-12-01,807200.0
1,5531032,ปราจีนบุรี,กบินทร์บุรี,2025-01-01,298196.0
1,5531025,จันทบุรี,ขลุง,2025-01-01,278016.0
1,5531027,ตราด,คลองใหญ่,2025-01-01,80370.0
1,5531024,จันทบุรี,จันทบุรี,2025-01-01,1306723.0
1,5531017,ฉะเชิงเทรา,ฉะเชิงเทรา,2025-01-01,903347.0
1,5531011,ชลบุรี,ชลบุรี,2025-01-01,3957284.0
1,5531026,ตราด,ตราด,2025-01-01,573999.0
1,5531019,ฉะเชิงเทรา,บางคล้า,2025-01-01,1748063.0
1,5531018,ฉะเชิงเทรา,บางปะกง,2025-01-01,1100943.0
1,5531022,ระยอง,บ้านฉาง,2025-01-01,2369933.0
1,5531013,ชลบุรี,บ้านบึง,2025-01-01,1282695.0
1,5531031,ปราจีนบุรี,ปราจีนบุรี,2025-01-01,812159.1
1,5531023,ระยอง,ปากน้ำประแสร์,2025-01-01,491954.0
1,5531020,ฉะเชิงเทรา,พนมสารคาม,2025-01-01,557524.0
1,5531014,ชลบุรี,พนัสนิคม,2025-01-01,1650947.5
1,5531012,ชลบุรี,พัทยา,2025-01-01,5217576.04
1,5531021,ระยอง,ระยอง,2025-01-01,1721909.0
1,5531029,สระแก้ว,วัฒนานคร,2025-01-01,119093.0
1,5531015,ชลบุรี,ศรีราชา,2025-01-01,1650290.0
1,5531028,สระแก้ว,สระแก้ว,2025-01-01,320522.0
1,5531030,สระแก้ว,อรัญประเทศ,2025-01-01,413518.0
1,5531016,ชลบุรี,แหลมฉบัง,2025-01-01,2012399.0
2,5541031,นครราชสีมา,ครบุรี,2025-01-01,154417.0
2,5541039,ปทุมธานี,คลองหลวง,2025-01-01,2758357.0
2,5541017,ลพบุรี,ชัยบาดาล,2025-01-01,205508.0
2,5541036,นครราชสีมา,ชุมพวง,2025-01-01,98605.0
2,5541038,นครราชสีมา,ด่านขุนทด,2025-01-01,167357.0
2,5541024,พระนครศรีอยุธยา,ท่าเรือ,2025-01-01,140080.0
2,5541040,ปทุมธานี,ธัญบุรี,2025-01-01,1858694.0
2,5541027,นครนายก,นครนายก,2025-01-01,380678.0
2,5541029,นครราชสีมา,นครราชสีมา,2025-01-01,916126.0
2,5541028,นครนายก,บ้านนา,2025-01-01,306094.0
2,5541014,สระบุรี,บ้านหมอ,2025-01-01,85135.0
2,5541016,ลพบุรี,บ้านหมี่,2025-01-01,343402.0
2,5541025,ปทุมธานี,ปทุมธานี,2025-01-01,2296284.0
2,5541033,นครราชสีมา,ปักธงชัย,2025-01-01,246049.0
2,5541030,นครราชสีมา,ปากช่อง,2025-01-01,415231.0
2,5541022,พระนครศรีอยุธยา,ผักไห่,2025-01-01,40481.0
2,5541021,พระนครศรีอยุธยา,พระนครศรีอยุธยา,2025-01-01,2475730.0
2,5541011,สระบุรี,พระพุทธบาท,2025-01-01,391128.0
2,5541035,นครราชสีมา,พิมาย,2025-01-01,235292.0
2,5541013,สระบุรี,มวกเหล็ก,2025-01-01,510978.0
2,5541026,ปทุมธานี,รังสิต,2025-01-01,4109519.0
2,5541015,ลพบุรี,ลพบุรี,2025-01-01,1318815.0
2,5541020,อ่างทอง,วิเศษชัยชาญ,2025-01-01,89573.0
2,5541018,สิงห์บุรี,สิงห์บุรี,2025-01-01,235524.0
2,5541032,นครราชสีมา,สีคิ้ว,2025-01-01,784777.0
2,5541012,สระบุรี,หนองแค,2025-01-01,910181.0
2,5541019,อ่างทอง,อ่างทอง,2025-01-01,241833.0
2,5541023,พระนครศรีอยุธยา,เสนา,2025-01-01,239320.0
2,5541034,นครราชสีมา,โชคชัย,2025-01-01,318620.0
2,5541037,นครราชสีมา,โนนสูง,2025-01-01,148545.0
3,5542024,กาญจนบุรี,กาญจนบุรี,2025-01-01,689298.0
3,5542031,ประจวบคีรีขันธ์,กุยบุรี,2025-01-01,368796.0
3,5542022,สุพรรณบุรี,ด่านช้าง,2025-01-01,138098.0
3,5542027,กาญจนบุรี,ท่ามะกา,2025-01-01,211999.0
3,5542033,นครปฐม,นครปฐม,2025-01-01,587116.0
3,5542032,ประจวบคีรีขันธ์,บางสะพาน,2025-01-01,248462.0
3,5542011,ราชบุรี,บ้านโป่ง,2025-01-01,207077.0
3,5542029,ประจวบคีรีขันธ์,ประจวบคีรีขันธ์,2025-01-01,331508.0
3,5542030,ประจวบคีรีขันธ์,ปราณบุรี,2025-01-01,961858.0
3,5542013,ราชบุรี,ปากท่อ,2025-01-01,482581.83
3,5542026,กาญจนบุรี,พนมทวน,2025-01-01,166007.0
3,5542014,ราชบุรี,ราชบุรี,2025-01-01,662511.36
3,5542020,สุพรรณบุรี,ศรีประจันต์,2025-01-01,94554.0
3,5542015,สมุทรสงคราม,สมุทรสงคราม,2025-01-01,922889.86
3,5542016,สมุทรสาคร,สมุทรสาคร,2025-01-01,5530072.0
3,5542012,ราชบุรี,สวนผึ้ง,2025-01-01,127076.0
3,5542018,นครปฐม,สามพราน,2025-01-01,1051853.0
3,5542019,สุพรรณบุรี,สุพรรณบุรี,2025-01-01,581074.53
3,5542023,สุพรรณบุรี,อู่ทอง,2025-01-01,389625.0
3,5542017,สมุทรสาคร,อ้อมน้อย,2025-01-01,2568585.0
3,5542021,สุพรรณบุรี,เดิมบางนางบวช,2025-01-01,198292.0
3,5542028,เพชรบุรี,เพชรบุรี,2025-01-01,1293906.0
3,5542025,กาญจนบุรี,เลาขวัญ,2025-01-01,137932.0
4,5551025,กระบี่,กระบี่,2025-01-01,892421.0
4,5551012,สุราษฎร์ธานี,กาญจนดิษฐ์,2025-01-01,289084.0
4,5551031,นครศรีธรรมราช,ขนอม,2025-01-01,133802.0
4,5551034,กระบี่,คลองท่อม,2025-01-01,103253.0
4,5551030,นครศรีธรรมราช,จันดี,2025-01-01,132257.0
4,5551028,นครศรีธรรมราช,ชะอวด,2025-01-01,93470.0
4,5551017,ชุมพร,ชุมพร,2025-01-01,817735.0
4,5551022,พังงา,ตะกั่วป่า,2025-01-01,195422.0
4,5551027,นครศรีธรรมราช,ทุ่งสง,2025-01-01,500510.0
4,5551019,ชุมพร,ท่าแซะ,2025-01-01,88720.0
4,5551023,พังงา,ท้ายเหมือง,2025-01-01,96771.0
4,5551032,นครศรีธรรมราช,นครศรีธรรมราช,2025-01-01,233517.0
4,5551015,สุราษฎร์ธานี,บ้านตาขุน,2025-01-01,87584.0
4,5551029,นครศรีธรรมราช,ปากพนัง,2025-01-01,225784.0
4,5551021,พังงา,พังงา,2025-01-01,260293.0
4,5551024,ภูเก็ต,ภูเก็ต,2025-01-01,2531730.0
4,5551020,ระนอง,ระนอง,2025-01-01,462672.0
4,5551011,สุราษฎร์ธานี,สุราษฎร์ธานี,2025-01-01,1715891.27
4,5551018,ชุมพร,หลังสวน,2025-01-01,328362.0
4,5551026,กระบี่,อ่าวลึก,2025-01-01,93283.0
4,5551033,สุราษฎร์ธานี,เกาะพะงัน,2025-01-01,110596.0
4,5551013,สุราษฎร์ธานี,เกาะสมุย,2025-01-01,650879.0
4,5551014,สุราษฎร์ธานี,เวียงสระ,2025-01-01,174714.0
4,5551016,สุราษฎร์ธานี,ไชยา,2025-01-01,88408.0
5,5552021,ตรัง,กันตัง,2025-01-01,248288.0
5,5552018,ตรัง,ตรัง,2025-01-01,389313.0
5,5552027,นราธิวาส,นราธิวาส,2025-01-01,483734.0
5,5552014,สงขลา,นาทวี,2025-01-01,82015.0
5,5552030,สงขลา,พังลา,2025-01-01,94607.0
5,5552016,พัทลุง,พัทลุง,2025-01-01,368008.0
5,5552024,ยะลา,ยะหา,2025-01-01,61318.0
5,5552020,ตรัง,ย่านตาขาว,2025-01-01,132615.0
5,5552015,สงขลา,ระโนด,2025-01-01,39735.0
5,5552028,นราธิวาส,รือเสาะ,2025-01-01,43827.0
5,5552023,สตูล,ละงู,2025-01-01,192319.0
5,5552011,สงขลา,สงขลา,2025-01-01,1482160.0
5,5552022,สตูล,สตูล,2025-01-01,365280.0
5,5552013,สงขลา,สะเดา,2025-01-01,448774.0
5,5552026,ปัตตานี,สายบุรี,2025-01-01,48706.0
5,5552029,นราธิวาส,สุไหงโก-ลก,2025-01-01,243609.0
5,5552012,สงขลา,หาดใหญ่,2025-01-01,1965472.0
5,5552019,ตรัง,ห้วยยอด,2025-01-01,184604.0
5,5552017,พัทลุง,เขาชัยสน,2025-01-01,47626.0
5,5552025,ยะลา,เบตง,2025-01-01,241148.0
6,5521016,ขอนแก่น,กระนวน,2025-01-01,276410.0
6,5521019,กาฬสินธุ์,กาฬสินธุ์,2025-01-01,563054.0
6,5521020,กาฬสินธุ์,กุฉินารายณ์,2025-01-01,88680.0
6,5521011,ขอนแก่น,ขอนแก่น,2025-01-01,2991717.0
6,5521026,ชัยภูมิ,จัตุรัส,2025-01-01,289128.0
6,5521015,ขอนแก่น,ชนบท,2025-01-01,291281.0
6,5521024,ชัยภูมิ,ชัยภูมิ,2025-01-01,857198.0
6,5521013,ขอนแก่น,ชุมแพ,2025-01-01,365424.0
6,5521014,ขอนแก่น,น้ำพอง,2025-01-01,446008.0
6,5521029,ชัยภูมิ,บำเหน็จณรงค์,2025-01-01,248633.0
6,5521012,ขอนแก่น,บ้านไผ่,2025-01-01,333968.0
6,5521023,มหาสารคาม,พยัคฆภูมิพิสัย,2025-01-01,142548.0
6,5521028,ชัยภูมิ,ภูเขียว,2025-01-01,223816.0
6,5521022,มหาสารคาม,มหาสารคาม,2025-01-01,1111916.0
6,5521030,ร้อยเอ็ด,ร้อยเอ็ด,2025-01-01,723510.0
6,5521021,กาฬสินธุ์,สมเด็จ,2025-01-01,136644.0
6,5521032,ร้อยเอ็ด,สุวรรณภูมิ,2025-01-01,119466.0
6,5521027,ชัยภูมิ,หนองบัวแดง,2025-01-01,141628.0
6,5521017,ขอนแก่น,หนองเรือ,2025-01-01,209069.0
6,5521018,ขอนแก่น,เมืองพล,2025-01-01,219835.0
6,5521025,ชัยภูมิ,แก้งคร้อ,2025-01-01,211803.0
6,5521031,ร้อยเอ็ด,โพนทอง,2025-01-01,160957.0
7,5522012,อุดรธานี,กุมภวาปี,2025-01-01,324792.0
7,5522018,เลย,ด่านซ้าย,2025-01-01,87911.0
7,5522028,นครพนม,ธาตุพนม,2025-01-01,206213.0
7,5522027,นครพนม,นครพนม,2025-01-01,366593.0
7,5522021,บึงกาฬ,บึงกาฬ,2025-01-01,169533.0
7,5522014,อุดรธานี,บ้านดุง,2025-01-01,188523.0
7,5522013,อุดรธานี,บ้านผือ,2025-01-01,175518.0
7,5522029,นครพนม,บ้านแพง,2025-01-01,77694.0
7,5522026,สกลนคร,พังโคน,2025-01-01,215286.0
7,5522019,เลย,วังสะพุง,2025-01-01,183523.0
7,5522030,นครพนม,ศรีสงคราม,2025-01-01,112345.0
7,5522022,หนองคาย,ศรีเชียงใหม่,2025-01-01,101722.0
7,5522024,สกลนคร,สกลนคร,2025-01-01,630682.0
7,5522025,สกลนคร,สว่างแดนดิน,2025-01-01,197818.0
7,5522020,หนองคาย,หนองคาย,2025-01-01,573021.0
7,5522015,หนองบัวลำภู,หนองบัวลำภู,2025-01-01,311885.0
7,5522011,อุดรธานี,อุดรธานี,2025-01-01,2359545.0
7,5522017,เลย,เชียงคาน,2025-01-01,214012.0
7,5522016,เลย,เลย,2025-01-01,538229.0
7,5522023,หนองคาย,โพนพิสัย,2025-01-01,154193.0
8,5532029,ศรีสะเกษ,กันทรลักษ์,2025-01-01,124356.0
8,5532022,บุรีรัมย์,นางรอง,2025-01-01,240786.0
8,5532019,บุรีรัมย์,บุรีรัมย์,2025-01-01,901117.0
8,5532012,อุบลราชธานี,พิบูลมังสาหาร,2025-01-01,115948.0
8,5532018,ยโสธร,มหาชนะชัย,2025-01-01,108954.0
8,5532030,มุกดาหาร,มุกดาหาร,2025-01-01,461027.0
8,5532016,ยโสธร,ยโสธร,2025-01-01,302120.0
8,5532026,สุรินทร์,รัตนบุรี,2025-01-01,187938.0
8,5532023,บุรีรัมย์,ละหานทราย,2025-01-01,251707.0
8,5532021,บุรีรัมย์,ลำปลายมาศ,2025-01-01,120760.0
8,5532028,ศรีสะเกษ,ศรีสะเกษ,2025-01-01,788321.0
8,5532025,สุรินทร์,ศีขรภูมิ,2025-01-01,168381.0
8,5532020,บุรีรัมย์,สตึก,2025-01-01,126365.0
8,5532027,สุรินทร์,สังขะ,2025-01-01,212095.0
8,5532024,สุรินทร์,สุรินทร์,2025-01-01,897006.0
8,5532015,อำนาจเจริญ,อำนาจเจริญ,2025-01-01,241036.0
8,5532011,อุบลราชธานี,อุบลราชธานี,2025-01-01,1567068.0
8,5532014,อุบลราชธานี,เขมราฐ,2025-01-01,165004.0
8,5532013,อุบลราชธานี,เดชอุดม,2025-01-01,192304.0
8,5532017,ยโสธร,เลิงนกทา,2025-01-01,124286.0
9,5511017,เชียงใหม่,จอมทอง,2025-01-01,94805.0
9,5511031,พะเยา,จุน,2025-01-01,111179.0
9,5511029,น่าน,ท่าวังผา,2025-01-01,104964.0
9,5511028,น่าน,น่าน,2025-01-01,362576.0
9,5511021,ลำพูน,บ้านโฮ่ง,2025-01-01,19035.0
9,5511016,เชียงใหม่,ฝาง,2025-01-01,119063.0
9,5511030,พะเยา,พะเยา,2025-01-01,506376.0
9,5511033,เชียงราย,พาน,2025-01-01,163330.0
9,5511027,แพร่,ร้องกวาง,2025-01-01,60824.0
9,5511022,ลำปาง,ลำปาง,2025-01-01,890903.0
9,5511020,ลำพูน,ลำพูน,2025-01-01,359551.0
9,5511013,เชียงใหม่,สันกำแพง,2025-01-01,352483.0
9,5511012,เชียงใหม่,ฮอด,2025-01-01,61133.0
9,5511023,ลำปาง,เกาะคา,2025-01-01,110987.0
9,5511032,เชียงราย,เชียงราย,2025-01-01,789758.0
9,5511011,เชียงใหม่,เชียงใหม่,2025-01-01,3611102.0
9,5511026,แพร่,เด่นชัย,2025-01-01,103458.0
9,5511024,ลำปาง,เถิน,2025-01-01,136373.0
9,5511034,เชียงราย,เทิง,2025-01-01,56335.0
9,5511035,เชียงราย,เวียงเชียงของ,2025-01-01,79255.0
9,5511025,แพร่,แพร่,2025-01-01,247710.0
9,5511037,เชียงราย,แม่ขะจาน,2025-01-01,66657.0
9,5511014,เชียงใหม่,แม่ริม,2025-01-01,515269.2
9,5511019,แม่ฮ่องสอน,แม่สะเรียง,2025-01-01,126051.0
9,5511036,เชียงราย,แม่สาย,2025-01-01,415889.0
9,5511018,แม่ฮ่องสอน,แม่ฮ่องสอน,2025-01-01,171313.0
9,5511015,เชียงใหม่,แม่แตง,2025-01-01,180118.0
10,5512017,กำแพงเพชร,กำแพงเพชร,2025-01-01,543999.0
10,5512018,กำแพงเพชร,ขาณุวรลักษบุรี,2025-01-01,117804.0
10,5512034,เพชรบูรณ์,ชนแดน,2025-01-01,67369.0
10,5512015,ชัยนาท,ชัยนาท,2025-01-01,268455.0
10,5512031,พิจิตร,ตะพานหิน,2025-01-01,169352.0
10,5512019,ตาก,ตาก,2025-01-01,551072.0
10,5512022,สุโขทัย,ทุ่งเสลี่ยม,2025-01-01,67461.0
10,5512012,นครสวรรค์,ท่าตะโก,2025-01-01,222369.76
10,5512011,นครสวรรค์,นครสวรรค์,2025-01-01,637262.0
10,5512028,พิษณุโลก,นครไทย,2025-01-01,106492.0
10,5512030,พิจิตร,บางมูลนาก,2025-01-01,102932.21
10,5512014,นครสวรรค์,พยุหะคีรี,2025-01-01,226845.0
10,5512029,พิจิตร,พิจิตร,2025-01-01,522122.0
10,5512027,พิษณุโลก,พิษณุโลก,2025-01-01,691416.0
10,5512013,นครสวรรค์,ลาดยาว,2025-01-01,133318.0
10,5512036,เพชรบูรณ์,วิเชียรบุรี,2025-01-01,149008.0
10,5512025,สุโขทัย,ศรีสัชนาลัย,2025-01-01,126597.0
10,5512023,สุโขทัย,ศรีสำโรง,2025-01-01,51080.0
10,5512024,สุโขทัย,สวรรคโลก,2025-01-01,131725.0
10,5512021,สุโขทัย,สุโขทัย,2025-01-01,400545.0
10,5512035,เพชรบูรณ์,หนองไผ่,2025-01-01,144693.0
10,5512033,เพชรบูรณ์,หล่มสัก,2025-01-01,229254.0
10,5512026,อุตรดิตถ์,อุตรดิตถ์,2025-01-01,83452.0
10,5512016,อุทัยธานี,อุทัยธานี,2025-01-01,234245.0
10,5512032,เพชรบูรณ์,เพชรบูรณ์,2025-01-01,376041.0
10,5512020,ตาก,แม่สอด,2025-01-01,832475.0
1,5531032,ปราจีนบุรี,กบินทร์บุรี,2025-02-01,307828.0
1,5531025,จันทบุรี,ขลุง,2025-02-01,278604.0
1,5531027,ตราด,คลองใหญ่,2025-02-01,82355.0
1,5531024,จันทบุรี,จันทบุรี,2025-02-01,1249452.0
1,5531017,ฉะเชิงเทรา,ฉะเชิงเทรา,2025-02-01,871730.0
1,5531011,ชลบุรี,ชลบุรี,2025-02-01,3823833.0
1,5531026,ตราด,ตราด,2025-02-01,587389.0
1,5531019,ฉะเชิงเทรา,บางคล้า,2025-02-01,1801707.0
1,5531018,ฉะเชิงเทรา,บางปะกง,2025-02-01,1130888.0
1,5531022,ระยอง,บ้านฉาง,2025-02-01,2412173.0
1,5531013,ชลบุรี,บ้านบึง,2025-02-01,1277163.0
1,5531031,ปราจีนบุรี,ปราจีนบุรี,2025-02-01,835214.0
1,5531023,ระยอง,ปากน้ำประแสร์,2025-02-01,504386.0
1,5531020,ฉะเชิงเทรา,พนมสารคาม,2025-02-01,574951.0
1,5531014,ชลบุรี,พนัสนิคม,2025-02-01,1723472.5
1,5531012,ชลบุรี,พัทยา,2025-02-01,4950343.03
1,5531021,ระยอง,ระยอง,2025-02-01,1642925.0
1,5531029,สระแก้ว,วัฒนานคร,2025-02-01,123003.0
1,5531015,ชลบุรี,ศรีราชา,2025-02-01,1583339.0
1,5531028,สระแก้ว,สระแก้ว,2025-02-01,321672.0
1,5531030,สระแก้ว,อรัญประเทศ,2025-02-01,421460.0
1,5531016,ชลบุรี,แหลมฉบัง,2025-02-01,1970317.0
2,5541031,นครราชสีมา,ครบุรี,2025-02-01,151010.0
2,5541039,ปทุมธานี,คลองหลวง,2025-02-01,2816995.0
2,5541017,ลพบุรี,ชัยบาดาล,2025-02-01,207842.0
2,5541036,นครราชสีมา,ชุมพวง,2025-02-01,98786.0
2,5541038,นครราชสีมา,ด่านขุนทด,2025-02-01,165876.0
2,5541024,พระนครศรีอยุธยา,ท่าเรือ,2025-02-01,139790.0
2,5541040,ปทุมธานี,ธัญบุรี,2025-02-01,1888647.0
2,5541027,นครนายก,นครนายก,2025-02-01,380275.0
2,5541029,นครราชสีมา,นครราชสีมา,2025-02-01,886140.0
2,5541028,นครนายก,บ้านนา,2025-02-01,305177.0
2,5541014,สระบุรี,บ้านหมอ,2025-02-01,84826.0
2,5541016,ลพบุรี,บ้านหมี่,2025-02-01,322297.0
2,5541025,ปทุมธานี,ปทุมธานี,2025-02-01,2359440.0
2,5541033,นครราชสีมา,ปักธงชัย,2025-02-01,242531.0
2,5541030,นครราชสีมา,ปากช่อง,2025-02-01,413400.0
2,5541022,พระนครศรีอยุธยา,ผักไห่,2025-02-01,40095.0
2,5541021,พระนครศรีอยุธยา,พระนครศรีอยุธยา,2025-02-01,2512387.0
2,5541011,สระบุรี,พระพุทธบาท,2025-02-01,400304.0
2,5541035,นครราชสีมา,พิมาย,2025-02-01,234699.0
2,5541013,สระบุรี,มวกเหล็ก,2025-02-01,513519.0
2,5541026,ปทุมธานี,รังสิต,2025-02-01,4198525.0
2,5541015,ลพบุรี,ลพบุรี,2025-02-01,1319249.0
2,5541020,อ่างทอง,วิเศษชัยชาญ,2025-02-01,88360.0
2,5541018,สิงห์บุรี,สิงห์บุรี,2025-02-01,232683.0
2,5541032,นครราชสีมา,สีคิ้ว,2025-02-01,766455.0
2,5541012,สระบุรี,หนองแค,2025-02-01,921414.0
2,5541019,อ่างทอง,อ่างทอง,2025-02-01,241231.0
2,5541023,พระนครศรีอยุธยา,เสนา,2025-02-01,243574.0
2,5541034,นครราชสีมา,โชคชัย,2025-02-01,363548.0
2,5541037,นครราชสีมา,โนนสูง,2025-02-01,144243.0
3,5542024,กาญจนบุรี,กาญจนบุรี,2025-02-01,686703.0
3,5542031,ประจวบคีรีขันธ์,กุยบุรี,2025-02-01,379200.0
3,5542022,สุพรรณบุรี,ด่านช้าง,2025-02-01,126903.0
3,5542027,กาญจนบุรี,ท่ามะกา,2025-02-01,220194.0
3,5542033,นครปฐม,นครปฐม,2025-02-01,609076.0
3,5542032,ประจวบคีรีขันธ์,บางสะพาน,2025-02-01,255565.0
3,5542011,ราชบุรี,บ้านโป่ง,2025-02-01,210717.0
3,5542029,ประจวบคีรีขันธ์,ประจวบคีรีขันธ์,2025-02-01,336804.0
3,5542030,ประจวบคีรีขันธ์,ปราณบุรี,2025-02-01,971381.0
3,5542013,ราชบุรี,ปากท่อ,2025-02-01,473046.0
3,5542026,กาญจนบุรี,พนมทวน,2025-02-01,169560.0
3,5542014,ราชบุรี,ราชบุรี,2025-02-01,669868.0
3,5542020,สุพรรณบุรี,ศรีประจันต์,2025-02-01,95298.0
3,5542015,สมุทรสงคราม,สมุทรสงคราม,2025-02-01,889933.14
3,5542016,สมุทรสาคร,สมุทรสาคร,2025-02-01,5642821.0
3,5542012,ราชบุรี,สวนผึ้ง,2025-02-01,132415.0
3,5542018,นครปฐม,สามพราน,2025-02-01,1070500.0
3,5542019,สุพรรณบุรี,สุพรรณบุรี,2025-02-01,579505.0
3,5542023,สุพรรณบุรี,อู่ทอง,2025-02-01,370267.0
3,5542017,สมุทรสาคร,อ้อมน้อย,2025-02-01,2705870.0
3,5542021,สุพรรณบุรี,เดิมบางนางบวช,2025-02-01,194400.0
3,5542028,เพชรบุรี,เพชรบุรี,2025-02-01,1311360.0
3,5542025,กาญจนบุรี,เลาขวัญ,2025-02-01,140447.0
4,5551025,กระบี่,กระบี่,2025-02-01,931132.0
4,5551012,สุราษฎร์ธานี,กาญจนดิษฐ์,2025-02-01,288975.0
4,5551031,นครศรีธรรมราช,ขนอม,2025-02-01,130725.0
4,5551034,กระบี่,คลองท่อม,2025-02-01,112612.0
4,5551030,นครศรีธรรมราช,จันดี,2025-02-01,131735.0
4,5551028,นครศรีธรรมราช,ชะอวด,2025-02-01,94031.0
4,5551017,ชุมพร,ชุมพร,2025-02-01,844545.0
4,5551022,พังงา,ตะกั่วป่า,2025-02-01,222104.0
4,5551027,นครศรีธรรมราช,ทุ่งสง,2025-02-01,504566.0
4,5551019,ชุมพร,ท่าแซะ,2025-02-01,88322.0
4,5551023,พังงา,ท้ายเหมือง,2025-02-01,99373.0
4,5551032,นครศรีธรรมราช,นครศรีธรรมราช,2025-02-01,236228.0
4,5551015,สุราษฎร์ธานี,บ้านตาขุน,2025-02-01,88619.0
4,5551029,นครศรีธรรมราช,ปากพนัง,2025-02-01,223076.0
4,5551021,พังงา,พังงา,2025-02-01,255685.0
4,5551024,ภูเก็ต,ภูเก็ต,2025-02-01,2524833.0
4,5551020,ระนอง,ระนอง,2025-02-01,480291.0
4,5551011,สุราษฎร์ธานี,สุราษฎร์ธานี,2025-02-01,1780607.0
4,5551018,ชุมพร,หลังสวน,2025-02-01,325170.0
4,5551026,กระบี่,อ่าวลึก,2025-02-01,97929.0
4,5551033,สุราษฎร์ธานี,เกาะพะงัน,2025-02-01,125923.0
4,5551013,สุราษฎร์ธานี,เกาะสมุย,2025-02-01,671621.0
4,5551014,สุราษฎร์ธานี,เวียงสระ,2025-02-01,164736.0
4,5551016,สุราษฎร์ธานี,ไชยา,2025-02-01,91250.0
5,5552021,ตรัง,กันตัง,2025-02-01,239667.0
5,5552018,ตรัง,ตรัง,2025-02-01,377557.0
5,5552027,นราธิวาส,นราธิวาส,2025-02-01,489995.0
5,5552014,สงขลา,นาทวี,2025-02-01,81685.0
5,5552030,สงขลา,พังลา,2025-02-01,93038.0
5,5552016,พัทลุง,พัทลุง,2025-02-01,359178.0
5,5552024,ยะลา,ยะหา,2025-02-01,57659.0
5,5552020,ตรัง,ย่านตาขาว,2025-02-01,131173.0
5,5552015,สงขลา,ระโนด,2025-02-01,40095.0
5,5552028,นราธิวาส,รือเสาะ,2025-02-01,44081.0
5,5552023,สตูล,ละงู,2025-02-01,182064.0
5,5552011,สงขลา,สงขลา,2025-02-01,1482382.0
5,5552022,สตูล,สตูล,2025-02-01,345359.0
5,5552013,สงขลา,สะเดา,2025-02-01,458821.0
5,5552026,ปัตตานี,สายบุรี,2025-02-01,45786.0
5,5552029,นราธิวาส,สุไหงโก-ลก,2025-02-01,244455.0
5,5552012,สงขลา,หาดใหญ่,2025-02-01,2001850.03
5,5552019,ตรัง,ห้วยยอด,2025-02-01,190326.0
5,5552017,พัทลุง,เขาชัยสน,2025-02-01,47115.0
5,5552025,ยะลา,เบตง,2025-02-01,236393.0
6,5521016,ขอนแก่น,กระนวน,2025-02-01,244933.0
6,5521019,กาฬสินธุ์,กาฬสินธุ์,2025-02-01,555265.0
6,5521020,กาฬสินธุ์,กุฉินารายณ์,2025-02-01,87113.0
6,5521011,ขอนแก่น,ขอนแก่น,2025-02-01,2953899.0
6,5521026,ชัยภูมิ,จัตุรัส,2025-02-01,260998.0
6,5521015,ขอนแก่น,ชนบท,2025-02-01,260404.0
6,5521024,ชัยภูมิ,ชัยภูมิ,2025-02-01,784938.0
6,5521013,ขอนแก่น,ชุมแพ,2025-02-01,339048.0
6,5521014,ขอนแก่น,น้ำพอง,2025-02-01,434662.0
6,5521029,ชัยภูมิ,บำเหน็จณรงค์,2025-02-01,229699.0
6,5521012,ขอนแก่น,บ้านไผ่,2025-02-01,302208.0
6,5521023,มหาสารคาม,พยัคฆภูมิพิสัย,2025-02-01,140293.26
6,5521028,ชัยภูมิ,ภูเขียว,2025-02-01,208341.0
6,5521022,มหาสารคาม,มหาสารคาม,2025-02-01,1116700.0
6,5521030,ร้อยเอ็ด,ร้อยเอ็ด,2025-02-01,713094.0
6,5521021,กาฬสินธุ์,สมเด็จ,2025-02-01,124655.0
6,5521032,ร้อยเอ็ด,สุวรรณภูมิ,2025-02-01,115751.0
6,5521027,ชัยภูมิ,หนองบัวแดง,2025-02-01,128469.0
6,5521017,ขอนแก่น,หนองเรือ,2025-02-01,197263.0
6,5521018,ขอนแก่น,เมืองพล,2025-02-01,200209.0
6,5521025,ชัยภูมิ,แก้งคร้อ,2025-02-01,204192.0
6,5521031,ร้อยเอ็ด,โพนทอง,2025-02-01,158061.0
7,5522012,อุดรธานี,กุมภวาปี,2025-02-01,313888.0
7,5522018,เลย,ด่านซ้าย,2025-02-01,79139.0
7,5522028,นครพนม,ธาตุพนม,2025-02-01,189426.0
7,5522027,นครพนม,นครพนม,2025-02-01,350032.0
7,5522021,บึงกาฬ,บึงกาฬ,2025-02-01,155574.0
7,5522014,อุดรธานี,บ้านดุง,2025-02-01,172979.0
7,5522013,อุดรธานี,บ้านผือ,2025-02-01,157212.0
7,5522029,นครพนม,บ้านแพง,2025-02-01,73455.0
7,5522026,สกลนคร,พังโคน,2025-02-01,194451.0
7,5522019,เลย,วังสะพุง,2025-02-01,171829.0
7,5522030,นครพนม,ศรีสงคราม,2025-02-01,109540.0
7,5522022,หนองคาย,ศรีเชียงใหม่,2025-02-01,93371.0
7,5522024,สกลนคร,สกลนคร,2025-02-01,626912.0
7,5522025,สกลนคร,สว่างแดนดิน,2025-02-01,180393.0
7,5522020,หนองคาย,หนองคาย,2025-02-01,548730.0
7,5522015,หนองบัวลำภู,หนองบัวลำภู,2025-02-01,283149.0
7,5522011,อุดรธานี,อุดรธานี,2025-02-01,2177573.6
7,5522017,เลย,เชียงคาน,2025-02-01,187421.0
7,5522016,เลย,เลย,2025-02-01,534240.0
7,5522023,หนองคาย,โพนพิสัย,2025-02-01,144307.0
8,5532029,ศรีสะเกษ,กันทรลักษ์,2025-02-01,116358.0
8,5532022,บุรีรัมย์,นางรอง,2025-02-01,225950.0
8,5532019,บุรีรัมย์,บุรีรัมย์,2025-02-01,845125.0
8,5532012,อุบลราชธานี,พิบูลมังสาหาร,2025-02-01,113037.0
8,5532018,ยโสธร,มหาชนะชัย,2025-02-01,105511.0
8,5532030,มุกดาหาร,มุกดาหาร,2025-02-01,437454.0
8,5532016,ยโสธร,ยโสธร,2025-02-01,282079.0
8,5532026,สุรินทร์,รัตนบุรี,2025-02-01,170964.0
8,5532023,บุรีรัมย์,ละหานทราย,2025-02-01,228760.0
8,5532021,บุรีรัมย์,ลำปลายมาศ,2025-02-01,119398.0
8,5532028,ศรีสะเกษ,ศรีสะเกษ,2025-02-01,737859.0
8,5532025,สุรินทร์,ศีขรภูมิ,2025-02-01,160869.0
8,5532020,บุรีรัมย์,สตึก,2025-02-01,125122.0
8,5532027,สุรินทร์,สังขะ,2025-02-01,204999.0
8,5532024,สุรินทร์,สุรินทร์,2025-02-01,842116.0
8,5532015,อำนาจเจริญ,อำนาจเจริญ,2025-02-01,235949.0
8,5532011,อุบลราชธานี,อุบลราชธานี,2025-02-01,1485429.0
8,5532014,อุบลราชธานี,เขมราฐ,2025-02-01,156239.0
8,5532013,อุบลราชธานี,เดชอุดม,2025-02-01,175896.0
8,5532017,ยโสธร,เลิงนกทา,2025-02-01,122343.0
9,5511017,เชียงใหม่,จอมทอง,2025-02-01,91954.0
9,5511031,พะเยา,จุน,2025-02-01,108153.0
9,5511029,น่าน,ท่าวังผา,2025-02-01,100239.0
9,5511028,น่าน,น่าน,2025-02-01,356735.0
9,5511021,ลำพูน,บ้านโฮ่ง,2025-02-01,19459.0
9,5511016,เชียงใหม่,ฝาง,2025-02-01,118720.0
9,5511030,พะเยา,พะเยา,2025-02-01,521581.0
9,5511033,เชียงราย,พาน,2025-02-01,155495.0
9,5511027,แพร่,ร้องกวาง,2025-02-01,59477.0
9,5511022,ลำปาง,ลำปาง,2025-02-01,880027.0
9,5511020,ลำพูน,ลำพูน,2025-02-01,357599.0
9,5511013,เชียงใหม่,สันกำแพง,2025-02-01,362754.0
9,5511012,เชียงใหม่,ฮอด,2025-02-01,62875.0
9,5511023,ลำปาง,เกาะคา,2025-02-01,111079.0
9,5511032,เชียงราย,เชียงราย,2025-02-01,781106.0
9,5511011,เชียงใหม่,เชียงใหม่,2025-02-01,3609432.0
9,5511026,แพร่,เด่นชัย,2025-02-01,102151.3
9,5511024,ลำปาง,เถิน,2025-02-01,134558.0
9,5511034,เชียงราย,เทิง,2025-02-01,57203.0
9,5511035,เชียงราย,เวียงเชียงของ,2025-02-01,78796.0
9,5511025,แพร่,แพร่,2025-02-01,241888.0
9,5511037,เชียงราย,แม่ขะจาน,2025-02-01,66077.0
9,5511014,เชียงใหม่,แม่ริม,2025-02-01,523870.0
9,5511019,แม่ฮ่องสอน,แม่สะเรียง,2025-02-01,129183.0
9,5511036,เชียงราย,แม่สาย,2025-02-01,415298.0
9,5511018,แม่ฮ่องสอน,แม่ฮ่องสอน,2025-02-01,168188.0
9,5511015,เชียงใหม่,แม่แตง,2025-02-01,184485.0
10,5512017,กำแพงเพชร,กำแพงเพชร,2025-02-01,542783.0
10,5512018,กำแพงเพชร,ขาณุวรลักษบุรี,2025-02-01,114412.0
10,5512034,เพชรบูรณ์,ชนแดน,2025-02-01,66589.0
10,5512015,ชัยนาท,ชัยนาท,2025-02-01,266947.0
10,5512031,พิจิตร,ตะพานหิน,2025-02-01,162697.0
10,5512019,ตาก,ตาก,2025-02-01,533170.0
10,5512022,สุโขทัย,ทุ่งเสลี่ยม,2025-02-01,64538.0
10,5512012,นครสวรรค์,ท่าตะโก,2025-02-01,213046.0
10,5512011,นครสวรรค์,นครสวรรค์,2025-02-01,633746.0
10,5512028,พิษณุโลก,นครไทย,2025-02-01,103859.0
10,5512030,พิจิตร,บางมูลนาก,2025-02-01,99004.0
10,5512014,นครสวรรค์,พยุหะคีรี,2025-02-01,217364.0
10,5512029,พิจิตร,พิจิตร,2025-02-01,503539.0
10,5512027,พิษณุโลก,พิษณุโลก,2025-02-01,653425.0
10,5512013,นครสวรรค์,ลาดยาว,2025-02-01,127695.0
10,5512036,เพชรบูรณ์,วิเชียรบุรี,2025-02-01,144993.0
10,5512025,สุโขทัย,ศรีสัชนาลัย,2025-02-01,125206.0
10,5512023,สุโขทัย,ศรีสำโรง,2025-02-01,49126.0
10,5512024,สุโขทัย,สวรรคโลก,2025-02-01,125207.0
10,5512021,สุโขทัย,สุโขทัย,2025-02-01,383814.0
10,5512035,เพชรบูรณ์,หนองไผ่,2025-02-01,149783.0
10,5512033,เพชรบูรณ์,หล่มสัก,2025-02-01,225077.0
10,5512026,อุตรดิตถ์,อุตรดิตถ์,2025-02-01,82504.0
10,5512016,อุทัยธานี,อุทัยธานี,2025-02-01,233645.0
10,5512032,เพชรบูรณ์,เพชรบูรณ์,2025-02-01,369602.0
10,5512020,ตาก,แม่สอด,2025-02-01,814731.0
1,5531032,ปราจีนบุรี,กบินทร์บุรี,2025-03-01,288664.0
1,5531025,จันทบุรี,ขลุง,2025-03-01,255642.0
1,5531027,ตราด,คลองใหญ่,2025-03-01,70415.0
1,5531024,จันทบุรี,จันทบุรี,2025-03-01,1182277.0
1,5531017,ฉะเชิงเทรา,ฉะเชิงเทรา,2025-03-01,834966.0
1,5531011,ชลบุรี,ชลบุรี,2025-03-01,3652154.0
1,5531026,ตราด,ตราด,2025-03-01,517162.0
1,5531019,ฉะเชิงเทรา,บางคล้า,2025-03-01,1696517.0
1,5531018,ฉะเชิงเทรา,บางปะกง,2025-03-01,1076481.0
1,5531022,ระยอง,บ้านฉาง,2025-03-01,2211273.0
1,5531013,ชลบุรี,บ้านบึง,2025-03-01,1219536.0
1,5531031,ปราจีนบุรี,ปราจีนบุรี,2025-03-01,784783.0
1,5531023,ระยอง,ปากน้ำประแสร์,2025-03-01,440686.0
1,5531020,ฉะเชิงเทรา,พนมสารคาม,2025-03-01,531725.0
1,5531014,ชลบุรี,พนัสนิคม,2025-03-01,1593660.0
1,5531012,ชลบุรี,พัทยา,2025-03-01,4551075.0
1,5531021,ระยอง,ระยอง,2025-03-01,1536977.0
1,5531029,สระแก้ว,วัฒนานคร,2025-03-01,118423.0
1,5531015,ชลบุรี,ศรีราชา,2025-03-01,1472713.0
1,5531028,สระแก้ว,สระแก้ว,2025-03-01,302256.0
1,5531030,สระแก้ว,อรัญประเทศ,2025-03-01,396623.0
1,5531016,ชลบุรี,แหลมฉบัง,2025-03-01,1873115.0
2,5541031,นครราชสีมา,ครบุรี,2025-03-01,144885.0
2,5541039,ปทุมธานี,คลองหลวง,2025-03-01,2769861.0
2,5541017,ลพบุรี,ชัยบาดาล,2025-03-01,198144.0
2,5541036,นครราชสีมา,ชุมพวง,2025-03-01,95707.0
2,5541038,นครราชสีมา,ด่านขุนทด,2025-03-01,159504.0
2,5541024,พระนครศรีอยุธยา,ท่าเรือ,2025-03-01,132718.0
2,5541040,ปทุมธานี,ธัญบุรี,2025-03-01,1771644.0
2,5541027,นครนายก,นครนายก,2025-03-01,352114.0
2,5541029,นครราชสีมา,นครราชสีมา,2025-03-01,862321.0
2,5541028,นครนายก,บ้านนา,2025-03-01,292059.0
2,5541014,สระบุรี,บ้านหมอ,2025-03-01,80607.0
2,5541016,ลพบุรี,บ้านหมี่,2025-03-01,323387.0
2,5541025,ปทุมธานี,ปทุมธานี,2025-03-01,2223688.0
2,5541033,นครราชสีมา,ปักธงชัย,2025-03-01,234293.0
2,5541030,นครราชสีมา,ปากช่อง,2025-03-01,385312.0
2,5541022,พระนครศรีอยุธยา,ผักไห่,2025-03-01,37678.0
2,5541021,พระนครศรีอยุธยา,พระนครศรีอยุธยา,2025-03-01,2165527.0
2,5541011,สระบุรี,พระพุทธบาท,2025-03-01,371697.0
2,5541035,นครราชสีมา,พิมาย,2025-03-01,226947.0
2,5541013,สระบุรี,มวกเหล็ก,2025-03-01,465414.0
2,5541026,ปทุมธานี,รังสิต,2025-03-01,3933407.0
2,5541015,ลพบุรี,ลพบุรี,2025-03-01,1229488.0
2,5541020,อ่างทอง,วิเศษชัยชาญ,2025-03-01,80908.0
2,5541018,สิงห์บุรี,สิงห์บุรี,2025-03-01,221628.0
2,5541032,นครราชสีมา,สีคิ้ว,2025-03-01,741596.0
2,5541012,สระบุรี,หนองแค,2025-03-01,868764.0
2,5541019,อ่างทอง,อ่างทอง,2025-03-01,226747.0
2,5541023,พระนครศรีอยุธยา,เสนา,2025-03-01,228545.0
2,5541034,นครราชสีมา,โชคชัย,2025-03-01,329773.0
2,5541037,นครราชสีมา,โนนสูง,2025-03-01,139446.0
3,5542024,กาญจนบุรี,กาญจนบุรี,2025-03-01,640531.0
3,5542031,ประจวบคีรีขันธ์,กุยบุรี,2025-03-01,356524.0
3,5542022,สุพรรณบุรี,ด่านช้าง,2025-03-01,126157.0
3,5542027,กาญจนบุรี,ท่ามะกา,2025-03-01,205456.0
3,5542033,นครปฐม,นครปฐม,2025-03-01,572213.0
3,5542032,ประจวบคีรีขันธ์,บางสะพาน,2025-03-01,223308.0
3,5542011,ราชบุรี,บ้านโป่ง,2025-03-01,199277.0
3,5542029,ประจวบคีรีขันธ์,ประจวบคีรีขันธ์,2025-03-01,303024.0
3,5542030,ประจวบคีรีขันธ์,ปราณบุรี,2025-03-01,871424.0
3,5542013,ราชบุรี,ปากท่อ,2025-03-01,463961.0
3,5542026,กาญจนบุรี,พนมทวน,2025-03-01,166826.0
3,5542014,ราชบุรี,ราชบุรี,2025-03-01,641115.08
3,5542020,สุพรรณบุรี,ศรีประจันต์,2025-03-01,86901.6
3,5542015,สมุทรสงคราม,สมุทรสงคราม,2025-03-01,863062.0
3,5542016,สมุทรสาคร,สมุทรสาคร,2025-03-01,5368446.0
3,5542012,ราชบุรี,สวนผึ้ง,2025-03-01,122906.0
3,5542018,นครปฐม,สามพราน,2025-03-01,1033010.0
3,5542019,สุพรรณบุรี,สุพรรณบุรี,2025-03-01,550277.0
3,5542023,สุพรรณบุรี,อู่ทอง,2025-03-01,369731.0
3,5542017,สมุทรสาคร,อ้อมน้อย,2025-03-01,2545142.0
3,5542021,สุพรรณบุรี,เดิมบางนางบวช,2025-03-01,187456.0
3,5542028,เพชรบุรี,เพชรบุรี,2025-03-01,1232002.0
3,5542025,กาญจนบุรี,เลาขวัญ,2025-03-01,127475.0
4,5551025,กระบี่,กระบี่,2025-03-01,877718.0
4,5551012,สุราษฎร์ธานี,กาญจนดิษฐ์,2025-03-01,284176.84
4,5551031,นครศรีธรรมราช,ขนอม,2025-03-01,124090.0
4,5551034,กระบี่,คลองท่อม,2025-03-01,104380.0
4,5551030,นครศรีธรรมราช,จันดี,2025-03-01,126793.0
4,5551028,นครศรีธรรมราช,ชะอวด,2025-03-01,88376.0
4,5551017,ชุมพร,ชุมพร,2025-03-01,760022.0
4,5551022,พังงา,ตะกั่วป่า,2025-03-01,201891.0
4,5551027,นครศรีธรรมราช,ทุ่งสง,2025-03-01,481464.0
4,5551019,ชุมพร,ท่าแซะ,2025-03-01,83076.0
4,5551023,พังงา,ท้ายเหมือง,2025-03-01,94216.0
4,5551032,นครศรีธรรมราช,นครศรีธรรมราช,2025-03-01,223695.0
4,5551015,สุราษฎร์ธานี,บ้านตาขุน,2025-03-01,86546.0
4,5551029,นครศรีธรรมราช,ปากพนัง,2025-03-01,229588.0
4,5551021,พังงา,พังงา,2025-03-01,241570.0
4,5551024,ภูเก็ต,ภูเก็ต,2025-03-01,2357715.0
4,5551020,ระนอง,ระนอง,2025-03-01,447964.0
4,5551011,สุราษฎร์ธานี,สุราษฎร์ธานี,2025-03-01,1673492.46
4,5551018,ชุมพร,หลังสวน,2025-03-01,305512.0
4,5551026,กระบี่,อ่าวลึก,2025-03-01,92692.0
4,5551033,สุราษฎร์ธานี,เกาะพะงัน,2025-03-01,116369.0
4,5551013,สุราษฎร์ธานี,เกาะสมุย,2025-03-01,578562.0
4,5551014,สุราษฎร์ธานี,เวียงสระ,2025-03-01,161921.0
4,5551016,สุราษฎร์ธานี,ไชยา,2025-03-01,87346.0
5,5552021,ตรัง,กันตัง,2025-03-01,236986.0
5,5552018,ตรัง,ตรัง,2025-03-01,370144.0
5,5552027,นราธิวาส,นราธิวาส,2025-03-01,463031.0
5,5552014,สงขลา,นาทวี,2025-03-01,78411.0
5,5552030,สงขลา,พังลา,2025-03-01,92416.0
5,5552016,พัทลุง,พัทลุง,2025-03-01,350341.0
5,5552024,ยะลา,ยะหา,2025-03-01,58018.0
5,5552020,ตรัง,ย่านตาขาว,2025-03-01,130255.0
5,5552015,สงขลา,ระโนด,2025-03-01,39662.0
5,5552028,นราธิวาส,รือเสาะ,2025-03-01,43052.0
5,5552023,สตูล,ละงู,2025-03-01,181250.0
5,5552011,สงขลา,สงขลา,2025-03-01,1412400.0
5,5552022,สตูล,สตูล,2025-03-01,343343.0
5,5552013,สงขลา,สะเดา,2025-03-01,441060.0
5,5552026,ปัตตานี,สายบุรี,2025-03-01,45001.0
5,5552029,นราธิวาส,สุไหงโก-ลก,2025-03-01,226473.0
5,5552012,สงขลา,หาดใหญ่,2025-03-01,1915569.0
5,5552019,ตรัง,ห้วยยอด,2025-03-01,187546.0
5,5552017,พัทลุง,เขาชัยสน,2025-03-01,44643.0
5,5552025,ยะลา,เบตง,2025-03-01,222286.0
6,5521016,ขอนแก่น,กระนวน,2025-03-01,255755.0
6,5521019,กาฬสินธุ์,กาฬสินธุ์,2025-03-01,527247.0
6,5521020,กาฬสินธุ์,กุฉินารายณ์,2025-03-01,84837.0
6,5521011,ขอนแก่น,ขอนแก่น,2025-03-01,2818647.0
6,5521026,ชัยภูมิ,จัตุรัส,2025-03-01,265023.0
6,5521015,ขอนแก่น,ชนบท,2025-03-01,260364.0
6,5521024,ชัยภูมิ,ชัยภูมิ,2025-03-01,767054.0
6,5521013,ขอนแก่น,ชุมแพ,2025-03-01,329032.0
6,5521014,ขอนแก่น,น้ำพอง,2025-03-01,414899.0
6,5521029,ชัยภูมิ,บำเหน็จณรงค์,2025-03-01,226868.0
6,5521012,ขอนแก่น,บ้านไผ่,2025-03-01,301832.0
6,5521023,มหาสารคาม,พยัคฆภูมิพิสัย,2025-03-01,136257.7
6,5521028,ชัยภูมิ,ภูเขียว,2025-03-01,202845.0
6,5521022,มหาสารคาม,มหาสารคาม,2025-03-01,1072812.0
6,5521030,ร้อยเอ็ด,ร้อยเอ็ด,2025-03-01,683755.0
6,5521021,กาฬสินธุ์,สมเด็จ,2025-03-01,126192.0
6,5521032,ร้อยเอ็ด,สุวรรณภูมิ,2025-03-01,111287.0
6,5521027,ชัยภูมิ,หนองบัวแดง,2025-03-01,127849.0
6,5521017,ขอนแก่น,หนองเรือ,2025-03-01,188074.0
6,5521018,ขอนแก่น,เมืองพล,2025-03-01,198268.0
6,5521025,ชัยภูมิ,แก้งคร้อ,2025-03-01,196387.0
6,5521031,ร้อยเอ็ด,โพนทอง,2025-03-01,145464.0
7,5522012,อุดรธานี,กุมภวาปี,2025-03-01,298683.0
7,5522018,เลย,ด่านซ้าย,2025-03-01,74845.0
7,5522028,นครพนม,ธาตุพนม,2025-03-01,192985.0
7,5522027,นครพนม,นครพนม,2025-03-01,337789.0
7,5522021,บึงกาฬ,บึงกาฬ,2025-03-01,151497.0
7,5522014,อุดรธานี,บ้านดุง,2025-03-01,170601.0
7,5522013,อุดรธานี,บ้านผือ,2025-03-01,155767.0
7,5522029,นครพนม,บ้านแพง,2025-03-01,66900.0
7,5522026,สกลนคร,พังโคน,2025-03-01,193486.0
7,5522019,เลย,วังสะพุง,2025-03-01,163906.0
7,5522030,นครพนม,ศรีสงคราม,2025-03-01,102958.0
7,5522022,หนองคาย,ศรีเชียงใหม่,2025-03-01,88649.0
7,5522024,สกลนคร,สกลนคร,2025-03-01,588961.0
7,5522025,สกลนคร,สว่างแดนดิน,2025-03-01,177429.0
7,5522020,หนองคาย,หนองคาย,2025-03-01,521324.0
7,5522015,หนองบัวลำภู,หนองบัวลำภู,2025-03-01,280324.0
7,5522011,อุดรธานี,อุดรธานี,2025-03-01,2094889.0
7,5522017,เลย,เชียงคาน,2025-03-01,171026.0
7,5522016,เลย,เลย,2025-03-01,502819.0
7,5522023,หนองคาย,โพนพิสัย,2025-03-01,133975.0
8,5532029,ศรีสะเกษ,กันทรลักษ์,2025-03-01,112626.0
8,5532022,บุรีรัมย์,นางรอง,2025-03-01,223465.0
8,5532019,บุรีรัมย์,บุรีรัมย์,2025-03-01,833910.0
8,5532012,อุบลราชธานี,พิบูลมังสาหาร,2025-03-01,109997.0
8,5532018,ยโสธร,มหาชนะชัย,2025-03-01,101287.0
8,5532030,มุกดาหาร,มุกดาหาร,2025-03-01,433782.0
8,5532016,ยโสธร,ยโสธร,2025-03-01,279167.0
8,5532026,สุรินทร์,รัตนบุรี,2025-03-01,169222.0
8,5532023,บุรีรัมย์,ละหานทราย,2025-03-01,228164.0
8,5532021,บุรีรัมย์,ลำปลายมาศ,2025-03-01,113485.0
8,5532028,ศรีสะเกษ,ศรีสะเกษ,2025-03-01,728862.0
8,5532025,สุรินทร์,ศีขรภูมิ,2025-03-01,156468.0
8,5532020,บุรีรัมย์,สตึก,2025-03-01,121488.0
8,5532027,สุรินทร์,สังขะ,2025-03-01,202704.0
8,5532024,สุรินทร์,สุรินทร์,2025-03-01,841064.0
8,5532015,อำนาจเจริญ,อำนาจเจริญ,2025-03-01,230825.0
8,5532011,อุบลราชธานี,อุบลราชธานี,2025-03-01,1445610.0
8,5532014,อุบลราชธานี,เขมราฐ,2025-03-01,155696.0
8,5532013,อุบลราชธานี,เดชอุดม,2025-03-01,177673.0
8,5532017,ยโสธร,เลิงนกทา,2025-03-01,116342.0
9,5511017,เชียงใหม่,จอมทอง,2025-03-01,87180.0
9,5511031,พะเยา,จุน,2025-03-01,104980.0
9,5511029,น่าน,ท่าวังผา,2025-03-01,97588.0
9,5511028,น่าน,น่าน,2025-03-01,331666.0
9,5511021,ลำพูน,บ้านโฮ่ง,2025-03-01,20041.0
9,5511016,เชียงใหม่,ฝาง,2025-03-01,113246.0
9,5511030,พะเยา,พะเยา,2025-03-01,510297.0
9,5511033,เชียงราย,พาน,2025-03-01,149572.0
9,5511027,แพร่,ร้องกวาง,2025-03-01,57042.0
9,5511022,ลำปาง,ลำปาง,2025-03-01,841021.0
9,5511020,ลำพูน,ลำพูน,2025-03-01,357611.0
9,5511013,เชียงใหม่,สันกำแพง,2025-03-01,341996.0
9,5511012,เชียงใหม่,ฮอด,2025-03-01,59472.0
9,5511023,ลำปาง,เกาะคา,2025-03-01,106787.0
9,5511032,เชียงราย,เชียงราย,2025-03-01,754383.0
9,5511011,เชียงใหม่,เชียงใหม่,2025-03-01,3376290.0
9,5511026,แพร่,เด่นชัย,2025-03-01,90502.0
9,5511024,ลำปาง,เถิน,2025-03-01,125581.0
9,5511034,เชียงราย,เทิง,2025-03-01,54344.0
9,5511035,เชียงราย,เวียงเชียงของ,2025-03-01,78293.0
9,5511025,แพร่,แพร่,2025-03-01,229656.0
9,5511037,เชียงราย,แม่ขะจาน,2025-03-01,61790.0
9,5511014,เชียงใหม่,แม่ริม,2025-03-01,503362.38
9,5511019,แม่ฮ่องสอน,แม่สะเรียง,2025-03-01,119781.0
9,5511036,เชียงราย,แม่สาย,2025-03-01,390102.0
9,5511018,แม่ฮ่องสอน,แม่ฮ่องสอน,2025-03-01,165261.0
9,5511015,เชียงใหม่,แม่แตง,2025-03-01,166545.0
10,5512017,กำแพงเพชร,กำแพงเพชร,2025-03-01,514588.0
10,5512018,กำแพงเพชร,ขาณุวรลักษบุรี,2025-03-01,105359.0
10,5512034,เพชรบูรณ์,ชนแดน,2025-03-01,61782.0
10,5512015,ชัยนาท,ชัยนาท,2025-03-01,247165.0
10,5512031,พิจิตร,ตะพานหิน,2025-03-01,153560.0
10,5512019,ตาก,ตาก,2025-03-01,518243.0
10,5512022,สุโขทัย,ทุ่งเสลี่ยม,2025-03-01,62355.0
10,5512012,นครสวรรค์,ท่าตะโก,2025-03-01,209139.0
10,5512011,นครสวรรค์,นครสวรรค์,2025-03-01,601578.0
10,5512028,พิษณุโลก,นครไทย,2025-03-01,92659.0
10,5512030,พิจิตร,บางมูลนาก,2025-03-01,94048.0
10,5512014,นครสวรรค์,พยุหะคีรี,2025-03-01,207690.0
10,5512029,พิจิตร,พิจิตร,2025-03-01,471160.0
10,5512027,พิษณุโลก,พิษณุโลก,2025-03-01,612542.0
10,5512013,นครสวรรค์,ลาดยาว,2025-03-01,121375.0
10,5512036,เพชรบูรณ์,วิเชียรบุรี,2025-03-01,141125.0
10,5512025,สุโขทัย,ศรีสัชนาลัย,2025-03-01,117648.0
10,5512023,สุโขทัย,ศรีสำโรง,2025-03-01,48415.0
10,5512024,สุโขทัย,สวรรคโลก,2025-03-01,117076.0
10,5512021,สุโขทัย,สุโขทัย,2025-03-01,365206.0
10,5512035,เพชรบูรณ์,หนองไผ่,2025-03-01,131932.0
10,5512033,เพชรบูรณ์,หล่มสัก,2025-03-01,208947.0
10,5512026,อุตรดิตถ์,อุตรดิตถ์,2025-03-01,74279.0
10,5512016,อุทัยธานี,อุทัยธานี,2025-03-01,218521.0
10,5512032,เพชรบูรณ์,เพชรบูรณ์,2025-03-01,342941.0
10,5512020,ตาก,แม่สอด,2025-03-01,790376.0
1,5531032,ปราจีนบุรี,กบินทร์บุรี,2025-04-01,326885.0
1,5531025,จันทบุรี,ขลุง,2025-04-01,284364.0
1,5531027,ตราด,คลองใหญ่,2025-04-01,78367.0
1,5531024,จันทบุรี,จันทบุรี,2025-04-01,1321944.0
1,5531017,ฉะเชิงเทรา,ฉะเชิงเทรา,2025-04-01,911183.0
1,5531011,ชลบุรี,ชลบุรี,2025-04-01,4029726.86
1,5531026,ตราด,ตราด,2025-04-01,566814.0
1,5531019,ฉะเชิงเทรา,บางคล้า,2025-04-01,1890196.0
1,5531018,ฉะเชิงเทรา,บางปะกง,2025-04-01,1212629.0
1,5531022,ระยอง,บ้านฉาง,2025-04-01,2502282.0
1,5531013,ชลบุรี,บ้านบึง,2025-04-01,1338324.0
1,5531031,ปราจีนบุรี,ปราจีนบุรี,2025-04-01,872205.0
1,5531023,ระยอง,ปากน้ำประแสร์,2025-04-01,510637.0
1,5531020,ฉะเชิงเทรา,พนมสารคาม,2025-04-01,602593.0
1,5531014,ชลบุรี,พนัสนิคม,2025-04-01,1760440.0
1,5531012,ชลบุรี,พัทยา,2025-04-01,5038075.74
1,5531021,ระยอง,ระยอง,2025-04-01,1730510.87
1,5531029,สระแก้ว,วัฒนานคร,2025-04-01,119141.0
1,5531015,ชลบุรี,ศรีราชา,2025-04-01,1625192.0
1,5531028,สระแก้ว,สระแก้ว,2025-04-01,323752.0
1,5531030,สระแก้ว,อรัญประเทศ,2025-04-01,435851.0
1,5531016,ชลบุรี,แหลมฉบัง,2025-04-01,2094899.0
2,5541031,นครราชสีมา,ครบุรี,2025-04-01,153153.0
2,5541039,ปทุมธานี,คลองหลวง,2025-04-01,3121353.0
2,5541017,ลพบุรี,ชัยบาดาล,2025-04-01,228893.0
2,5541036,นครราชสีมา,ชุมพวง,2025-04-01,105831.0
2,5541038,นครราชสีมา,ด่านขุนทด,2025-04-01,175124.0
2,5541024,พระนครศรีอยุธยา,ท่าเรือ,2025-04-01,151054.0
2,5541040,ปทุมธานี,ธัญบุรี,2025-04-01,1979678.0
2,5541027,นครนายก,นครนายก,2025-04-01,388275.0
2,5541029,นครราชสีมา,นครราชสีมา,2025-04-01,908662.0
2,5541028,นครนายก,บ้านนา,2025-04-01,329088.0
2,5541014,สระบุรี,บ้านหมอ,2025-04-01,95982.0
2,5541016,ลพบุรี,บ้านหมี่,2025-04-01,358684.0
2,5541025,ปทุมธานี,ปทุมธานี,2025-04-01,2468605.0
2,5541033,นครราชสีมา,ปักธงชัย,2025-04-01,252659.0
2,5541030,นครราชสีมา,ปากช่อง,2025-04-01,425040.0
2,5541022,พระนครศรีอยุธยา,ผักไห่,2025-04-01,43654.0
2,5541021,พระนครศรีอยุธยา,พระนครศรีอยุธยา,2025-04-01,2464682.0
2,5541011,สระบุรี,พระพุทธบาท,2025-04-01,424276.0
2,5541035,นครราชสีมา,พิมาย,2025-04-01,239572.0
2,5541013,สระบุรี,มวกเหล็ก,2025-04-01,532065.0
2,5541026,ปทุมธานี,รังสิต,2025-04-01,4369747.0
2,5541015,ลพบุรี,ลพบุรี,2025-04-01,1396823.0
2,5541020,อ่างทอง,วิเศษชัยชาญ,2025-04-01,95424.0
2,5541018,สิงห์บุรี,สิงห์บุรี,2025-04-01,255240.0
2,5541032,นครราชสีมา,สีคิ้ว,2025-04-01,840303.0
2,5541012,สระบุรี,หนองแค,2025-04-01,961183.0
2,5541019,อ่างทอง,อ่างทอง,2025-04-01,261709.0
2,5541023,พระนครศรีอยุธยา,เสนา,2025-04-01,254915.0
2,5541034,นครราชสีมา,โชคชัย,2025-04-01,342279.0
2,5541037,นครราชสีมา,โนนสูง,2025-04-01,151284.0
3,5542024,กาญจนบุรี,กาญจนบุรี,2025-04-01,735721.0
3,5542031,ประจวบคีรีขันธ์,กุยบุรี,2025-04-01,404038.0
3,5542022,สุพรรณบุรี,ด่านช้าง,2025-04-01,137484.0
3,5542027,กาญจนบุรี,ท่ามะกา,2025-04-01,246700.0
3,5542033,นครปฐม,นครปฐม,2025-04-01,635970.0
3,5542032,ประจวบคีรีขันธ์,บางสะพาน,2025-04-01,257477.0
3,5542011,ราชบุรี,บ้านโป่ง,2025-04-01,225770.0
3,5542029,ประจวบคีรีขันธ์,ประจวบคีรีขันธ์,2025-04-01,341486.0
3,5542030,ประจวบคีรีขันธ์,ปราณบุรี,2025-04-01,978598.0
3,5542013,ราชบุรี,ปากท่อ,2025-04-01,532660.0
3,5542026,กาญจนบุรี,พนมทวน,2025-04-01,189516.0
3,5542014,ราชบุรี,ราชบุรี,2025-04-01,746371.5
3,5542020,สุพรรณบุรี,ศรีประจันต์,2025-04-01,98646.0
3,5542015,สมุทรสงคราม,สมุทรสงคราม,2025-04-01,1006254.0
3,5542016,สมุทรสาคร,สมุทรสาคร,2025-04-01,5985220.0
3,5542012,ราชบุรี,สวนผึ้ง,2025-04-01,134093.0
3,5542018,นครปฐม,สามพราน,2025-04-01,1140614.0
3,5542019,สุพรรณบุรี,สุพรรณบุรี,2025-04-01,613631.0
3,5542023,สุพรรณบุรี,อู่ทอง,2025-04-01,422411.0
3,5542017,สมุทรสาคร,อ้อมน้อย,2025-04-01,2845669.0
3,5542021,สุพรรณบุรี,เดิมบางนางบวช,2025-04-01,216484.0
3,5542028,เพชรบุรี,เพชรบุรี,2025-04-01,1397345.0
3,5542025,กาญจนบุรี,เลาขวัญ,2025-04-01,147778.0
4,5551025,กระบี่,กระบี่,2025-04-01,958663.0
4,5551012,สุราษฎร์ธานี,กาญจนดิษฐ์,2025-04-01,312010.0
4,5551031,นครศรีธรรมราช,ขนอม,2025-04-01,147916.0
4,5551034,กระบี่,คลองท่อม,2025-04-01,121941.0
4,5551030,นครศรีธรรมราช,จันดี,2025-04-01,141106.0
4,5551028,นครศรีธรรมราช,ชะอวด,2025-04-01,99857.0
4,5551017,ชุมพร,ชุมพร,2025-04-01,865472.0
4,5551022,พังงา,ตะกั่วป่า,2025-04-01,235333.0
4,5551027,นครศรีธรรมราช,ทุ่งสง,2025-04-01,523533.0
4,5551019,ชุมพร,ท่าแซะ,2025-04-01,93930.0
4,5551023,พังงา,ท้ายเหมือง,2025-04-01,95227.0
4,5551032,นครศรีธรรมราช,นครศรีธรรมราช,2025-04-01,245204.0
4,5551015,สุราษฎร์ธานี,บ้านตาขุน,2025-04-01,95672.0
4,5551029,นครศรีธรรมราช,ปากพนัง,2025-04-01,245200.0
4,5551021,พังงา,พังงา,2025-04-01,262205.0
4,5551024,ภูเก็ต,ภูเก็ต,2025-04-01,2439516.0
4,5551020,ระนอง,ระนอง,2025-04-01,524293.0
4,5551011,สุราษฎร์ธานี,สุราษฎร์ธานี,2025-04-01,1862145.0
4,5551018,ชุมพร,หลังสวน,2025-04-01,323293.0
4,5551026,กระบี่,อ่าวลึก,2025-04-01,103883.0
4,5551033,สุราษฎร์ธานี,เกาะพะงัน,2025-04-01,122646.0
4,5551013,สุราษฎร์ธานี,เกาะสมุย,2025-04-01,672705.0
4,5551014,สุราษฎร์ธานี,เวียงสระ,2025-04-01,179426.0
4,5551016,สุราษฎร์ธานี,ไชยา,2025-04-01,100346.0
5,5552021,ตรัง,กันตัง,2025-04-01,265877.0
5,5552018,ตรัง,ตรัง,2025-04-01,405991.0
5,5552027,นราธิวาส,นราธิวาส,2025-04-01,517599.0
5,5552014,สงขลา,นาทวี,2025-04-01,86960.0
5,5552030,สงขลา,พังลา,2025-04-01,102303.0
5,5552016,พัทลุง,พัทลุง,2025-04-01,387882.0
5,5552024,ยะลา,ยะหา,2025-04-01,66273.0
5,5552020,ตรัง,ย่านตาขาว,2025-04-01,146219.0
5,5552015,สงขลา,ระโนด,2025-04-01,44582.0
5,5552028,นราธิวาส,รือเสาะ,2025-04-01,53170.0
5,5552023,สตูล,ละงู,2025-04-01,218934.0
5,5552011,สงขลา,สงขลา,2025-04-01,1547822.0
5,5552022,สตูล,สตูล,2025-04-01,384116.0
5,5552013,สงขลา,สะเดา,2025-04-01,471676.0
5,5552026,ปัตตานี,สายบุรี,2025-04-01,51146.0
5,5552029,นราธิวาส,สุไหงโก-ลก,2025-04-01,256685.0
5,5552012,สงขลา,หาดใหญ่,2025-04-01,2086821.0
5,5552019,ตรัง,ห้วยยอด,2025-04-01,196350.0
5,5552017,พัทลุง,เขาชัยสน,2025-04-01,52565.0
5,5552025,ยะลา,เบตง,2025-04-01,236664.0
6,5521016,ขอนแก่น,กระนวน,2025-04-01,265640.0
6,5521019,กาฬสินธุ์,กาฬสินธุ์,2025-04-01,574781.0
6,5521020,กาฬสินธุ์,กุฉินารายณ์,2025-04-01,93780.96
6,5521011,ขอนแก่น,ขอนแก่น,2025-04-01,3109758.0
6,5521026,ชัยภูมิ,จัตุรัส,2025-04-01,291225.0
6,5521015,ขอนแก่น,ชนบท,2025-04-01,280708.0
6,5521024,ชัยภูมิ,ชัยภูมิ,2025-04-01,817086.0
6,5521013,ขอนแก่น,ชุมแพ,2025-04-01,363650.0
6,5521014,ขอนแก่น,น้ำพอง,2025-04-01,456060.0
6,5521029,ชัยภูมิ,บำเหน็จณรงค์,2025-04-01,254785.0
6,5521012,ขอนแก่น,บ้านไผ่,2025-04-01,336831.0
6,5521023,มหาสารคาม,พยัคฆภูมิพิสัย,2025-04-01,150642.0
6,5521028,ชัยภูมิ,ภูเขียว,2025-04-01,221507.0
6,5521022,มหาสารคาม,มหาสารคาม,2025-04-01,1152697.0
6,5521030,ร้อยเอ็ด,ร้อยเอ็ด,2025-04-01,746067.0
6,5521021,กาฬสินธุ์,สมเด็จ,2025-04-01,146380.0
6,5521032,ร้อยเอ็ด,สุวรรณภูมิ,2025-04-01,123795.0
6,5521027,ชัยภูมิ,หนองบัวแดง,2025-04-01,135053.0
6,5521017,ขอนแก่น,หนองเรือ,2025-04-01,220743.0
6,5521018,ขอนแก่น,เมืองพล,2025-04-01,213246.0
6,5521025,ชัยภูมิ,แก้งคร้อ,2025-04-01,211232.0
6,5521031,ร้อยเอ็ด,โพนทอง,2025-04-01,162699.0
7,5522012,อุดรธานี,กุมภวาปี,2025-04-01,341757.0
7,5522018,เลย,ด่านซ้าย,2025-04-01,89473.0
7,5522028,นครพนม,ธาตุพนม,2025-04-01,202702.0
7,5522027,นครพนม,นครพนม,2025-04-01,369817.0
7,5522021,บึงกาฬ,บึงกาฬ,2025-04-01,173943.0
7,5522014,อุดรธานี,บ้านดุง,2025-04-01,200216.0
7,5522013,อุดรธานี,บ้านผือ,2025-04-01,167136.0
7,5522029,นครพนม,บ้านแพง,2025-04-01,74784.0
7,5522026,สกลนคร,พังโคน,2025-04-01,215752.0
7,5522019,เลย,วังสะพุง,2025-04-01,185376.0
7,5522030,นครพนม,ศรีสงคราม,2025-04-01,120541.0
7,5522022,หนองคาย,ศรีเชียงใหม่,2025-04-01,100111.0
7,5522024,สกลนคร,สกลนคร,2025-04-01,642365.0
7,5522025,สกลนคร,สว่างแดนดิน,2025-04-01,196994.0
7,5522020,หนองคาย,หนองคาย,2025-04-01,578726.0
7,5522015,หนองบัวลำภู,หนองบัวลำภู,2025-04-01,312851.0
7,5522011,อุดรธานี,อุดรธานี,2025-04-01,2328458.0
7,5522017,เลย,เชียงคาน,2025-04-01,184153.0
7,5522016,เลย,เลย,2025-04-01,538592.0
7,5522023,หนองคาย,โพนพิสัย,2025-04-01,155893.0
8,5532029,ศรีสะเกษ,กันทรลักษ์,2025-04-01,124422.0
8,5532022,บุรีรัมย์,นางรอง,2025-04-01,241310.0
8,5532019,บุรีรัมย์,บุรีรัมย์,2025-04-01,895242.0
8,5532012,อุบลราชธานี,พิบูลมังสาหาร,2025-04-01,124728.0
8,5532018,ยโสธร,มหาชนะชัย,2025-04-01,115346.0
8,5532030,มุกดาหาร,มุกดาหาร,2025-04-01,478008.0
8,5532016,ยโสธร,ยโสธร,2025-04-01,313949.0
8,5532026,สุรินทร์,รัตนบุรี,2025-04-01,192227.0
8,5532023,บุรีรัมย์,ละหานทราย,2025-04-01,258885.0
8,5532021,บุรีรัมย์,ลำปลายมาศ,2025-04-01,121207.0
8,5532028,ศรีสะเกษ,ศรีสะเกษ,2025-04-01,803198.0
8,5532025,สุรินทร์,ศีขรภูมิ,2025-04-01,167868.0
8,5532020,บุรีรัมย์,สตึก,2025-04-01,126741.0
8,5532027,สุรินทร์,สังขะ,2025-04-01,226988.0
8,5532024,สุรินทร์,สุรินทร์,2025-04-01,919875.0
8,5532015,อำนาจเจริญ,อำนาจเจริญ,2025-04-01,263712.0
8,5532011,อุบลราชธานี,อุบลราชธานี,2025-04-01,1624516.0
8,5532014,อุบลราชธานี,เขมราฐ,2025-04-01,172995.0
8,5532013,อุบลราชธานี,เดชอุดม,2025-04-01,194857.0
8,5532017,ยโสธร,เลิงนกทา,2025-04-01,127682.0
9,5511017,เชียงใหม่,จอมทอง,2025-04-01,105240.0
9,5511031,พะเยา,จุน,2025-04-01,120088.0
9,5511029,น่าน,ท่าวังผา,2025-04-01,110493.0
9,5511028,น่าน,น่าน,2025-04-01,380936.0
9,5511021,ลำพูน,บ้านโฮ่ง,2025-04-01,23155.0
9,5511016,เชียงใหม่,ฝาง,2025-04-01,131739.0
9,5511030,พะเยา,พะเยา,2025-04-01,548012.0
9,5511033,เชียงราย,พาน,2025-04-01,175441.0
9,5511027,แพร่,ร้องกวาง,2025-04-01,65594.0
9,5511022,ลำปาง,ลำปาง,2025-04-01,960478.0
9,5511020,ลำพูน,ลำพูน,2025-04-01,382156.0
9,5511013,เชียงใหม่,สันกำแพง,2025-04-01,403394.0
9,5511012,เชียงใหม่,ฮอด,2025-04-01,71567.0
9,5511023,ลำปาง,เกาะคา,2025-04-01,127259.0
9,5511032,เชียงราย,เชียงราย,2025-04-01,803175.0
9,5511011,เชียงใหม่,เชียงใหม่,2025-04-01,3712506.0
9,5511026,แพร่,เด่นชัย,2025-04-01,113197.0
9,5511024,ลำปาง,เถิน,2025-04-01,149008.0
9,5511034,เชียงราย,เทิง,2025-04-01,62293.0
9,5511035,เชียงราย,เวียงเชียงของ,2025-04-01,90746.0
9,5511025,แพร่,แพร่,2025-04-01,269371.0
9,5511037,เชียงราย,แม่ขะจาน,2025-04-01,73626.0
9,5511014,เชียงใหม่,แม่ริม,2025-04-01,565602.0
9,5511019,แม่ฮ่องสอน,แม่สะเรียง,2025-04-01,137771.0
9,5511036,เชียงราย,แม่สาย,2025-04-01,440430.0
9,5511018,แม่ฮ่องสอน,แม่ฮ่องสอน,2025-04-01,185013.0
9,5511015,เชียงใหม่,แม่แตง,2025-04-01,175409.0
10,5512017,กำแพงเพชร,กำแพงเพชร,2025-04-01,595131.0
10,5512018,กำแพงเพชร,ขาณุวรลักษบุรี,2025-04-01,125811.0
10,5512034,เพชรบูรณ์,ชนแดน,2025-04-01,76586.0
10,5512015,ชัยนาท,ชัยนาท,2025-04-01,281221.0
10,5512031,พิจิตร,ตะพานหิน,2025-04-01,186076.0
10,5512019,ตาก,ตาก,2025-04-01,608495.0
10,5512022,สุโขทัย,ทุ่งเสลี่ยม,2025-04-01,71680.0
10,5512012,นครสวรรค์,ท่าตะโก,2025-04-01,240715.0
10,5512011,นครสวรรค์,นครสวรรค์,2025-04-01,696798.0
10,5512028,พิษณุโลก,นครไทย,2025-04-01,111574.0
10,5512030,พิจิตร,บางมูลนาก,2025-04-01,109504.0
10,5512014,นครสวรรค์,พยุหะคีรี,2025-04-01,238276.0
10,5512029,พิจิตร,พิจิตร,2025-04-01,560390.0
10,5512027,พิษณุโลก,พิษณุโลก,2025-04-01,694291.0
10,5512013,นครสวรรค์,ลาดยาว,2025-04-01,144498.0
10,5512036,เพชรบูรณ์,วิเชียรบุรี,2025-04-01,160830.0
10,5512025,สุโขทัย,ศรีสัชนาลัย,2025-04-01,138762.0
10,5512023,สุโขทัย,ศรีสำโรง,2025-04-01,55947.0
10,5512024,สุโขทัย,สวรรคโลก,2025-04-01,143905.0
10,5512021,สุโขทัย,สุโขทัย,2025-04-01,420877.0
10,5512035,เพชรบูรณ์,หนองไผ่,2025-04-01,153420.0
10,5512033,เพชรบูรณ์,หล่มสัก,2025-04-01,238733.0
10,5512026,อุตรดิตถ์,อุตรดิตถ์,2025-04-01,88973.0
10,5512016,อุทัยธานี,อุทัยธานี,2025-04-01,253723.0
10,5512032,เพชรบูรณ์,เพชรบูรณ์,2025-04-01,384860.0
10,5512020,ตาก,แม่สอด,2025-04-01,921644.0
1,5531032,ปราจีนบุรี,กบินทร์บุรี,2025-05-01,318943.0
1,5531025,จันทบุรี,ขลุง,2025-05-01,287675.0
1,5531027,ตราด,คลองใหญ่,2025-05-01,79136.0
1,5531024,จันทบุรี,จันทบุรี,2025-05-01,1326264.0
1,5531017,ฉะเชิงเทรา,ฉะเชิงเทรา,2025-05-01,895489.0
1,5531011,ชลบุรี,ชลบุรี,2025-05-01,3826169.2
1,5531026,ตราด,ตราด,2025-05-01,549009.0
1,5531019,ฉะเชิงเทรา,บางคล้า,2025-05-01,1817247.0
1,5531018,ฉะเชิงเทรา,บางปะกง,2025-05-01,1156980.0
1,5531022,ระยอง,บ้านฉาง,2025-05-01,2426134.0
1,5531013,ชลบุรี,บ้านบึง,2025-05-01,1292400.0
1,5531031,ปราจีนบุรี,ปราจีนบุรี,2025-05-01,821788.0
1,5531023,ระยอง,ปากน้ำประแสร์,2025-05-01,497042.0
1,5531020,ฉะเชิงเทรา,พนมสารคาม,2025-05-01,584519.0
1,5531014,ชลบุรี,พนัสนิคม,2025-05-01,1719027.0
1,5531012,ชลบุรี,พัทยา,2025-05-01,5142167.0
1,5531021,ระยอง,ระยอง,2025-05-01,1643946.11
1,5531029,สระแก้ว,วัฒนานคร,2025-05-01,117209.0
1,5531015,ชลบุรี,ศรีราชา,2025-05-01,1604959.0
1,5531028,สระแก้ว,สระแก้ว,2025-05-01,312823.0
1,5531030,สระแก้ว,อรัญประเทศ,2025-05-01,420495.0
1,5531016,ชลบุรี,แหลมฉบัง,2025-05-01,1992240.0
2,5541031,นครราชสีมา,ครบุรี,2025-05-01,161583.0
2,5541039,ปทุมธานี,คลองหลวง,2025-05-01,2882027.0
2,5541017,ลพบุรี,ชัยบาดาล,2025-05-01,224087.0
2,5541036,นครราชสีมา,ชุมพวง,2025-05-01,105667.0
2,5541038,นครราชสีมา,ด่านขุนทด,2025-05-01,178127.0
2,5541024,พระนครศรีอยุธยา,ท่าเรือ,2025-05-01,150378.0
2,5541040,ปทุมธานี,ธัญบุรี,2025-05-01,1887843.0
2,5541027,นครนายก,นครนายก,2025-05-01,390437.0
2,5541029,นครราชสีมา,นครราชสีมา,2025-05-01,917051.0
2,5541028,นครนายก,บ้านนา,2025-05-01,319984.0
2,5541014,สระบุรี,บ้านหมอ,2025-05-01,89913.0
2,5541016,ลพบุรี,บ้านหมี่,2025-05-01,370985.0
2,5541025,ปทุมธานี,ปทุมธานี,2025-05-01,2307053.0
2,5541033,นครราชสีมา,ปักธงชัย,2025-05-01,259524.0
2,5541030,นครราชสีมา,ปากช่อง,2025-05-01,411478.0
2,5541022,พระนครศรีอยุธยา,ผักไห่,2025-05-01,44089.0
2,5541021,พระนครศรีอยุธยา,พระนครศรีอยุธยา,2025-05-01,2425806.0
2,5541011,สระบุรี,พระพุทธบาท,2025-05-01,401140.0
2,5541035,นครราชสีมา,พิมาย,2025-05-01,242503.0
2,5541013,สระบุรี,มวกเหล็ก,2025-05-01,506196.0
2,5541026,ปทุมธานี,รังสิต,2025-05-01,4131947.0
2,5541015,ลพบุรี,ลพบุรี,2025-05-01,1329356.0
2,5541020,อ่างทอง,วิเศษชัยชาญ,2025-05-01,95690.0
2,5541018,สิงห์บุรี,สิงห์บุรี,2025-05-01,248885.0
2,5541032,นครราชสีมา,สีคิ้ว,2025-05-01,814185.0
2,5541012,สระบุรี,หนองแค,2025-05-01,948777.0
2,5541019,อ่างทอง,อ่างทอง,2025-05-01,254147.0
2,5541023,พระนครศรีอยุธยา,เสนา,2025-05-01,254312.0
2,5541034,นครราชสีมา,โชคชัย,2025-05-01,332760.0
2,5541037,นครราชสีมา,โนนสูง,2025-05-01,160303.0
3,5542024,กาญจนบุรี,กาญจนบุรี,2025-05-01,728244.0
3,5542031,ประจวบคีรีขันธ์,กุยบุรี,2025-05-01,411187.0
3,5542022,สุพรรณบุรี,ด่านช้าง,2025-05-01,135697.0
3,5542027,กาญจนบุรี,ท่ามะกา,2025-05-01,235712.0
3,5542033,นครปฐม,นครปฐม,2025-05-01,587805.0
3,5542032,ประจวบคีรีขันธ์,บางสะพาน,2025-05-01,256650.0
3,5542011,ราชบุรี,บ้านโป่ง,2025-05-01,220516.0
3,5542029,ประจวบคีรีขันธ์,ประจวบคีรีขันธ์,2025-05-01,341140.0
3,5542030,ประจวบคีรีขันธ์,ปราณบุรี,2025-05-01,975544.0
3,5542013,ราชบุรี,ปากท่อ,2025-05-01,539329.0
3,5542026,กาญจนบุรี,พนมทวน,2025-05-01,187421.0
3,5542014,ราชบุรี,ราชบุรี,2025-05-01,730726.5
3,5542020,สุพรรณบุรี,ศรีประจันต์,2025-05-01,100574.0
3,5542015,สมุทรสงคราม,สมุทรสงคราม,2025-05-01,991705.0
3,5542016,สมุทรสาคร,สมุทรสาคร,2025-05-01,5770312.0
3,5542012,ราชบุรี,สวนผึ้ง,2025-05-01,127581.0
3,5542018,นครปฐม,สามพราน,2025-05-01,1088751.0
3,5542019,สุพรรณบุรี,สุพรรณบุรี,2025-05-01,624997.0
3,5542023,สุพรรณบุรี,อู่ทอง,2025-05-01,421126.0
3,5542017,สมุทรสาคร,อ้อมน้อย,2025-05-01,2621760.0
3,5542021,สุพรรณบุรี,เดิมบางนางบวช,2025-05-01,208741.0
3,5542028,เพชรบุรี,เพชรบุรี,2025-05-01,1409209.0
3,5542025,กาญจนบุรี,เลาขวัญ,2025-05-01,148785.0
4,5551025,กระบี่,กระบี่,2025-05-01,895293.0
4,5551012,สุราษฎร์ธานี,กาญจนดิษฐ์,2025-05-01,308751.37
4,5551031,นครศรีธรรมราช,ขนอม,2025-05-01,155178.0
4,5551034,กระบี่,คลองท่อม,2025-05-01,117246.0
4,5551030,นครศรีธรรมราช,จันดี,2025-05-01,135687.0
4,5551028,นครศรีธรรมราช,ชะอวด,2025-05-01,96413.0
4,5551017,ชุมพร,ชุมพร,2025-05-01,855286.0
4,5551022,พังงา,ตะกั่วป่า,2025-05-01,211054.0
4,5551027,นครศรีธรรมราช,ทุ่งสง,2025-05-01,491928.0
4,5551019,ชุมพร,ท่าแซะ,2025-05-01,88619.0
4,5551023,พังงา,ท้ายเหมือง,2025-05-01,93334.0
4,5551032,นครศรีธรรมราช,นครศรีธรรมราช,2025-05-01,238340.0
4,5551015,สุราษฎร์ธานี,บ้านตาขุน,2025-05-01,86494.0
4,5551029,นครศรีธรรมราช,ปากพนัง,2025-05-01,257225.0
4,5551021,พังงา,พังงา,2025-05-01,248104.0
4,5551024,ภูเก็ต,ภูเก็ต,2025-05-01,2233086.0
4,5551020,ระนอง,ระนอง,2025-05-01,490597.0
4,5551011,สุราษฎร์ธานี,สุราษฎร์ธานี,2025-05-01,1747131.72
4,5551018,ชุมพร,หลังสวน,2025-05-01,314493.0
4,5551026,กระบี่,อ่าวลึก,2025-05-01,96982.0
4,5551033,สุราษฎร์ธานี,เกาะพะงัน,2025-05-01,119727.0
4,5551013,สุราษฎร์ธานี,เกาะสมุย,2025-05-01,666784.0
4,5551014,สุราษฎร์ธานี,เวียงสระ,2025-05-01,167247.0
4,5551016,สุราษฎร์ธานี,ไชยา,2025-05-01,95690.0
5,5552021,ตรัง,กันตัง,2025-05-01,247076.0
5,5552018,ตรัง,ตรัง,2025-05-01,376988.0
5,5552027,นราธิวาส,นราธิวาส,2025-05-01,487380.0
5,5552014,สงขลา,นาทวี,2025-05-01,85393.0
5,5552030,สงขลา,พังลา,2025-05-01,94022.0
5,5552016,พัทลุง,พัทลุง,2025-05-01,375628.0
5,5552024,ยะลา,ยะหา,2025-05-01,54636.0
5,5552020,ตรัง,ย่านตาขาว,2025-05-01,131329.0
5,5552015,สงขลา,ระโนด,2025-05-01,44396.0
5,5552028,นราธิวาส,รือเสาะ,2025-05-01,43939.0
5,5552023,สตูล,ละงู,2025-05-01,199990.0
5,5552011,สงขลา,สงขลา,2025-05-01,1448057.0
5,5552022,สตูล,สตูล,2025-05-01,365240.0
5,5552013,สงขลา,สะเดา,2025-05-01,466477.0
5,5552026,ปัตตานี,สายบุรี,2025-05-01,45900.0
5,5552029,นราธิวาส,สุไหงโก-ลก,2025-05-01,244837.0
5,5552012,สงขลา,หาดใหญ่,2025-05-01,2032424.0
5,5552019,ตรัง,ห้วยยอด,2025-05-01,191365.0
5,5552017,พัทลุง,เขาชัยสน,2025-05-01,50838.0
5,5552025,ยะลา,เบตง,2025-05-01,237911.0
6,5521016,ขอนแก่น,กระนวน,2025-05-01,284569.0
6,5521019,กาฬสินธุ์,กาฬสินธุ์,2025-05-01,587999.0
6,5521020,กาฬสินธุ์,กุฉินารายณ์,2025-05-01,99950.73
6,5521011,ขอนแก่น,ขอนแก่น,2025-05-01,3073974.0
6,5521026,ชัยภูมิ,จัตุรัส,2025-05-01,297856.0
6,5521015,ขอนแก่น,ชนบท,2025-05-01,303250.0
6,5521024,ชัยภูมิ,ชัยภูมิ,2025-05-01,854267.0
6,5521013,ขอนแก่น,ชุมแพ,2025-05-01,382793.0
6,5521014,ขอนแก่น,น้ำพอง,2025-05-01,494238.46
6,5521029,ชัยภูมิ,บำเหน็จณรงค์,2025-05-01,256423.0
6,5521012,ขอนแก่น,บ้านไผ่,2025-05-01,343488.0
6,5521023,มหาสารคาม,พยัคฆภูมิพิสัย,2025-05-01,142811.0
6,5521028,ชัยภูมิ,ภูเขียว,2025-05-01,235815.0
6,5521022,มหาสารคาม,มหาสารคาม,2025-05-01,1049291.0
6,5521030,ร้อยเอ็ด,ร้อยเอ็ด,2025-05-01,750616.0
6,5521021,กาฬสินธุ์,สมเด็จ,2025-05-01,143886.0
6,5521032,ร้อยเอ็ด,สุวรรณภูมิ,2025-05-01,126449.0
6,5521027,ชัยภูมิ,หนองบัวแดง,2025-05-01,134912.0
6,5521017,ขอนแก่น,หนองเรือ,2025-05-01,228046.0
6,5521018,ขอนแก่น,เมืองพล,2025-05-01,225609.0
6,5521025,ชัยภูมิ,แก้งคร้อ,2025-05-01,227426.0
6,5521031,ร้อยเอ็ด,โพนทอง,2025-05-01,162164.0
7,5522012,อุดรธานี,กุมภวาปี,2025-05-01,347620.0
7,5522018,เลย,ด่านซ้าย,2025-05-01,91918.0
7,5522028,นครพนม,ธาตุพนม,2025-05-01,218359.0
7,5522027,นครพนม,นครพนม,2025-05-01,379604.0
7,5522021,บึงกาฬ,บึงกาฬ,2025-05-01,169468.0
7,5522014,อุดรธานี,บ้านดุง,2025-05-01,205518.0
7,5522013,อุดรธานี,บ้านผือ,2025-05-01,186639.0
7,5522029,นครพนม,บ้านแพง,2025-05-01,80208.0
7,5522026,สกลนคร,พังโคน,2025-05-01,224840.0
7,5522019,เลย,วังสะพุง,2025-05-01,194808.0
7,5522030,นครพนม,ศรีสงคราม,2025-05-01,116567.0
7,5522022,หนองคาย,ศรีเชียงใหม่,2025-05-01,105025.0
7,5522024,สกลนคร,สกลนคร,2025-05-01,628087.0
7,5522025,สกลนคร,สว่างแดนดิน,2025-05-01,193651.0
7,5522020,หนองคาย,หนองคาย,2025-05-01,611960.0
7,5522015,หนองบัวลำภู,หนองบัวลำภู,2025-05-01,331814.0
7,5522011,อุดรธานี,อุดรธานี,2025-05-01,2313841.0
7,5522017,เลย,เชียงคาน,2025-05-01,195931.0
7,5522016,เลย,เลย,2025-05-01,575141.0
7,5522023,หนองคาย,โพนพิสัย,2025-05-01,167596.0
8,5532029,ศรีสะเกษ,กันทรลักษ์,2025-05-01,125635.0
8,5532022,บุรีรัมย์,นางรอง,2025-05-01,235163.0
8,5532019,บุรีรัมย์,บุรีรัมย์,2025-05-01,884764.0
8,5532012,อุบลราชธานี,พิบูลมังสาหาร,2025-05-01,132540.0
8,5532018,ยโสธร,มหาชนะชัย,2025-05-01,118886.0
8,5532030,มุกดาหาร,มุกดาหาร,2025-05-01,502613.0
8,5532016,ยโสธร,ยโสธร,2025-05-01,311928.0
8,5532026,สุรินทร์,รัตนบุรี,2025-05-01,193476.0
8,5532023,บุรีรัมย์,ละหานทราย,2025-05-01,253848.0
8,5532021,บุรีรัมย์,ลำปลายมาศ,2025-05-01,120491.0
8,5532028,ศรีสะเกษ,ศรีสะเกษ,2025-05-01,800309.0
8,5532025,สุรินทร์,ศีขรภูมิ,2025-05-01,180038.2
8,5532020,บุรีรัมย์,สตึก,2025-05-01,131533.0
8,5532027,สุรินทร์,สังขะ,2025-05-01,217538.0
8,5532024,สุรินทร์,สุรินทร์,2025-05-01,906325.0
8,5532015,อำนาจเจริญ,อำนาจเจริญ,2025-05-01,267716.0
8,5532011,อุบลราชธานี,อุบลราชธานี,2025-05-01,1614087.0
8,5532014,อุบลราชธานี,เขมราฐ,2025-05-01,174269.0
8,5532013,อุบลราชธานี,เดชอุดม,2025-05-01,200756.0
8,5532017,ยโสธร,เลิงนกทา,2025-05-01,134167.0
9,5511017,เชียงใหม่,จอมทอง,2025-05-01,98889.0
9,5511031,พะเยา,จุน,2025-05-01,121233.0
9,5511029,น่าน,ท่าวังผา,2025-05-01,104166.0
9,5511028,น่าน,น่าน,2025-05-01,363055.0
9,5511021,ลำพูน,บ้านโฮ่ง,2025-05-01,22154.0
9,5511016,เชียงใหม่,ฝาง,2025-05-01,129183.0
9,5511030,พะเยา,พะเยา,2025-05-01,516779.0
9,5511033,เชียงราย,พาน,2025-05-01,177207.0
9,5511027,แพร่,ร้องกวาง,2025-05-01,63139.0
9,5511022,ลำปาง,ลำปาง,2025-05-01,932165.0
9,5511020,ลำพูน,ลำพูน,2025-05-01,380903.0
9,5511013,เชียงใหม่,สันกำแพง,2025-05-01,379847.0
9,5511012,เชียงใหม่,ฮอด,2025-05-01,66764.0
9,5511023,ลำปาง,เกาะคา,2025-05-01,115738.0
9,5511032,เชียงราย,เชียงราย,2025-05-01,820628.97
9,5511011,เชียงใหม่,เชียงใหม่,2025-05-01,3586994.0
9,5511026,แพร่,เด่นชัย,2025-05-01,110898.0
9,5511024,ลำปาง,เถิน,2025-05-01,145026.0
9,5511034,เชียงราย,เทิง,2025-05-01,59900.0
9,5511035,เชียงราย,เวียงเชียงของ,2025-05-01,93167.0
9,5511025,แพร่,แพร่,2025-05-01,262274.0
9,5511037,เชียงราย,แม่ขะจาน,2025-05-01,69105.0
9,5511014,เชียงใหม่,แม่ริม,2025-05-01,550618.0
9,5511019,แม่ฮ่องสอน,แม่สะเรียง,2025-05-01,130282.0
9,5511036,เชียงราย,แม่สาย,2025-05-01,455248.0
9,5511018,แม่ฮ่องสอน,แม่ฮ่องสอน,2025-05-01,184487.0
9,5511015,เชียงใหม่,แม่แตง,2025-05-01,175573.0
10,5512017,กำแพงเพชร,กำแพงเพชร,2025-05-01,585196.0
10,5512018,กำแพงเพชร,ขาณุวรลักษบุรี,2025-05-01,126390.0
10,5512034,เพชรบูรณ์,ชนแดน,2025-05-01,74748.0
10,5512015,ชัยนาท,ชัยนาท,2025-05-01,284745.0
10,5512031,พิจิตร,ตะพานหิน,2025-05-01,185055.0
10,5512019,ตาก,ตาก,2025-05-01,580326.0
10,5512022,สุโขทัย,ทุ่งเสลี่ยม,2025-05-01,74141.0
10,5512012,นครสวรรค์,ท่าตะโก,2025-05-01,239276.0
10,5512011,นครสวรรค์,นครสวรรค์,2025-05-01,702172.0
10,5512028,พิษณุโลก,นครไทย,2025-05-01,110898.0
10,5512030,พิจิตร,บางมูลนาก,2025-05-01,112765.0
10,5512014,นครสวรรค์,พยุหะคีรี,2025-05-01,242408.0
10,5512029,พิจิตร,พิจิตร,2025-05-01,577625.0
10,5512027,พิษณุโลก,พิษณุโลก,2025-05-01,670385.0
10,5512013,นครสวรรค์,ลาดยาว,2025-05-01,141071.0
10,5512036,เพชรบูรณ์,วิเชียรบุรี,2025-05-01,164693.0
10,5512025,สุโขทัย,ศรีสัชนาลัย,2025-05-01,145239.0
10,5512023,สุโขทัย,ศรีสำโรง,2025-05-01,57489.0
10,5512024,สุโขทัย,สวรรคโลก,2025-05-01,137534.0
10,5512021,สุโขทัย,สุโขทัย,2025-05-01,429532.0
10,5512035,เพชรบูรณ์,หนองไผ่,2025-05-01,151841.0
10,5512033,เพชรบูรณ์,หล่มสัก,2025-05-01,248041.0
10,5512026,อุตรดิตถ์,อุตรดิตถ์,2025-05-01,87187.0
10,5512016,อุทัยธานี,อุทัยธานี,2025-05-01,258055.0
10,5512032,เพชรบูรณ์,เพชรบูรณ์,2025-05-01,379107.0
10,5512020,ตาก,แม่สอด,2025-05-01,869055.0
1,5531032,ปราจีนบุรี,กบินทร์บุรี,2025-06-01,313190.0
1,5531025,จันทบุรี,ขลุง,2025-06-01,285533.0
1,5531027,ตราด,คลองใหญ่,2025-06-01,74663.0
1,5531024,จันทบุรี,จันทบุรี,2025-06-01,1316353.0
1,5531017,ฉะเชิงเทรา,ฉะเชิงเทรา,2025-06-01,891046.0
1,5531011,ชลบุรี,ชลบุรี,2025-06-01,3825304.0
1,5531026,ตราด,ตราด,2025-06-01,548923.0
1,5531019,ฉะเชิงเทรา,บางคล้า,2025-06-01,1812579.0
1,5531018,ฉะเชิงเทรา,บางปะกง,2025-06-01,1181061.0
1,5531022,ระยอง,บ้านฉาง,2025-06-01,2389957.75
1,5531013,ชลบุรี,บ้านบึง,2025-06-01,1357277.0
1,5531031,ปราจีนบุรี,ปราจีนบุรี,2025-06-01,828256.0
1,5531023,ระยอง,ปากน้ำประแสร์,2025-06-01,463876.0
1,5531020,ฉะเชิงเทรา,พนมสารคาม,2025-06-01,583159.0
1,5531014,ชลบุรี,พนัสนิคม,2025-06-01,1750075.0
1,5531012,ชลบุรี,พัทยา,2025-06-01,4541689.72
1,5531021,ระยอง,ระยอง,2025-06-01,1665602.22
1,5531029,สระแก้ว,วัฒนานคร,2025-06-01,116740.0
1,5531015,ชลบุรี,ศรีราชา,2025-06-01,1483872.0
1,5531028,สระแก้ว,สระแก้ว,2025-06-01,312048.0
1,5531030,สระแก้ว,อรัญประเทศ,2025-06-01,428492.0
1,5531016,ชลบุรี,แหลมฉบัง,2025-06-01,1986469.0
2,5541031,นครราชสีมา,ครบุรี,2025-06-01,149562.0
2,5541039,ปทุมธานี,คลองหลวง,2025-06-01,2960416.0
2,5541017,ลพบุรี,ชัยบาดาล,2025-06-01,211706.0
2,5541036,นครราชสีมา,ชุมพวง,2025-06-01,104302.0
2,5541038,นครราชสีมา,ด่านขุนทด,2025-06-01,169501.0
2,5541024,พระนครศรีอยุธยา,ท่าเรือ,2025-06-01,144068.0
2,5541040,ปทุมธานี,ธัญบุรี,2025-06-01,1900584.0
2,5541027,นครนายก,นครนายก,2025-06-01,373342.0
2,5541029,นครราชสีมา,นครราชสีมา,2025-06-01,901391.0
2,5541028,นครนายก,บ้านนา,2025-06-01,312726.0
2,5541014,สระบุรี,บ้านหมอ,2025-06-01,89411.0
2,5541016,ลพบุรี,บ้านหมี่,2025-06-01,332400.0
2,5541025,ปทุมธานี,ปทุมธานี,2025-06-01,2321779.0
2,5541033,นครราชสีมา,ปักธงชัย,2025-06-01,239712.0
2,5541030,นครราชสีมา,ปากช่อง,2025-06-01,403395.0
2,5541022,พระนครศรีอยุธยา,ผักไห่,2025-06-01,42626.0
2,5541021,พระนครศรีอยุธยา,พระนครศรีอยุธยา,2025-06-01,2437504.0
2,5541011,สระบุรี,พระพุทธบาท,2025-06-01,400259.0
2,5541035,นครราชสีมา,พิมาย,2025-06-01,230055.0
2,5541013,สระบุรี,มวกเหล็ก,2025-06-01,527259.0
2,5541026,ปทุมธานี,รังสิต,2025-06-01,4108915.0
2,5541015,ลพบุรี,ลพบุรี,2025-06-01,1312223.0
2,5541020,อ่างทอง,วิเศษชัยชาญ,2025-06-01,90754.0
2,5541018,สิงห์บุรี,สิงห์บุรี,2025-06-01,241007.0
2,5541032,นครราชสีมา,สีคิ้ว,2025-06-01,807370.0
2,5541012,สระบุรี,หนองแค,2025-06-01,929790.0
2,5541019,อ่างทอง,อ่างทอง,2025-06-01,252544.0
2,5541023,พระนครศรีอยุธยา,เสนา,2025-06-01,246779.0
2,5541034,นครราชสีมา,โชคชัย,2025-06-01,321612.0
2,5541037,นครราชสีมา,โนนสูง,2025-06-01,142990.0
3,5542024,กาญจนบุรี,กาญจนบุรี,2025-06-01,678848.0
3,5542031,ประจวบคีรีขันธ์,กุยบุรี,2025-06-01,385335.0
3,5542022,สุพรรณบุรี,ด่านช้าง,2025-06-01,132723.0
3,5542027,กาญจนบุรี,ท่ามะกา,2025-06-01,231057.0
3,5542033,นครปฐม,นครปฐม,2025-06-01,596304.0
3,5542032,ประจวบคีรีขันธ์,บางสะพาน,2025-06-01,243550.0
3,5542011,ราชบุรี,บ้านโป่ง,2025-06-01,213891.0
3,5542029,ประจวบคีรีขันธ์,ประจวบคีรีขันธ์,2025-06-01,330538.0
3,5542030,ประจวบคีรีขันธ์,ปราณบุรี,2025-06-01,872601.0
3,5542013,ราชบุรี,ปากท่อ,2025-06-01,513587.0
3,5542026,กาญจนบุรี,พนมทวน,2025-06-01,175469.0
3,5542014,ราชบุรี,ราชบุรี,2025-06-01,705453.82
3,5542020,สุพรรณบุรี,ศรีประจันต์,2025-06-01,98136.0
3,5542015,สมุทรสงคราม,สมุทรสงคราม,2025-06-01,955037.0
3,5542016,สมุทรสาคร,สมุทรสาคร,2025-06-01,5768228.0
3,5542012,ราชบุรี,สวนผึ้ง,2025-06-01,117189.58
3,5542018,นครปฐม,สามพราน,2025-06-01,1114089.0
3,5542019,สุพรรณบุรี,สุพรรณบุรี,2025-06-01,609499.0
3,5542023,สุพรรณบุรี,อู่ทอง,2025-06-01,397048.0
3,5542017,สมุทรสาคร,อ้อมน้อย,2025-06-01,2746252.0
3,5542021,สุพรรณบุรี,เดิมบางนางบวช,2025-06-01,199889.0
3,5542028,เพชรบุรี,เพชรบุรี,2025-06-01,1312019.0
3,5542025,กาญจนบุรี,เลาขวัญ,2025-06-01,139266.0
4,5551025,กระบี่,กระบี่,2025-06-01,884080.0
4,5551012,สุราษฎร์ธานี,กาญจนดิษฐ์,2025-06-01,306195.0
4,5551031,นครศรีธรรมราช,ขนอม,2025-06-01,140941.0
4,5551034,กระบี่,คลองท่อม,2025-06-01,110306.0
4,5551030,นครศรีธรรมราช,จันดี,2025-06-01,135767.0
4,5551028,นครศรีธรรมราช,ชะอวด,2025-06-01,95840.0
4,5551017,ชุมพร,ชุมพร,2025-06-01,875988.0
4,5551022,พังงา,ตะกั่วป่า,2025-06-01,169828.0
4,5551027,นครศรีธรรมราช,ทุ่งสง,2025-06-01,505477.0
4,5551019,ชุมพร,ท่าแซะ,2025-06-01,89868.0
4,5551023,พังงา,ท้ายเหมือง,2025-06-01,85712.0
4,5551032,นครศรีธรรมราช,นครศรีธรรมราช,2025-06-01,239755.0
4,5551015,สุราษฎร์ธานี,บ้านตาขุน,2025-06-01,90264.0
4,5551029,นครศรีธรรมราช,ปากพนัง,2025-06-01,245541.0
4,5551021,พังงา,พังงา,2025-06-01,249531.0
4,5551024,ภูเก็ต,ภูเก็ต,2025-06-01,2152546.0
4,5551020,ระนอง,ระนอง,2025-06-01,481363.0
4,5551011,สุราษฎร์ธานี,สุราษฎร์ธานี,2025-06-01,1791662.1
4,5551018,ชุมพร,หลังสวน,2025-06-01,321479.0
4,5551026,กระบี่,อ่าวลึก,2025-06-01,97615.0
4,5551033,สุราษฎร์ธานี,เกาะพะงัน,2025-06-01,115002.0
4,5551013,สุราษฎร์ธานี,เกาะสมุย,2025-06-01,642703.0
4,5551014,สุราษฎร์ธานี,เวียงสระ,2025-06-01,169201.28
4,5551016,สุราษฎร์ธานี,ไชยา,2025-06-01,94594.0
5,5552021,ตรัง,กันตัง,2025-06-01,244938.0
5,5552018,ตรัง,ตรัง,2025-06-01,378749.0
5,5552027,นราธิวาส,นราธิวาส,2025-06-01,519890.0
5,5552014,สงขลา,นาทวี,2025-06-01,88928.0
5,5552030,สงขลา,พังลา,2025-06-01,98599.0
5,5552016,พัทลุง,พัทลุง,2025-06-01,385136.0
5,5552024,ยะลา,ยะหา,2025-06-01,63171.0
5,5552020,ตรัง,ย่านตาขาว,2025-06-01,133469.0
5,5552015,สงขลา,ระโนด,2025-06-01,45103.0
5,5552028,นราธิวาส,รือเสาะ,2025-06-01,49753.0
5,5552023,สตูล,ละงู,2025-06-01,195710.0
5,5552011,สงขลา,สงขลา,2025-06-01,1490466.0
5,5552022,สตูล,สตูล,2025-06-01,367963.0
5,5552013,สงขลา,สะเดา,2025-06-01,480328.0
5,5552026,ปัตตานี,สายบุรี,2025-06-01,51540.0
5,5552029,นราธิวาส,สุไหงโก-ลก,2025-06-01,263296.0
5,5552012,สงขลา,หาดใหญ่,2025-06-01,2137176.0
5,5552019,ตรัง,ห้วยยอด,2025-06-01,189383.0
5,5552017,พัทลุง,เขาชัยสน,2025-06-01,48959.0
5,5552025,ยะลา,เบตง,2025-06-01,242884.0
6,5521016,ขอนแก่น,กระนวน,2025-06-01,265207.0
6,5521019,กาฬสินธุ์,กาฬสินธุ์,2025-06-01,571277.0
6,5521020,กาฬสินธุ์,กุฉินารายณ์,2025-06-01,90952.0
6,5521011,ขอนแก่น,ขอนแก่น,2025-06-01,3013516.0
6,5521026,ชัยภูมิ,จัตุรัส,2025-06-01,277086.0
6,5521015,ขอนแก่น,ชนบท,2025-06-01,279565.0
6,5521024,ชัยภูมิ,ชัยภูมิ,2025-06-01,813111.0
6,5521013,ขอนแก่น,ชุมแพ,2025-06-01,371039.0
6,5521014,ขอนแก่น,น้ำพอง,2025-06-01,459551.09
6,5521029,ชัยภูมิ,บำเหน็จณรงค์,2025-06-01,237782.0
6,5521012,ขอนแก่น,บ้านไผ่,2025-06-01,316928.0
6,5521023,มหาสารคาม,พยัคฆภูมิพิสัย,2025-06-01,143434.0
6,5521028,ชัยภูมิ,ภูเขียว,2025-06-01,220396.0
6,5521022,มหาสารคาม,มหาสารคาม,2025-06-01,1053105.0
6,5521030,ร้อยเอ็ด,ร้อยเอ็ด,2025-06-01,734269.0
6,5521021,กาฬสินธุ์,สมเด็จ,2025-06-01,133594.0
6,5521032,ร้อยเอ็ด,สุวรรณภูมิ,2025-06-01,117844.0
6,5521027,ชัยภูมิ,หนองบัวแดง,2025-06-01,131318.0
6,5521017,ขอนแก่น,หนองเรือ,2025-06-01,211108.0
6,5521018,ขอนแก่น,เมืองพล,2025-06-01,211143.0
6,5521025,ชัยภูมิ,แก้งคร้อ,2025-06-01,206886.0
6,5521031,ร้อยเอ็ด,โพนทอง,2025-06-01,162281.0
7,5522012,อุดรธานี,กุมภวาปี,2025-06-01,316739.0
7,5522018,เลย,ด่านซ้าย,2025-06-01,84519.0
7,5522028,นครพนม,ธาตุพนม,2025-06-01,203491.0
7,5522027,นครพนม,นครพนม,2025-06-01,365882.0
7,5522021,บึงกาฬ,บึงกาฬ,2025-06-01,166497.0
7,5522014,อุดรธานี,บ้านดุง,2025-06-01,193796.0
7,5522013,อุดรธานี,บ้านผือ,2025-06-01,174427.0
7,5522029,นครพนม,บ้านแพง,2025-06-01,76071.0
7,5522026,สกลนคร,พังโคน,2025-06-01,213420.0
7,5522019,เลย,วังสะพุง,2025-06-01,188534.0
7,5522030,นครพนม,ศรีสงคราม,2025-06-01,108071.0
7,5522022,หนองคาย,ศรีเชียงใหม่,2025-06-01,97729.0
7,5522024,สกลนคร,สกลนคร,2025-06-01,614198.0
7,5522025,สกลนคร,สว่างแดนดิน,2025-06-01,181187.0
7,5522020,หนองคาย,หนองคาย,2025-06-01,582001.0
7,5522015,หนองบัวลำภู,หนองบัวลำภู,2025-06-01,304458.0
7,5522011,อุดรธานี,อุดรธานี,2025-06-01,2216215.0
7,5522017,เลย,เชียงคาน,2025-06-01,188297.0
7,5522016,เลย,เลย,2025-06-01,560803.0
7,5522023,หนองคาย,โพนพิสัย,2025-06-01,151489.0
8,5532029,ศรีสะเกษ,กันทรลักษ์,2025-06-01,119266.0
8,5532022,บุรีรัมย์,นางรอง,2025-06-01,235597.0
8,5532019,บุรีรัมย์,บุรีรัมย์,2025-06-01,881254.0
8,5532012,อุบลราชธานี,พิบูลมังสาหาร,2025-06-01,117162.0
8,5532018,ยโสธร,มหาชนะชัย,2025-06-01,106756.0
8,5532030,มุกดาหาร,มุกดาหาร,2025-06-01,482414.0
8,5532016,ยโสธร,ยโสธร,2025-06-01,299698.0
8,5532026,สุรินทร์,รัตนบุรี,2025-06-01,177882.0
8,5532023,บุรีรัมย์,ละหานทราย,2025-06-01,240614.0
8,5532021,บุรีรัมย์,ลำปลายมาศ,2025-06-01,112663.0
8,5532028,ศรีสะเกษ,ศรีสะเกษ,2025-06-01,778638.0
8,5532025,สุรินทร์,ศีขรภูมิ,2025-06-01,169681.0
8,5532020,บุรีรัมย์,สตึก,2025-06-01,133057.0
8,5532027,สุรินทร์,สังขะ,2025-06-01,204094.0
8,5532024,สุรินทร์,สุรินทร์,2025-06-01,866207.0
8,5532015,อำนาจเจริญ,อำนาจเจริญ,2025-06-01,253197.0
8,5532011,อุบลราชธานี,อุบลราชธานี,2025-06-01,1539858.0
8,5532014,อุบลราชธานี,เขมราฐ,2025-06-01,161907.0
8,5532013,อุบลราชธานี,เดชอุดม,2025-06-01,185967.0
8,5532017,ยโสธร,เลิงนกทา,2025-06-01,131121.0
9,5511017,เชียงใหม่,จอมทอง,2025-06-01,96699.0
9,5511031,พะเยา,จุน,2025-06-01,111749.0
9,5511029,น่าน,ท่าวังผา,2025-06-01,105363.0
9,5511028,น่าน,น่าน,2025-06-01,363985.0
9,5511021,ลำพูน,บ้านโฮ่ง,2025-06-01,19815.0
9,5511016,เชียงใหม่,ฝาง,2025-06-01,125284.0
9,5511030,พะเยา,พะเยา,2025-06-01,497018.0
9,5511033,เชียงราย,พาน,2025-06-01,162149.0
9,5511027,แพร่,ร้องกวาง,2025-06-01,62943.0
9,5511022,ลำปาง,ลำปาง,2025-06-01,876123.0
9,5511020,ลำพูน,ลำพูน,2025-06-01,364348.0
9,5511013,เชียงใหม่,สันกำแพง,2025-06-01,362373.0
9,5511012,เชียงใหม่,ฮอด,2025-06-01,66033.0
9,5511023,ลำปาง,เกาะคา,2025-06-01,106139.0
9,5511032,เชียงราย,เชียงราย,2025-06-01,806634.0
9,5511011,เชียงใหม่,เชียงใหม่,2025-06-01,3423610.0
9,5511026,แพร่,เด่นชัย,2025-06-01,104058.0
9,5511024,ลำปาง,เถิน,2025-06-01,127512.0
9,5511034,เชียงราย,เทิง,2025-06-01,57680.0
9,5511035,เชียงราย,เวียงเชียงของ,2025-06-01,88864.0
9,5511025,แพร่,แพร่,2025-06-01,243337.0
9,5511037,เชียงราย,แม่ขะจาน,2025-06-01,66877.0
9,5511014,เชียงใหม่,แม่ริม,2025-06-01,531175.0
9,5511019,แม่ฮ่องสอน,แม่สะเรียง,2025-06-01,125004.0
9,5511036,เชียงราย,แม่สาย,2025-06-01,446761.0
9,5511018,แม่ฮ่องสอน,แม่ฮ่องสอน,2025-06-01,181181.0
9,5511015,เชียงใหม่,แม่แตง,2025-06-01,155401.0
10,5512017,กำแพงเพชร,กำแพงเพชร,2025-06-01,562122.0
10,5512018,กำแพงเพชร,ขาณุวรลักษบุรี,2025-06-01,122821.0
10,5512034,เพชรบูรณ์,ชนแดน,2025-06-01,67575.0
10,5512015,ชัยนาท,ชัยนาท,2025-06-01,272181.0
10,5512031,พิจิตร,ตะพานหิน,2025-06-01,168045.0
10,5512019,ตาก,ตาก,2025-06-01,537075.0
10,5512022,สุโขทัย,ทุ่งเสลี่ยม,2025-06-01,67606.0
10,5512012,นครสวรรค์,ท่าตะโก,2025-06-01,222430.0
10,5512011,นครสวรรค์,นครสวรรค์,2025-06-01,659100.0
10,5512028,พิษณุโลก,นครไทย,2025-06-01,101369.0
10,5512030,พิจิตร,บางมูลนาก,2025-06-01,101890.0
10,5512014,นครสวรรค์,พยุหะคีรี,2025-06-01,216066.0
10,5512029,พิจิตร,พิจิตร,2025-06-01,534611.0
10,5512027,พิษณุโลก,พิษณุโลก,2025-06-01,633262.0
10,5512013,นครสวรรค์,ลาดยาว,2025-06-01,128809.0
10,5512036,เพชรบูรณ์,วิเชียรบุรี,2025-06-01,144780.0
10,5512025,สุโขทัย,ศรีสัชนาลัย,2025-06-01,128780.0
10,5512023,สุโขทัย,ศรีสำโรง,2025-06-01,50899.0
10,5512024,สุโขทัย,สวรรคโลก,2025-06-01,132106.0
10,5512021,สุโขทัย,สุโขทัย,2025-06-01,398698.0
10,5512035,เพชรบูรณ์,หนองไผ่,2025-06-01,145064.0
10,5512033,เพชรบูรณ์,หล่มสัก,2025-06-01,236821.0
10,5512026,อุตรดิตถ์,อุตรดิตถ์,2025-06-01,82216.0
10,5512016,อุทัยธานี,อุทัยธานี,2025-06-01,229677.0
10,5512032,เพชรบูรณ์,เพชรบูรณ์,2025-06-01,373530.0
10,5512020,ตาก,แม่สอด,2025-06-01,876443.0
1,5531032,ปราจีนบุรี,กบินทร์บุรี,2025-07-01,298432.0
1,5531025,จันทบุรี,ขลุง,2025-07-01,256731.0
1,5531027,ตราด,คลองใหญ่,2025-07-01,63276.0
1,5531024,จันทบุรี,จันทบุรี,2025-07-01,1217233.0
1,5531017,ฉะเชิงเทรา,ฉะเชิงเทรา,2025-07-01,870779.0
1,5531011,ชลบุรี,ชลบุรี,2025-07-01,3742069.0
1,5531026,ตราด,ตราด,2025-07-01,507473.0
1,5531019,ฉะเชิงเทรา,บางคล้า,2025-07-01,1717464.58
1,5531018,ฉะเชิงเทรา,บางปะกง,2025-07-01,1139899.0
1,5531022,ระยอง,บ้านฉาง,2025-07-01,2356276.0
1,5531013,ชลบุรี,บ้านบึง,2025-07-01,1309841.0
1,5531031,ปราจีนบุรี,ปราจีนบุรี,2025-07-01,789533.6
1,5531023,ระยอง,ปากน้ำประแสร์,2025-07-01,433764.0
1,5531020,ฉะเชิงเทรา,พนมสารคาม,2025-07-01,551826.0
1,5531014,ชลบุรี,พนัสนิคม,2025-07-01,1698612.0
1,5531012,ชลบุรี,พัทยา,2025-07-01,4519218.09
1,5531021,ระยอง,ระยอง,2025-07-01,1650343.0
1,5531029,สระแก้ว,วัฒนานคร,2025-07-01,109160.0
1,5531015,ชลบุรี,ศรีราชา,2025-07-01,1535917.0
1,5531028,สระแก้ว,สระแก้ว,2025-07-01,298875.0
1,5531030,สระแก้ว,อรัญประเทศ,2025-07-01,378137.0
1,5531016,ชลบุรี,แหลมฉบัง,2025-07-01,1993465.0
2,5541031,นครราชสีมา,ครบุรี,2025-07-01,144428.0
2,5541039,ปทุมธานี,คลองหลวง,2025-07-01,2850391.0
2,5541017,ลพบุรี,ชัยบาดาล,2025-07-01,205870.0
2,5541036,นครราชสีมา,ชุมพวง,2025-07-01,95332.0
2,5541038,นครราชสีมา,ด่านขุนทด,2025-07-01,162983.0
2,5541024,พระนครศรีอยุธยา,ท่าเรือ,2025-07-01,140483.0
2,5541040,ปทุมธานี,ธัญบุรี,2025-07-01,1842831.0
2,5541027,นครนายก,นครนายก,2025-07-01,354120.0
2,5541029,นครราชสีมา,นครราชสีมา,2025-07-01,883621.0
2,5541028,นครนายก,บ้านนา,2025-07-01,288443.0
2,5541014,สระบุรี,บ้านหมอ,2025-07-01,86293.0
2,5541016,ลพบุรี,บ้านหมี่,2025-07-01,322371.0
2,5541025,ปทุมธานี,ปทุมธานี,2025-07-01,2290419.0
2,5541033,นครราชสีมา,ปักธงชัย,2025-07-01,233877.0
2,5541030,นครราชสีมา,ปากช่อง,2025-07-01,407469.0
2,5541022,พระนครศรีอยุธยา,ผักไห่,2025-07-01,39260.0
2,5541021,พระนครศรีอยุธยา,พระนครศรีอยุธยา,2025-07-01,2403512.0
2,5541011,สระบุรี,พระพุทธบาท,2025-07-01,384787.0
2,5541035,นครราชสีมา,พิมาย,2025-07-01,221886.0
2,5541013,สระบุรี,มวกเหล็ก,2025-07-01,477889.0
2,5541026,ปทุมธานี,รังสิต,2025-07-01,4076257.0
2,5541015,ลพบุรี,ลพบุรี,2025-07-01,1254143.0
2,5541020,อ่างทอง,วิเศษชัยชาญ,2025-07-01,82793.0
2,5541018,สิงห์บุรี,สิงห์บุรี,2025-07-01,224857.0
2,5541032,นครราชสีมา,สีคิ้ว,2025-07-01,783284.0
2,5541012,สระบุรี,หนองแค,2025-07-01,880231.0
2,5541019,อ่างทอง,อ่างทอง,2025-07-01,242026.0
2,5541023,พระนครศรีอยุธยา,เสนา,2025-07-01,236652.0
2,5541034,นครราชสีมา,โชคชัย,2025-07-01,306012.0
2,5541037,นครราชสีมา,โนนสูง,2025-07-01,139738.0
3,5542024,กาญจนบุรี,กาญจนบุรี,2025-07-01,661153.0
3,5542031,ประจวบคีรีขันธ์,กุยบุรี,2025-07-01,364032.0
3,5542022,สุพรรณบุรี,ด่านช้าง,2025-07-01,125178.0
3,5542027,กาญจนบุรี,ท่ามะกา,2025-07-01,214215.0
3,5542033,นครปฐม,นครปฐม,2025-07-01,589226.0
3,5542032,ประจวบคีรีขันธ์,บางสะพาน,2025-07-01,225675.0
3,5542011,ราชบุรี,บ้านโป่ง,2025-07-01,203763.0
3,5542029,ประจวบคีรีขันธ์,ประจวบคีรีขันธ์,2025-07-01,313113.0
3,5542030,ประจวบคีรีขันธ์,ปราณบุรี,2025-07-01,849196.0
3,5542013,ราชบุรี,ปากท่อ,2025-07-01,490280.0
3,5542026,กาญจนบุรี,พนมทวน,2025-07-01,166017.0
3,5542014,ราชบุรี,ราชบุรี,2025-07-01,668016.32
3,5542020,สุพรรณบุรี,ศรีประจันต์,2025-07-01,89573.0
3,5542015,สมุทรสงคราม,สมุทรสงคราม,2025-07-01,903450.0
3,5542016,สมุทรสาคร,สมุทรสาคร,2025-07-01,5606988.0
3,5542012,ราชบุรี,สวนผึ้ง,2025-07-01,120109.0
3,5542018,นครปฐม,สามพราน,2025-07-01,1071622.0
3,5542019,สุพรรณบุรี,สุพรรณบุรี,2025-07-01,579817.0
3,5542023,สุพรรณบุรี,อู่ทอง,2025-07-01,379443.0
3,5542017,สมุทรสาคร,อ้อมน้อย,2025-07-01,2602761.0
3,5542021,สุพรรณบุรี,เดิมบางนางบวช,2025-07-01,186766.0
3,5542028,เพชรบุรี,เพชรบุรี,2025-07-01,1257161.0
3,5542025,กาญจนบุรี,เลาขวัญ,2025-07-01,133537.0
4,5551025,กระบี่,กระบี่,2025-07-01,856584.0
4,5551012,สุราษฎร์ธานี,กาญจนดิษฐ์,2025-07-01,298158.0
4,5551031,นครศรีธรรมราช,ขนอม,2025-07-01,132410.0
4,5551034,กระบี่,คลองท่อม,2025-07-01,106528.0
4,5551030,นครศรีธรรมราช,จันดี,2025-07-01,130764.0
4,5551028,นครศรีธรรมราช,ชะอวด,2025-07-01,95199.0
4,5551017,ชุมพร,ชุมพร,2025-07-01,819985.0
4,5551022,พังงา,ตะกั่วป่า,2025-07-01,144823.0
4,5551027,นครศรีธรรมราช,ทุ่งสง,2025-07-01,487690.0
4,5551019,ชุมพร,ท่าแซะ,2025-07-01,84900.0
4,5551023,พังงา,ท้ายเหมือง,2025-07-01,87276.0
4,5551032,นครศรีธรรมราช,นครศรีธรรมราช,2025-07-01,237556.0
4,5551015,สุราษฎร์ธานี,บ้านตาขุน,2025-07-01,85399.0
4,5551029,นครศรีธรรมราช,ปากพนัง,2025-07-01,244255.0
4,5551021,พังงา,พังงา,2025-07-01,229070.0
4,5551024,ภูเก็ต,ภูเก็ต,2025-07-01,2074226.0
4,5551020,ระนอง,ระนอง,2025-07-01,443158.0
4,5551011,สุราษฎร์ธานี,สุราษฎร์ธานี,2025-07-01,1768962.0
4,5551018,ชุมพร,หลังสวน,2025-07-01,352260.0
4,5551026,กระบี่,อ่าวลึก,2025-07-01,89931.0
4,5551033,สุราษฎร์ธานี,เกาะพะงัน,2025-07-01,114545.0
4,5551013,สุราษฎร์ธานี,เกาะสมุย,2025-07-01,639002.0
4,5551014,สุราษฎร์ธานี,เวียงสระ,2025-07-01,168337.0
4,5551016,สุราษฎร์ธานี,ไชยา,2025-07-01,91934.0
5,5552021,ตรัง,กันตัง,2025-07-01,232087.0
5,5552018,ตรัง,ตรัง,2025-07-01,364354.0
5,5552027,นราธิวาส,นราธิวาส,2025-07-01,503843.0
5,5552014,สงขลา,นาทวี,2025-07-01,87243.0
5,5552030,สงขลา,พังลา,2025-07-01,93726.0
5,5552016,พัทลุง,พัทลุง,2025-07-01,372574.0
5,5552024,ยะลา,ยะหา,2025-07-01,59122.0
5,5552020,ตรัง,ย่านตาขาว,2025-07-01,128212.0
5,5552015,สงขลา,ระโนด,2025-07-01,43870.0
5,5552028,นราธิวาส,รือเสาะ,2025-07-01,45829.0
5,5552023,สตูล,ละงู,2025-07-01,188097.0
5,5552011,สงขลา,สงขลา,2025-07-01,1514344.0
5,5552022,สตูล,สตูล,2025-07-01,352832.0
5,5552013,สงขลา,สะเดา,2025-07-01,462749.0
5,5552026,ปัตตานี,สายบุรี,2025-07-01,47009.0
5,5552029,นราธิวาส,สุไหงโก-ลก,2025-07-01,249766.0
5,5552012,สงขลา,หาดใหญ่,2025-07-01,2097837.0
5,5552019,ตรัง,ห้วยยอด,2025-07-01,183028.0
5,5552017,พัทลุง,เขาชัยสน,2025-07-01,47879.0
5,5552025,ยะลา,เบตง,2025-07-01,237301.0
6,5521016,ขอนแก่น,กระนวน,2025-07-01,243700.0
6,5521019,กาฬสินธุ์,กาฬสินธุ์,2025-07-01,527131.0
6,5521020,กาฬสินธุ์,กุฉินารายณ์,2025-07-01,89238.0
6,5521011,ขอนแก่น,ขอนแก่น,2025-07-01,2942690.0
6,5521026,ชัยภูมิ,จัตุรัส,2025-07-01,272437.0
6,5521015,ขอนแก่น,ชนบท,2025-07-01,261012.0
6,5521024,ชัยภูมิ,ชัยภูมิ,2025-07-01,787086.0
6,5521013,ขอนแก่น,ชุมแพ,2025-07-01,338166.0
6,5521014,ขอนแก่น,น้ำพอง,2025-07-01,421838.28
6,5521029,ชัยภูมิ,บำเหน็จณรงค์,2025-07-01,227473.0
6,5521012,ขอนแก่น,บ้านไผ่,2025-07-01,301504.0
6,5521023,มหาสารคาม,พยัคฆภูมิพิสัย,2025-07-01,138942.0
6,5521028,ชัยภูมิ,ภูเขียว,2025-07-01,204945.0
6,5521022,มหาสารคาม,มหาสารคาม,2025-07-01,1106020.0
6,5521030,ร้อยเอ็ด,ร้อยเอ็ด,2025-07-01,706346.0
6,5521021,กาฬสินธุ์,สมเด็จ,2025-07-01,126909.0
6,5521032,ร้อยเอ็ด,สุวรรณภูมิ,2025-07-01,114087.0
6,5521027,ชัยภูมิ,หนองบัวแดง,2025-07-01,124888.0
6,5521017,ขอนแก่น,หนองเรือ,2025-07-01,194651.0
6,5521018,ขอนแก่น,เมืองพล,2025-07-01,203396.0
6,5521025,ชัยภูมิ,แก้งคร้อ,2025-07-01,197327.0
6,5521031,ร้อยเอ็ด,โพนทอง,2025-07-01,158545.0
7,5522012,อุดรธานี,กุมภวาปี,2025-07-01,303079.0
7,5522018,เลย,ด่านซ้าย,2025-07-01,88888.0
7,5522028,นครพนม,ธาตุพนม,2025-07-01,189112.0
7,5522027,นครพนม,นครพนม,2025-07-01,354213.0
7,5522021,บึงกาฬ,บึงกาฬ,2025-07-01,153369.0
7,5522014,อุดรธานี,บ้านดุง,2025-07-01,184715.0
7,5522013,อุดรธานี,บ้านผือ,2025-07-01,164095.0
7,5522029,นครพนม,บ้านแพง,2025-07-01,70886.0
7,5522026,สกลนคร,พังโคน,2025-07-01,195334.0
7,5522019,เลย,วังสะพุง,2025-07-01,173789.0
7,5522030,นครพนม,ศรีสงคราม,2025-07-01,106373.0
7,5522022,หนองคาย,ศรีเชียงใหม่,2025-07-01,90131.0
7,5522024,สกลนคร,สกลนคร,2025-07-01,591827.0
7,5522025,สกลนคร,สว่างแดนดิน,2025-07-01,178568.0
7,5522020,หนองคาย,หนองคาย,2025-07-01,541447.0
7,5522015,หนองบัวลำภู,หนองบัวลำภู,2025-07-01,282817.0
7,5522011,อุดรธานี,อุดรธานี,2025-07-01,2151933.0
7,5522017,เลย,เชียงคาน,2025-07-01,171669.0
7,5522016,เลย,เลย,2025-07-01,532645.0
7,5522023,หนองคาย,โพนพิสัย,2025-07-01,144428.0
8,5532029,ศรีสะเกษ,กันทรลักษ์,2025-07-01,111467.0
8,5532022,บุรีรัมย์,นางรอง,2025-07-01,224070.0
8,5532019,บุรีรัมย์,บุรีรัมย์,2025-07-01,862172.0
8,5532012,อุบลราชธานี,พิบูลมังสาหาร,2025-07-01,107676.0
8,5532018,ยโสธร,มหาชนะชัย,2025-07-01,100781.0
8,5532030,มุกดาหาร,มุกดาหาร,2025-07-01,440149.0
8,5532016,ยโสธร,ยโสธร,2025-07-01,282263.0
8,5532026,สุรินทร์,รัตนบุรี,2025-07-01,170659.0
8,5532023,บุรีรัมย์,ละหานทราย,2025-07-01,221008.0
8,5532021,บุรีรัมย์,ลำปลายมาศ,2025-07-01,107964.0
8,5532028,ศรีสะเกษ,ศรีสะเกษ,2025-07-01,738133.0
8,5532025,สุรินทร์,ศีขรภูมิ,2025-07-01,154217.0
8,5532020,บุรีรัมย์,สตึก,2025-07-01,121206.0
8,5532027,สุรินทร์,สังขะ,2025-07-01,188341.0
8,5532024,สุรินทร์,สุรินทร์,2025-07-01,837480.0
8,5532015,อำนาจเจริญ,อำนาจเจริญ,2025-07-01,237662.0
8,5532011,อุบลราชธานี,อุบลราชธานี,2025-07-01,1473927.0
8,5532014,อุบลราชธานี,เขมราฐ,2025-07-01,146263.0
8,5532013,อุบลราชธานี,เดชอุดม,2025-07-01,170470.0
8,5532017,ยโสธร,เลิงนกทา,2025-07-01,118002.0
9,5511017,เชียงใหม่,จอมทอง,2025-07-01,92252.0
9,5511031,พะเยา,จุน,2025-07-01,110256.0
9,5511029,น่าน,ท่าวังผา,2025-07-01,98385.0
9,5511028,น่าน,น่าน,2025-07-01,351666.0
9,5511021,ลำพูน,บ้านโฮ่ง,2025-07-01,19659.0
9,5511016,เชียงใหม่,ฝาง,2025-07-01,121176.0
9,5511030,พะเยา,พะเยา,2025-07-01,506875.0
9,5511033,เชียงราย,พาน,2025-07-01,157138.0
9,5511027,แพร่,ร้องกวาง,2025-07-01,58293.0
9,5511022,ลำปาง,ลำปาง,2025-07-01,843806.0
9,5511020,ลำพูน,ลำพูน,2025-07-01,344519.0
9,5511013,เชียงใหม่,สันกำแพง,2025-07-01,336583.0
9,5511012,เชียงใหม่,ฮอด,2025-07-01,62531.0
9,5511023,ลำปาง,เกาะคา,2025-07-01,103716.0
9,5511032,เชียงราย,เชียงราย,2025-07-01,782244.5
9,5511011,เชียงใหม่,เชียงใหม่,2025-07-01,3332550.0
9,5511026,แพร่,เด่นชัย,2025-07-01,98535.0
9,5511024,ลำปาง,เถิน,2025-07-01,125084.0
9,5511034,เชียงราย,เทิง,2025-07-01,55353.0
9,5511035,เชียงราย,เวียงเชียงของ,2025-07-01,83612.0
9,5511025,แพร่,แพร่,2025-07-01,233490.0
9,5511037,เชียงราย,แม่ขะจาน,2025-07-01,63269.0
9,5511014,เชียงใหม่,แม่ริม,2025-07-01,511693.0
9,5511019,แม่ฮ่องสอน,แม่สะเรียง,2025-07-01,119916.0
9,5511036,เชียงราย,แม่สาย,2025-07-01,411913.0
9,5511018,แม่ฮ่องสอน,แม่ฮ่องสอน,2025-07-01,171205.0
9,5511015,เชียงใหม่,แม่แตง,2025-07-01,162442.0
10,5512017,กำแพงเพชร,กำแพงเพชร,2025-07-01,536880.0
10,5512018,กำแพงเพชร,ขาณุวรลักษบุรี,2025-07-01,111049.0
10,5512034,เพชรบูรณ์,ชนแดน,2025-07-01,69132.0
10,5512015,ชัยนาท,ชัยนาท,2025-07-01,259303.0
10,5512031,พิจิตร,ตะพานหิน,2025-07-01,159172.0
10,5512019,ตาก,ตาก,2025-07-01,529282.0
10,5512022,สุโขทัย,ทุ่งเสลี่ยม,2025-07-01,64557.0
10,5512012,นครสวรรค์,ท่าตะโก,2025-07-01,209802.0
10,5512011,นครสวรรค์,นครสวรรค์,2025-07-01,622013.0
10,5512028,พิษณุโลก,นครไทย,2025-07-01,97355.0
10,5512030,พิจิตร,บางมูลนาก,2025-07-01,96628.0
10,5512014,นครสวรรค์,พยุหะคีรี,2025-07-01,207144.0
10,5512029,พิจิตร,พิจิตร,2025-07-01,502461.0
10,5512027,พิษณุโลก,พิษณุโลก,2025-07-01,620470.0
10,5512013,นครสวรรค์,ลาดยาว,2025-07-01,119385.0
10,5512036,เพชรบูรณ์,วิเชียรบุรี,2025-07-01,141664.0
10,5512025,สุโขทัย,ศรีสัชนาลัย,2025-07-01,123714.0
10,5512023,สุโขทัย,ศรีสำโรง,2025-07-01,48700.0
10,5512024,สุโขทัย,สวรรคโลก,2025-07-01,120344.0
10,5512021,สุโขทัย,สุโขทัย,2025-07-01,367664.0
10,5512035,เพชรบูรณ์,หนองไผ่,2025-07-01,135603.0
10,5512033,เพชรบูรณ์,หล่มสัก,2025-07-01,222450.0
10,5512026,อุตรดิตถ์,อุตรดิตถ์,2025-07-01,74493.0
10,5512016,อุทัยธานี,อุทัยธานี,2025-07-01,219690.0
10,5512032,เพชรบูรณ์,เพชรบูรณ์,2025-07-01,355294.0
10,5512020,ตาก,แม่สอด,2025-07-01,793492.0
1,5531032,ปราจีนบุรี,กบินทร์บุรี,2025-08-01,319476.0
1,5531025,จันทบุรี,ขลุง,2025-08-01,254028.0
1,5531027,ตราด,คลองใหญ่,2025-08-01,64404.0
1,5531024,จันทบุรี,จันทบุรี,2025-08-01,1229568.0
1,5531017,ฉะเชิงเทรา,ฉะเชิงเทรา,2025-08-01,880858.0
1,5531011,ชลบุรี,ชลบุรี,2025-08-01,3934819.0
1,5531026,ตราด,ตราด,2025-08-01,519929.0
1,5531019,ฉะเชิงเทรา,บางคล้า,2025-08-01,1751791.0
1,5531018,ฉะเชิงเทรา,บางปะกง,2025-08-01,1180275.0
1,5531022,ระยอง,บ้านฉาง,2025-08-01,2448229.29
1,5531013,ชลบุรี,บ้านบึง,2025-08-01,1347690.0
1,5531031,ปราจีนบุรี,ปราจีนบุรี,2025-08-01,808573.0
1,5531023,ระยอง,ปากน้ำประแสร์,2025-08-01,458117.0
1,5531020,ฉะเชิงเทรา,พนมสารคาม,2025-08-01,565280.0
1,5531014,ชลบุรี,พนัสนิคม,2025-08-01,1794306.0
1,5531012,ชลบุรี,พัทยา,2025-08-01,4792447.14
1,5531021,ระยอง,ระยอง,2025-08-01,1696787.15
1,5531029,สระแก้ว,วัฒนานคร,2025-08-01,110168.0
1,5531015,ชลบุรี,ศรีราชา,2025-08-01,1621862.0
1,5531028,สระแก้ว,สระแก้ว,2025-08-01,314031.0
1,5531030,สระแก้ว,อรัญประเทศ,2025-08-01,357166.0
1,5531016,ชลบุรี,แหลมฉบัง,2025-08-01,2111272.0
2,5541031,นครราชสีมา,ครบุรี,2025-08-01,149664.0
2,5541039,ปทุมธานี,คลองหลวง,2025-08-01,2966527.0
2,5541017,ลพบุรี,ชัยบาดาล,2025-08-01,202151.0
2,5541036,นครราชสีมา,ชุมพวง,2025-08-01,97974.0
2,5541038,นครราชสีมา,ด่านขุนทด,2025-08-01,178258.0
2,5541024,พระนครศรีอยุธยา,ท่าเรือ,2025-08-01,141319.0
2,5541040,ปทุมธานี,ธัญบุรี,2025-08-01,1907818.0
2,5541027,นครนายก,นครนายก,2025-08-01,360910.0
2,5541029,นครราชสีมา,นครราชสีมา,2025-08-01,942351.0
2,5541028,นครนายก,บ้านนา,2025-08-01,305971.0
2,5541014,สระบุรี,บ้านหมอ,2025-08-01,85515.0
2,5541016,ลพบุรี,บ้านหมี่,2025-08-01,329405.0
2,5541025,ปทุมธานี,ปทุมธานี,2025-08-01,2342896.0
2,5541033,นครราชสีมา,ปักธงชัย,2025-08-01,244005.0
2,5541030,นครราชสีมา,ปากช่อง,2025-08-01,419457.0
2,5541022,พระนครศรีอยุธยา,ผักไห่,2025-08-01,41733.0
2,5541021,พระนครศรีอยุธยา,พระนครศรีอยุธยา,2025-08-01,2459330.0
2,5541011,สระบุรี,พระพุทธบาท,2025-08-01,396664.0
2,5541035,นครราชสีมา,พิมาย,2025-08-01,229625.0
2,5541013,สระบุรี,มวกเหล็ก,2025-08-01,520060.0
2,5541026,ปทุมธานี,รังสิต,2025-08-01,4191988.0
2,5541015,ลพบุรี,ลพบุรี,2025-08-01,1239332.0
2,5541020,อ่างทอง,วิเศษชัยชาญ,2025-08-01,84673.0
2,5541018,สิงห์บุรี,สิงห์บุรี,2025-08-01,234072.0
2,5541032,นครราชสีมา,สีคิ้ว,2025-08-01,857023.0
2,5541012,สระบุรี,หนองแค,2025-08-01,903327.0
2,5541019,อ่างทอง,อ่างทอง,2025-08-01,251967.0
2,5541023,พระนครศรีอยุธยา,เสนา,2025-08-01,249079.0
2,5541034,นครราชสีมา,โชคชัย,2025-08-01,311344.0
2,5541037,นครราชสีมา,โนนสูง,2025-08-01,141893.0
3,5542024,กาญจนบุรี,กาญจนบุรี,2025-08-01,691508.0
3,5542031,ประจวบคีรีขันธ์,กุยบุรี,2025-08-01,378486.0
3,5542022,สุพรรณบุรี,ด่านช้าง,2025-08-01,133129.0
3,5542027,กาญจนบุรี,ท่ามะกา,2025-08-01,220983.0
3,5542033,นครปฐม,นครปฐม,2025-08-01,616567.0
3,5542032,ประจวบคีรีขันธ์,บางสะพาน,2025-08-01,237615.0
3,5542011,ราชบุรี,บ้านโป่ง,2025-08-01,209691.0
3,5542029,ประจวบคีรีขันธ์,ประจวบคีรีขันธ์,2025-08-01,331301.0
3,5542030,ประจวบคีรีขันธ์,ปราณบุรี,2025-08-01,928096.0
3,5542013,ราชบุรี,ปากท่อ,2025-08-01,508768.0
3,5542026,กาญจนบุรี,พนมทวน,2025-08-01,170725.0
3,5542014,ราชบุรี,ราชบุรี,2025-08-01,704647.64
3,5542020,สุพรรณบุรี,ศรีประจันต์,2025-08-01,92904.0
3,5542015,สมุทรสงคราม,สมุทรสงคราม,2025-08-01,952371.0
3,5542016,สมุทรสาคร,สมุทรสาคร,2025-08-01,5768318.0
3,5542012,ราชบุรี,สวนผึ้ง,2025-08-01,123822.0
3,5542018,นครปฐม,สามพราน,2025-08-01,1095572.0
3,5542019,สุพรรณบุรี,สุพรรณบุรี,2025-08-01,594669.0
3,5542023,สุพรรณบุรี,อู่ทอง,2025-08-01,391154.0
3,5542017,สมุทรสาคร,อ้อมน้อย,2025-08-01,2726289.0
3,5542021,สุพรรณบุรี,เดิมบางนางบวช,2025-08-01,195375.0
3,5542028,เพชรบุรี,เพชรบุรี,2025-08-01,1290861.0
3,5542025,กาญจนบุรี,เลาขวัญ,2025-08-01,135323.0
4,5551025,กระบี่,กระบี่,2025-08-01,870630.0
4,5551012,สุราษฎร์ธานี,กาญจนดิษฐ์,2025-08-01,311646.57
4,5551031,นครศรีธรรมราช,ขนอม,2025-08-01,149077.0
4,5551034,กระบี่,คลองท่อม,2025-08-01,112737.0
4,5551030,นครศรีธรรมราช,จันดี,2025-08-01,133868.0
4,5551028,นครศรีธรรมราช,ชะอวด,2025-08-01,99617.0
4,5551017,ชุมพร,ชุมพร,2025-08-01,864413.0
4,5551022,พังงา,ตะกั่วป่า,2025-08-01,163117.0
4,5551027,นครศรีธรรมราช,ทุ่งสง,2025-08-01,501379.0
4,5551019,ชุมพร,ท่าแซะ,2025-08-01,89784.0
4,5551023,พังงา,ท้ายเหมือง,2025-08-01,94857.0
4,5551032,นครศรีธรรมราช,นครศรีธรรมราช,2025-08-01,254946.0
4,5551015,สุราษฎร์ธานี,บ้านตาขุน,2025-08-01,90714.0
4,5551029,นครศรีธรรมราช,ปากพนัง,2025-08-01,258062.0
4,5551021,พังงา,พังงา,2025-08-01,241519.0
4,5551024,ภูเก็ต,ภูเก็ต,2025-08-01,2217594.0
4,5551020,ระนอง,ระนอง,2025-08-01,466945.0
4,5551011,สุราษฎร์ธานี,สุราษฎร์ธานี,2025-08-01,1841849.29
4,5551018,ชุมพร,หลังสวน,2025-08-01,420472.0
4,5551026,กระบี่,อ่าวลึก,2025-08-01,97191.0
4,5551033,สุราษฎร์ธานี,เกาะพะงัน,2025-08-01,135642.0
4,5551013,สุราษฎร์ธานี,เกาะสมุย,2025-08-01,683450.0
4,5551014,สุราษฎร์ธานี,เวียงสระ,2025-08-01,181099.0
4,5551016,สุราษฎร์ธานี,ไชยา,2025-08-01,94242.0
5,5552021,ตรัง,กันตัง,2025-08-01,247597.0
5,5552018,ตรัง,ตรัง,2025-08-01,388871.0
5,5552027,นราธิวาส,นราธิวาส,2025-08-01,528547.0
5,5552014,สงขลา,นาทวี,2025-08-01,90394.0
5,5552030,สงขลา,พังลา,2025-08-01,97940.0
5,5552016,พัทลุง,พัทลุง,2025-08-01,401471.0
5,5552024,ยะลา,ยะหา,2025-08-01,67674.0
5,5552020,ตรัง,ย่านตาขาว,2025-08-01,133849.0
5,5552015,สงขลา,ระโนด,2025-08-01,45924.0
5,5552028,นราธิวาส,รือเสาะ,2025-08-01,51905.4
5,5552023,สตูล,ละงู,2025-08-01,199319.0
5,5552011,สงขลา,สงขลา,2025-08-01,1650369.0
5,5552022,สตูล,สตูล,2025-08-01,358652.0
5,5552013,สงขลา,สะเดา,2025-08-01,473619.0
5,5552026,ปัตตานี,สายบุรี,2025-08-01,51680.0
5,5552029,นราธิวาส,สุไหงโก-ลก,2025-08-01,256672.0
5,5552012,สงขลา,หาดใหญ่,2025-08-01,2244461.0
5,5552019,ตรัง,ห้วยยอด,2025-08-01,193357.0
5,5552017,พัทลุง,เขาชัยสน,2025-08-01,50582.0
5,5552025,ยะลา,เบตง,2025-08-01,253731.0
6,5521016,ขอนแก่น,กระนวน,2025-08-01,235506.0
6,5521019,กาฬสินธุ์,กาฬสินธุ์,2025-08-01,551116.0
6,5521020,กาฬสินธุ์,กุฉินารายณ์,2025-08-01,85290.0
6,5521011,ขอนแก่น,ขอนแก่น,2025-08-01,3064313.0
6,5521026,ชัยภูมิ,จัตุรัส,2025-08-01,272070.0
6,5521015,ขอนแก่น,ชนบท,2025-08-01,268389.0
6,5521024,ชัยภูมิ,ชัยภูมิ,2025-08-01,816665.0
6,5521013,ขอนแก่น,ชุมแพ,2025-08-01,352142.0
6,5521014,ขอนแก่น,น้ำพอง,2025-08-01,435516.0
6,5521029,ชัยภูมิ,บำเหน็จณรงค์,2025-08-01,230739.0
6,5521012,ขอนแก่น,บ้านไผ่,2025-08-01,312062.0
6,5521023,มหาสารคาม,พยัคฆภูมิพิสัย,2025-08-01,142742.94
6,5521028,ชัยภูมิ,ภูเขียว,2025-08-01,209199.0
6,5521022,มหาสารคาม,มหาสารคาม,2025-08-01,1153136.0
6,5521030,ร้อยเอ็ด,ร้อยเอ็ด,2025-08-01,727074.0
6,5521021,กาฬสินธุ์,สมเด็จ,2025-08-01,124057.0
6,5521032,ร้อยเอ็ด,สุวรรณภูมิ,2025-08-01,114757.0
6,5521027,ชัยภูมิ,หนองบัวแดง,2025-08-01,127352.0
6,5521017,ขอนแก่น,หนองเรือ,2025-08-01,205253.0
6,5521018,ขอนแก่น,เมืองพล,2025-08-01,212959.0
6,5521025,ชัยภูมิ,แก้งคร้อ,2025-08-01,202440.0
6,5521031,ร้อยเอ็ด,โพนทอง,2025-08-01,147856.0
7,5522012,อุดรธานี,กุมภวาปี,2025-08-01,306580.0
7,5522018,เลย,ด่านซ้าย,2025-08-01,83551.0
7,5522028,นครพนม,ธาตุพนม,2025-08-01,188910.0
7,5522027,นครพนม,นครพนม,2025-08-01,351082.0
7,5522021,บึงกาฬ,บึงกาฬ,2025-08-01,155957.0
7,5522014,อุดรธานี,บ้านดุง,2025-08-01,181201.0
7,5522013,อุดรธานี,บ้านผือ,2025-08-01,161069.0
7,5522029,นครพนม,บ้านแพง,2025-08-01,70011.0
7,5522026,สกลนคร,พังโคน,2025-08-01,196049.0
7,5522019,เลย,วังสะพุง,2025-08-01,175775.0
7,5522030,นครพนม,ศรีสงคราม,2025-08-01,98021.0
7,5522022,หนองคาย,ศรีเชียงใหม่,2025-08-01,90337.0
7,5522024,สกลนคร,สกลนคร,2025-08-01,616737.0
7,5522025,สกลนคร,สว่างแดนดิน,2025-08-01,166941.0
7,5522020,หนองคาย,หนองคาย,2025-08-01,543187.0
7,5522015,หนองบัวลำภู,หนองบัวลำภู,2025-08-01,295307.0
7,5522011,อุดรธานี,อุดรธานี,2025-08-01,2197126.0
7,5522017,เลย,เชียงคาน,2025-08-01,175593.0
7,5522016,เลย,เลย,2025-08-01,537333.81
7,5522023,หนองคาย,โพนพิสัย,2025-08-01,140491.0
8,5532029,ศรีสะเกษ,กันทรลักษ์,2025-08-01,105485.0
8,5532022,บุรีรัมย์,นางรอง,2025-08-01,236124.0
8,5532019,บุรีรัมย์,บุรีรัมย์,2025-08-01,883863.0
8,5532012,อุบลราชธานี,พิบูลมังสาหาร,2025-08-01,110365.0
8,5532018,ยโสธร,มหาชนะชัย,2025-08-01,99555.0
8,5532030,มุกดาหาร,มุกดาหาร,2025-08-01,436669.0
8,5532016,ยโสธร,ยโสธร,2025-08-01,293183.0
8,5532026,สุรินทร์,รัตนบุรี,2025-08-01,176553.0
8,5532023,บุรีรัมย์,ละหานทราย,2025-08-01,233322.0
8,5532021,บุรีรัมย์,ลำปลายมาศ,2025-08-01,112413.0
8,5532028,ศรีสะเกษ,ศรีสะเกษ,2025-08-01,759729.0
8,5532025,สุรินทร์,ศีขรภูมิ,2025-08-01,159945.0
8,5532020,บุรีรัมย์,สตึก,2025-08-01,125921.0
8,5532027,สุรินทร์,สังขะ,2025-08-01,176846.0
8,5532024,สุรินทร์,สุรินทร์,2025-08-01,854033.0
8,5532015,อำนาจเจริญ,อำนาจเจริญ,2025-08-01,243213.0
8,5532011,อุบลราชธานี,อุบลราชธานี,2025-08-01,1551117.0
8,5532014,อุบลราชธานี,เขมราฐ,2025-08-01,150016.0
8,5532013,อุบลราชธานี,เดชอุดม,2025-08-01,188084.0
8,5532017,ยโสธร,เลิงนกทา,2025-08-01,117852.0
9,5511017,เชียงใหม่,จอมทอง,2025-08-01,92011.0
9,5511031,พะเยา,จุน,2025-08-01,114017.0
9,5511029,น่าน,ท่าวังผา,2025-08-01,105864.0
9,5511028,น่าน,น่าน,2025-08-01,405533.0
9,5511021,ลำพูน,บ้านโฮ่ง,2025-08-01,19784.0
9,5511016,เชียงใหม่,ฝาง,2025-08-01,119946.0
9,5511030,พะเยา,พะเยา,2025-08-01,511588.0
9,5511033,เชียงราย,พาน,2025-08-01,154642.0
9,5511027,แพร่,ร้องกวาง,2025-08-01,58464.0
9,5511022,ลำปาง,ลำปาง,2025-08-01,853901.0
9,5511020,ลำพูน,ลำพูน,2025-08-01,349515.0
9,5511013,เชียงใหม่,สันกำแพง,2025-08-01,340975.0
9,5511012,เชียงใหม่,ฮอด,2025-08-01,62714.0
9,5511023,ลำปาง,เกาะคา,2025-08-01,104898.0
9,5511032,เชียงราย,เชียงราย,2025-08-01,799360.0
9,5511011,เชียงใหม่,เชียงใหม่,2025-08-01,3442359.0
9,5511026,แพร่,เด่นชัย,2025-08-01,96857.27
9,5511024,ลำปาง,เถิน,2025-08-01,126544.0
9,5511034,เชียงราย,เทิง,2025-08-01,59625.0
9,5511035,เชียงราย,เวียงเชียงของ,2025-08-01,82664.0
9,5511025,แพร่,แพร่,2025-08-01,252994.0
9,5511037,เชียงราย,แม่ขะจาน,2025-08-01,65587.0
9,5511014,เชียงใหม่,แม่ริม,2025-08-01,508229.02
9,5511019,แม่ฮ่องสอน,แม่สะเรียง,2025-08-01,122141.0
9,5511036,เชียงราย,แม่สาย,2025-08-01,425582.0
9,5511018,แม่ฮ่องสอน,แม่ฮ่องสอน,2025-08-01,172220.0
9,5511015,เชียงใหม่,แม่แตง,2025-08-01,163202.0
10,5512017,กำแพงเพชร,กำแพงเพชร,2025-08-01,544804.0
10,5512018,กำแพงเพชร,ขาณุวรลักษบุรี,2025-08-01,116122.0
10,5512034,เพชรบูรณ์,ชนแดน,2025-08-01,62393.0
10,5512015,ชัยนาท,ชัยนาท,2025-08-01,260837.0
10,5512031,พิจิตร,ตะพานหิน,2025-08-01,162721.0
10,5512019,ตาก,ตาก,2025-08-01,540212.0
10,5512022,สุโขทัย,ทุ่งเสลี่ยม,2025-08-01,67820.0
10,5512012,นครสวรรค์,ท่าตะโก,2025-08-01,210945.0
10,5512011,นครสวรรค์,นครสวรรค์,2025-08-01,628959.0
10,5512028,พิษณุโลก,นครไทย,2025-08-01,101131.0
10,5512030,พิจิตร,บางมูลนาก,2025-08-01,99154.0
10,5512014,นครสวรรค์,พยุหะคีรี,2025-08-01,208902.0
10,5512029,พิจิตร,พิจิตร,2025-08-01,500253.0
10,5512027,พิษณุโลก,พิษณุโลก,2025-08-01,637717.0
10,5512013,นครสวรรค์,ลาดยาว,2025-08-01,123274.0
10,5512036,เพชรบูรณ์,วิเชียรบุรี,2025-08-01,145693.0
10,5512025,สุโขทัย,ศรีสัชนาลัย,2025-08-01,126024.0
10,5512023,สุโขทัย,ศรีสำโรง,2025-08-01,49783.0
10,5512024,สุโขทัย,สวรรคโลก,2025-08-01,126931.0
10,5512021,สุโขทัย,สุโขทัย,2025-08-01,390133.0
10,5512035,เพชรบูรณ์,หนองไผ่,2025-08-01,135744.0
10,5512033,เพชรบูรณ์,หล่มสัก,2025-08-01,230059.0
10,5512026,อุตรดิตถ์,อุตรดิตถ์,2025-08-01,76369.0
10,5512016,อุทัยธานี,อุทัยธานี,2025-08-01,219635.0
10,5512032,เพชรบูรณ์,เพชรบูรณ์,2025-08-01,367761.0
10,5512020,ตาก,แม่สอด,2025-08-01,819519.0
1,5531032,ปราจีนบุรี,กบินทร์บุรี,2025-09-01,310409.0
1,5531025,จันทบุรี,ขลุง,2025-09-01,245542.0
1,5531027,ตราด,คลองใหญ่,2025-09-01,63168.0
1,5531024,จันทบุรี,จันทบุรี,2025-09-01,1202752.0
1,5531017,ฉะเชิงเทรา,ฉะเชิงเทรา,2025-09-01,891722.0
1,5531011,ชลบุรี,ชลบุรี,2025-09-01,3935105.0
1,5531026,ตราด,ตราด,2025-09-01,508032.0
1,5531019,ฉะเชิงเทรา,บางคล้า,2025-09-01,1753560.0
1,5531018,ฉะเชิงเทรา,บางปะกง,2025-09-01,1169259.0
1,5531022,ระยอง,บ้านฉาง,2025-09-01,2411563.0
1,5531013,ชลบุรี,บ้านบึง,2025-09-01,1348958.0
1,5531031,ปราจีนบุรี,ปราจีนบุรี,2025-09-01,796345.0
1,5531023,ระยอง,ปากน้ำประแสร์,2025-09-01,443554.0
1,5531020,ฉะเชิงเทรา,พนมสารคาม,2025-09-01,547414.0
1,5531014,ชลบุรี,พนัสนิคม,2025-09-01,1786396.0
1,5531012,ชลบุรี,พัทยา,2025-09-01,4786241.0
1,5531021,ระยอง,ระยอง,2025-09-01,1659979.03
1,5531029,สระแก้ว,วัฒนานคร,2025-09-01,113602.0
1,5531015,ชลบุรี,ศรีราชา,2025-09-01,1589503.0
1,5531028,สระแก้ว,สระแก้ว,2025-09-01,307885.0
1,5531030,สระแก้ว,อรัญประเทศ,2025-09-01,361120.0
1,5531016,ชลบุรี,แหลมฉบัง,2025-09-01,2079856.0
2,5541031,นครราชสีมา,ครบุรี,2025-09-01,141757.0
2,5541039,ปทุมธานี,คลองหลวง,2025-09-01,3042518.0
2,5541017,ลพบุรี,ชัยบาดาล,2025-09-01,202163.0
2,5541036,นครราชสีมา,ชุมพวง,2025-09-01,98242.0
2,5541038,นครราชสีมา,ด่านขุนทด,2025-09-01,161672.0
2,5541024,พระนครศรีอยุธยา,ท่าเรือ,2025-09-01,143056.0
2,5541040,ปทุมธานี,ธัญบุรี,2025-09-01,1898210.0
2,5541027,นครนายก,นครนายก,2025-09-01,357915.0
2,5541029,นครราชสีมา,นครราชสีมา,2025-09-01,880652.0
2,5541028,นครนายก,บ้านนา,2025-09-01,306102.0
2,5541014,สระบุรี,บ้านหมอ,2025-09-01,87895.0
2,5541016,ลพบุรี,บ้านหมี่,2025-09-01,312025.0
2,5541025,ปทุมธานี,ปทุมธานี,2025-09-01,2370373.0
2,5541033,นครราชสีมา,ปักธงชัย,2025-09-01,236633.0
2,5541030,นครราชสีมา,ปากช่อง,2025-09-01,409996.0
2,5541022,พระนครศรีอยุธยา,ผักไห่,2025-09-01,40288.0
2,5541021,พระนครศรีอยุธยา,พระนครศรีอยุธยา,2025-09-01,2434831.0
2,5541011,สระบุรี,พระพุทธบาท,2025-09-01,388661.0
2,5541035,นครราชสีมา,พิมาย,2025-09-01,221002.0
2,5541013,สระบุรี,มวกเหล็ก,2025-09-01,512097.0
2,5541026,ปทุมธานี,รังสิต,2025-09-01,4205137.0
2,5541015,ลพบุรี,ลพบุรี,2025-09-01,1224424.0
2,5541020,อ่างทอง,วิเศษชัยชาญ,2025-09-01,85428.0
2,5541018,สิงห์บุรี,สิงห์บุรี,2025-09-01,227248.0
2,5541032,นครราชสีมา,สีคิ้ว,2025-09-01,802046.0
2,5541012,สระบุรี,หนองแค,2025-09-01,887021.0
2,5541019,อ่างทอง,อ่างทอง,2025-09-01,244591.0
2,5541023,พระนครศรีอยุธยา,เสนา,2025-09-01,249574.0
2,5541034,นครราชสีมา,โชคชัย,2025-09-01,305712.0
2,5541037,นครราชสีมา,โนนสูง,2025-09-01,141155.0
3,5542024,กาญจนบุรี,กาญจนบุรี,2025-09-01,683377.0
3,5542031,ประจวบคีรีขันธ์,กุยบุรี,2025-09-01,385551.0
3,5542022,สุพรรณบุรี,ด่านช้าง,2025-09-01,129070.0
3,5542027,กาญจนบุรี,ท่ามะกา,2025-09-01,219798.0
3,5542033,นครปฐม,นครปฐม,2025-09-01,613067.0
3,5542032,ประจวบคีรีขันธ์,บางสะพาน,2025-09-01,235973.0
3,5542011,ราชบุรี,บ้านโป่ง,2025-09-01,209032.0
3,5542029,ประจวบคีรีขันธ์,ประจวบคีรีขันธ์,2025-09-01,352892.0
3,5542030,ประจวบคีรีขันธ์,ปราณบุรี,2025-09-01,885341.0
3,5542013,ราชบุรี,ปากท่อ,2025-09-01,517285.0
3,5542026,กาญจนบุรี,พนมทวน,2025-09-01,164391.0
3,5542014,ราชบุรี,ราชบุรี,2025-09-01,696481.0
3,5542020,สุพรรณบุรี,ศรีประจันต์,2025-09-01,96692.0
3,5542015,สมุทรสงคราม,สมุทรสงคราม,2025-09-01,941224.0
3,5542016,สมุทรสาคร,สมุทรสาคร,2025-09-01,5754565.0
3,5542012,ราชบุรี,สวนผึ้ง,2025-09-01,123945.0
3,5542018,นครปฐม,สามพราน,2025-09-01,1089154.0
3,5542019,สุพรรณบุรี,สุพรรณบุรี,2025-09-01,602094.0
3,5542023,สุพรรณบุรี,อู่ทอง,2025-09-01,385920.0
3,5542017,สมุทรสาคร,อ้อมน้อย,2025-09-01,2745330.0
3,5542021,สุพรรณบุรี,เดิมบางนางบวช,2025-09-01,198927.0
3,5542028,เพชรบุรี,เพชรบุรี,2025-09-01,1264772.0
3,5542025,กาญจนบุรี,เลาขวัญ,2025-09-01,129407.0
4,5551025,กระบี่,กระบี่,2025-09-01,857663.0
4,5551012,สุราษฎร์ธานี,กาญจนดิษฐ์,2025-09-01,306269.69
4,5551031,นครศรีธรรมราช,ขนอม,2025-09-01,144797.0
4,5551034,กระบี่,คลองท่อม,2025-09-01,109837.0
4,5551030,นครศรีธรรมราช,จันดี,2025-09-01,128109.0
4,5551028,นครศรีธรรมราช,ชะอวด,2025-09-01,99647.0
4,5551017,ชุมพร,ชุมพร,2025-09-01,832220.0
4,5551022,พังงา,ตะกั่วป่า,2025-09-01,145601.0
4,5551027,นครศรีธรรมราช,ทุ่งสง,2025-09-01,491352.0
4,5551019,ชุมพร,ท่าแซะ,2025-09-01,96926.0
4,5551023,พังงา,ท้ายเหมือง,2025-09-01,90538.0
4,5551032,นครศรีธรรมราช,นครศรีธรรมราช,2025-09-01,247620.0
4,5551015,สุราษฎร์ธานี,บ้านตาขุน,2025-09-01,92532.0
4,5551029,นครศรีธรรมราช,ปากพนัง,2025-09-01,244292.0
4,5551021,พังงา,พังงา,2025-09-01,236417.0
4,5551024,ภูเก็ต,ภูเก็ต,2025-09-01,2161476.0
4,5551020,ระนอง,ระนอง,2025-09-01,453658.0
4,5551011,สุราษฎร์ธานี,สุราษฎร์ธานี,2025-09-01,1814711.3
4,5551018,ชุมพร,หลังสวน,2025-09-01,371005.0
4,5551026,กระบี่,อ่าวลึก,2025-09-01,92751.0
4,5551033,สุราษฎร์ธานี,เกาะพะงัน,2025-09-01,128135.0
4,5551013,สุราษฎร์ธานี,เกาะสมุย,2025-09-01,673199.0
4,5551014,สุราษฎร์ธานี,เวียงสระ,2025-09-01,165944.0
4,5551016,สุราษฎร์ธานี,ไชยา,2025-09-01,90662.0
5,5552021,ตรัง,กันตัง,2025-09-01,234256.0
5,5552018,ตรัง,ตรัง,2025-09-01,377461.0
5,5552027,นราธิวาส,นราธิวาส,2025-09-01,511674.0
5,5552014,สงขลา,นาทวี,2025-09-01,87184.0
5,5552030,สงขลา,พังลา,2025-09-01,95399.0
5,5552016,พัทลุง,พัทลุง,2025-09-01,396142.0
5,5552024,ยะลา,ยะหา,2025-09-01,62501.0
5,5552020,ตรัง,ย่านตาขาว,2025-09-01,131222.0
5,5552015,สงขลา,ระโนด,2025-09-01,43903.0
5,5552028,นราธิวาส,รือเสาะ,2025-09-01,47978.0
5,5552023,สตูล,ละงู,2025-09-01,186451.0
5,5552011,สงขลา,สงขลา,2025-09-01,1564784.0
5,5552022,สตูล,สตูล,2025-09-01,351053.0
5,5552013,สงขลา,สะเดา,2025-09-01,451894.0
5,5552026,ปัตตานี,สายบุรี,2025-09-01,49370.0
5,5552029,นราธิวาส,สุไหงโก-ลก,2025-09-01,253096.68
5,5552012,สงขลา,หาดใหญ่,2025-09-01,2162300.0
5,5552019,ตรัง,ห้วยยอด,2025-09-01,184073.0
5,5552017,พัทลุง,เขาชัยสน,2025-09-01,47766.0
5,5552025,ยะลา,เบตง,2025-09-01,250467.0
6,5521016,ขอนแก่น,กระนวน,2025-09-01,234864.0
6,5521019,กาฬสินธุ์,กาฬสินธุ์,2025-09-01,559698.0
6,5521020,กาฬสินธุ์,กุฉินารายณ์,2025-09-01,88398.0
6,5521011,ขอนแก่น,ขอนแก่น,2025-09-01,3030113.0
6,5521026,ชัยภูมิ,จัตุรัส,2025-09-01,263686.0
6,5521015,ขอนแก่น,ชนบท,2025-09-01,260090.0
6,5521024,ชัยภูมิ,ชัยภูมิ,2025-09-01,789822.0
6,5521013,ขอนแก่น,ชุมแพ,2025-09-01,344885.0
6,5521014,ขอนแก่น,น้ำพอง,2025-09-01,432100.08
6,5521029,ชัยภูมิ,บำเหน็จณรงค์,2025-09-01,223925.0
6,5521012,ขอนแก่น,บ้านไผ่,2025-09-01,304732.0
6,5521023,มหาสารคาม,พยัคฆภูมิพิสัย,2025-09-01,141817.0
6,5521028,ชัยภูมิ,ภูเขียว,2025-09-01,209562.0
6,5521022,มหาสารคาม,มหาสารคาม,2025-09-01,1149698.0
6,5521030,ร้อยเอ็ด,ร้อยเอ็ด,2025-09-01,718812.0
6,5521021,กาฬสินธุ์,สมเด็จ,2025-09-01,125360.0
6,5521032,ร้อยเอ็ด,สุวรรณภูมิ,2025-09-01,109540.0
6,5521027,ชัยภูมิ,หนองบัวแดง,2025-09-01,129933.0
6,5521017,ขอนแก่น,หนองเรือ,2025-09-01,198898.0
6,5521018,ขอนแก่น,เมืองพล,2025-09-01,207775.0
6,5521025,ชัยภูมิ,แก้งคร้อ,2025-09-01,192915.0
6,5521031,ร้อยเอ็ด,โพนทอง,2025-09-01,147874.0
7,5522012,อุดรธานี,กุมภวาปี,2025-09-01,300804.0
7,5522018,เลย,ด่านซ้าย,2025-09-01,79572.0
7,5522028,นครพนม,ธาตุพนม,2025-09-01,188248.0
7,5522027,นครพนม,นครพนม,2025-09-01,352719.0
7,5522021,บึงกาฬ,บึงกาฬ,2025-09-01,156473.0
7,5522014,อุดรธานี,บ้านดุง,2025-09-01,180700.0
7,5522013,อุดรธานี,บ้านผือ,2025-09-01,160301.0
7,5522029,นครพนม,บ้านแพง,2025-09-01,70798.0
7,5522026,สกลนคร,พังโคน,2025-09-01,203223.0
7,5522019,เลย,วังสะพุง,2025-09-01,173201.0
7,5522030,นครพนม,ศรีสงคราม,2025-09-01,103902.0
7,5522022,หนองคาย,ศรีเชียงใหม่,2025-09-01,88211.0
7,5522024,สกลนคร,สกลนคร,2025-09-01,612976.0
7,5522025,สกลนคร,สว่างแดนดิน,2025-09-01,177414.0
7,5522020,หนองคาย,หนองคาย,2025-09-01,550236.0
7,5522015,หนองบัวลำภู,หนองบัวลำภู,2025-09-01,287353.0
7,5522011,อุดรธานี,อุดรธานี,2025-09-01,2174960.0
7,5522017,เลย,เชียงคาน,2025-09-01,174819.0
7,5522016,เลย,เลย,2025-09-01,533787.0
7,5522023,หนองคาย,โพนพิสัย,2025-09-01,143156.0
8,5532029,ศรีสะเกษ,กันทรลักษ์,2025-09-01,110371.0
8,5532022,บุรีรัมย์,นางรอง,2025-09-01,221984.0
8,5532019,บุรีรัมย์,บุรีรัมย์,2025-09-01,862063.0
8,5532012,อุบลราชธานี,พิบูลมังสาหาร,2025-09-01,109242.0
8,5532018,ยโสธร,มหาชนะชัย,2025-09-01,104990.0
8,5532030,มุกดาหาร,มุกดาหาร,2025-09-01,439524.0
8,5532016,ยโสธร,ยโสธร,2025-09-01,285333.0
8,5532026,สุรินทร์,รัตนบุรี,2025-09-01,173728.0
8,5532023,บุรีรัมย์,ละหานทราย,2025-09-01,193347.0
8,5532021,บุรีรัมย์,ลำปลายมาศ,2025-09-01,109378.0
8,5532028,ศรีสะเกษ,ศรีสะเกษ,2025-09-01,759328.0
8,5532025,สุรินทร์,ศีขรภูมิ,2025-09-01,157600.0
8,5532020,บุรีรัมย์,สตึก,2025-09-01,122023.0
8,5532027,สุรินทร์,สังขะ,2025-09-01,190282.0
8,5532024,สุรินทร์,สุรินทร์,2025-09-01,846100.0
8,5532015,อำนาจเจริญ,อำนาจเจริญ,2025-09-01,240888.0
8,5532011,อุบลราชธานี,อุบลราชธานี,2025-09-01,1531310.0
8,5532014,อุบลราชธานี,เขมราฐ,2025-09-01,149336.0
8,5532013,อุบลราชธานี,เดชอุดม,2025-09-01,170837.0
8,5532017,ยโสธร,เลิงนกทา,2025-09-01,119191.0
9,5511017,เชียงใหม่,จอมทอง,2025-09-01,96529.0
9,5511031,พะเยา,จุน,2025-09-01,107495.0
9,5511029,น่าน,ท่าวังผา,2025-09-01,99568.0
9,5511028,น่าน,น่าน,2025-09-01,399740.0
9,5511021,ลำพูน,บ้านโฮ่ง,2025-09-01,20112.0
9,5511016,เชียงใหม่,ฝาง,2025-09-01,121022.0
9,5511030,พะเยา,พะเยา,2025-09-01,507429.0
9,5511033,เชียงราย,พาน,2025-09-01,152765.0
9,5511027,แพร่,ร้องกวาง,2025-09-01,59855.0
9,5511022,ลำปาง,ลำปาง,2025-09-01,840903.0
9,5511020,ลำพูน,ลำพูน,2025-09-01,350506.0
9,5511013,เชียงใหม่,สันกำแพง,2025-09-01,340013.0
9,5511012,เชียงใหม่,ฮอด,2025-09-01,60486.0
9,5511023,ลำปาง,เกาะคา,2025-09-01,104231.0
9,5511032,เชียงราย,เชียงราย,2025-09-01,803560.58
9,5511011,เชียงใหม่,เชียงใหม่,2025-09-01,3445386.0
9,5511026,แพร่,เด่นชัย,2025-09-01,98698.0
9,5511024,ลำปาง,เถิน,2025-09-01,125705.0
9,5511034,เชียงราย,เทิง,2025-09-01,58224.0
9,5511035,เชียงราย,เวียงเชียงของ,2025-09-01,80301.0
9,5511025,แพร่,แพร่,2025-09-01,244237.0
9,5511037,เชียงราย,แม่ขะจาน,2025-09-01,66679.0
9,5511014,เชียงใหม่,แม่ริม,2025-09-01,517382.0
9,5511019,แม่ฮ่องสอน,แม่สะเรียง,2025-09-01,121666.0
9,5511036,เชียงราย,แม่สาย,2025-09-01,423874.0
9,5511018,แม่ฮ่องสอน,แม่ฮ่องสอน,2025-09-01,175353.0
9,5511015,เชียงใหม่,แม่แตง,2025-09-01,161559.0
10,5512017,กำแพงเพชร,กำแพงเพชร,2025-09-01,552212.0
10,5512018,กำแพงเพชร,ขาณุวรลักษบุรี,2025-09-01,116020.0
10,5512034,เพชรบูรณ์,ชนแดน,2025-09-01,67288.0
10,5512015,ชัยนาท,ชัยนาท,2025-09-01,259496.0
10,5512031,พิจิตร,ตะพานหิน,2025-09-01,158457.0
10,5512019,ตาก,ตาก,2025-09-01,547532.0
10,5512022,สุโขทัย,ทุ่งเสลี่ยม,2025-09-01,67482.0
10,5512012,นครสวรรค์,ท่าตะโก,2025-09-01,208211.0
10,5512011,นครสวรรค์,นครสวรรค์,2025-09-01,619662.0
10,5512028,พิษณุโลก,นครไทย,2025-09-01,97626.0
10,5512030,พิจิตร,บางมูลนาก,2025-09-01,95812.0
10,5512014,นครสวรรค์,พยุหะคีรี,2025-09-01,208242.0
10,5512029,พิจิตร,พิจิตร,2025-09-01,507313.0
10,5512027,พิษณุโลก,พิษณุโลก,2025-09-01,654934.0
10,5512013,นครสวรรค์,ลาดยาว,2025-09-01,120787.0
10,5512036,เพชรบูรณ์,วิเชียรบุรี,2025-09-01,142218.0
10,5512025,สุโขทัย,ศรีสัชนาลัย,2025-09-01,122128.0
10,5512023,สุโขทัย,ศรีสำโรง,2025-09-01,50470.0
10,5512024,สุโขทัย,สวรรคโลก,2025-09-01,126626.0
10,5512021,สุโขทัย,สุโขทัย,2025-09-01,386318.0
10,5512035,เพชรบูรณ์,หนองไผ่,2025-09-01,135471.0
10,5512033,เพชรบูรณ์,หล่มสัก,2025-09-01,234502.38
10,5512026,อุตรดิตถ์,อุตรดิตถ์,2025-09-01,77210.0
10,5512016,อุทัยธานี,อุทัยธานี,2025-09-01,220237.0
10,5512032,เพชรบูรณ์,เพชรบูรณ์,2025-09-01,358047.0
10,5512020,ตาก,แม่สอด,2025-09-01,805510.0
1,5531032,ปราจีนบุรี,กบินทร์บุรี,2025-10-01,293413.0
1,5531025,จันทบุรี,ขลุง,2025-10-01,233970.0
1,5531027,ตราด,คลองใหญ่,2025-10-01,63425.0
1,5531024,จันทบุรี,จันทบุรี,2025-10-01,1140157.0
1,5531017,ฉะเชิงเทรา,ฉะเชิงเทรา,2025-10-01,837219.0
1,5531011,ชลบุรี,ชลบุรี,2025-10-01,3733950.0
1,5531026,ตราด,ตราด,2025-10-01,489770.0
1,5531019,ฉะเชิงเทรา,บางคล้า,2025-10-01,1647313.0
1,5531018,ฉะเชิงเทรา,บางปะกง,2025-10-01,1128129.0
1,5531022,ระยอง,บ้านฉาง,2025-10-01,2262698.0
1,5531013,ชลบุรี,บ้านบึง,2025-10-01,1282967.0
1,5531031,ปราจีนบุรี,ปราจีนบุรี,2025-10-01,759524.0
1,5531023,ระยอง,ปากน้ำประแสร์,2025-10-01,406572.0
1,5531020,ฉะเชิงเทรา,พนมสารคาม,2025-10-01,525905.0
1,5531014,ชลบุรี,พนัสนิคม,2025-10-01,1702624.0
1,5531012,ชลบุรี,พัทยา,2025-10-01,4425474.0
1,5531021,ระยอง,ระยอง,2025-10-01,1573915.0
1,5531029,สระแก้ว,วัฒนานคร,2025-10-01,108099.0
1,5531015,ชลบุรี,ศรีราชา,2025-10-01,1488069.0
1,5531028,สระแก้ว,สระแก้ว,2025-10-01,299556.0
1,5531030,สระแก้ว,อรัญประเทศ,2025-10-01,348856.0
1,5531016,ชลบุรี,แหลมฉบัง,2025-10-01,1971000.0
2,5541031,นครราชสีมา,ครบุรี,2025-10-01,138207.0
2,5541039,ปทุมธานี,คลองหลวง,2025-10-01,2890528.0
2,5541017,ลพบุรี,ชัยบาดาล,2025-10-01,193351.0
2,5541036,นครราชสีมา,ชุมพวง,2025-10-01,94857.0
2,5541038,นครราชสีมา,ด่านขุนทด,2025-10-01,155166.0
2,5541024,พระนครศรีอยุธยา,ท่าเรือ,2025-10-01,130945.0
2,5541040,ปทุมธานี,ธัญบุรี,2025-10-01,1807241.0
2,5541027,นครนายก,นครนายก,2025-10-01,343292.0
2,5541029,นครราชสีมา,นครราชสีมา,2025-10-01,836930.0
2,5541028,นครนายก,บ้านนา,2025-10-01,300943.0
2,5541014,สระบุรี,บ้านหมอ,2025-10-01,77511.0
2,5541016,ลพบุรี,บ้านหมี่,2025-10-01,296894.0
2,5541025,ปทุมธานี,ปทุมธานี,2025-10-01,2272042.0
2,5541033,นครราชสีมา,ปักธงชัย,2025-10-01,224511.0
2,5541030,นครราชสีมา,ปากช่อง,2025-10-01,385463.0
2,5541022,พระนครศรีอยุธยา,ผักไห่,2025-10-01,40182.0
2,5541021,พระนครศรีอยุธยา,พระนครศรีอยุธยา,2025-10-01,2341846.0
2,5541011,สระบุรี,พระพุทธบาท,2025-10-01,364583.0
2,5541035,นครราชสีมา,พิมาย,2025-10-01,212500.0
2,5541013,สระบุรี,มวกเหล็ก,2025-10-01,482590.0
2,5541026,ปทุมธานี,รังสิต,2025-10-01,4025370.0
2,5541015,ลพบุรี,ลพบุรี,2025-10-01,1171478.0
2,5541020,อ่างทอง,วิเศษชัยชาญ,2025-10-01,81530.0
2,5541018,สิงห์บุรี,สิงห์บุรี,2025-10-01,219595.0
2,5541032,นครราชสีมา,สีคิ้ว,2025-10-01,766596.0
2,5541012,สระบุรี,หนองแค,2025-10-01,829239.0
2,5541019,อ่างทอง,อ่างทอง,2025-10-01,235704.0
2,5541023,พระนครศรีอยุธยา,เสนา,2025-10-01,243881.0
2,5541034,นครราชสีมา,โชคชัย,2025-10-01,286240.0
2,5541037,นครราชสีมา,โนนสูง,2025-10-01,130922.0
3,5542024,กาญจนบุรี,กาญจนบุรี,2025-10-01,630746.0
3,5542031,ประจวบคีรีขันธ์,กุยบุรี,2025-10-01,366629.0
3,5542022,สุพรรณบุรี,ด่านช้าง,2025-10-01,119741.0
3,5542027,กาญจนบุรี,ท่ามะกา,2025-10-01,208127.0
3,5542033,นครปฐม,นครปฐม,2025-10-01,575965.0
3,5542032,ประจวบคีรีขันธ์,บางสะพาน,2025-10-01,230181.0
3,5542011,ราชบุรี,บ้านโป่ง,2025-10-01,200436.0
3,5542029,ประจวบคีรีขันธ์,ประจวบคีรีขันธ์,2025-10-01,320382.0
3,5542030,ประจวบคีรีขันธ์,ปราณบุรี,2025-10-01,854142.0
3,5542013,ราชบุรี,ปากท่อ,2025-10-01,499591.0
3,5542026,กาญจนบุรี,พนมทวน,2025-10-01,154376.0
3,5542014,ราชบุรี,ราชบุรี,2025-10-01,658491.0
3,5542020,สุพรรณบุรี,ศรีประจันต์,2025-10-01,87875.0
3,5542015,สมุทรสงคราม,สมุทรสงคราม,2025-10-01,901799.0
3,5542016,สมุทรสาคร,สมุทรสาคร,2025-10-01,5561297.0
3,5542012,ราชบุรี,สวนผึ้ง,2025-10-01,114008.0
3,5542018,นครปฐม,สามพราน,2025-10-01,1038847.0
3,5542019,สุพรรณบุรี,สุพรรณบุรี,2025-10-01,569039.0
3,5542023,สุพรรณบุรี,อู่ทอง,2025-10-01,367133.0
3,5542017,สมุทรสาคร,อ้อมน้อย,2025-10-01,2608122.0
3,5542021,สุพรรณบุรี,เดิมบางนางบวช,2025-10-01,184214.0
3,5542028,เพชรบุรี,เพชรบุรี,2025-10-01,1222748.0
3,5542025,กาญจนบุรี,เลาขวัญ,2025-10-01,122591.0
4,5551025,กระบี่,กระบี่,2025-10-01,825363.0
4,5551012,สุราษฎร์ธานี,กาญจนดิษฐ์,2025-10-01,296612.81
4,5551031,นครศรีธรรมราช,ขนอม,2025-10-01,139430.0
4,5551034,กระบี่,คลองท่อม,2025-10-01,101503.0
4,5551030,นครศรีธรรมราช,จันดี,2025-10-01,128678.0
4,5551028,นครศรีธรรมราช,ชะอวด,2025-10-01,98501.0
4,5551017,ชุมพร,ชุมพร,2025-10-01,800617.0
4,5551022,พังงา,ตะกั่วป่า,2025-10-01,148225.0
4,5551027,นครศรีธรรมราช,ทุ่งสง,2025-10-01,486193.0
4,5551019,ชุมพร,ท่าแซะ,2025-10-01,89670.0
4,5551023,พังงา,ท้ายเหมือง,2025-10-01,87748.0
4,5551032,นครศรีธรรมราช,นครศรีธรรมราช,2025-10-01,243843.0
4,5551015,สุราษฎร์ธานี,บ้านตาขุน,2025-10-01,85378.0
4,5551029,นครศรีธรรมราช,ปากพนัง,2025-10-01,245770.0
4,5551021,พังงา,พังงา,2025-10-01,225643.0
4,5551024,ภูเก็ต,ภูเก็ต,2025-10-01,1998352.0
4,5551020,ระนอง,ระนอง,2025-10-01,444410.0
4,5551011,สุราษฎร์ธานี,สุราษฎร์ธานี,2025-10-01,1739272.0
4,5551018,ชุมพร,หลังสวน,2025-10-01,341075.0
4,5551026,กระบี่,อ่าวลึก,2025-10-01,89609.0
4,5551033,สุราษฎร์ธานี,เกาะพะงัน,2025-10-01,109976.0
4,5551013,สุราษฎร์ธานี,เกาะสมุย,2025-10-01,615913.0
4,5551014,สุราษฎร์ธานี,เวียงสระ,2025-10-01,161084.0
4,5551016,สุราษฎร์ธานี,ไชยา,2025-10-01,89069.0
5,5552021,ตรัง,กันตัง,2025-10-01,218841.0
5,5552018,ตรัง,ตรัง,2025-10-01,366580.0
5,5552027,นราธิวาส,นราธิวาส,2025-10-01,506690.0
5,5552014,สงขลา,นาทวี,2025-10-01,81751.0
5,5552030,สงขลา,พังลา,2025-10-01,90040.0
5,5552016,พัทลุง,พัทลุง,2025-10-01,384459.0
5,5552024,ยะลา,ยะหา,2025-10-01,59038.0
5,5552020,ตรัง,ย่านตาขาว,2025-10-01,125734.0
5,5552015,สงขลา,ระโนด,2025-10-01,43202.0
5,5552028,นราธิวาส,รือเสาะ,2025-10-01,48832.0
5,5552023,สตูล,ละงู,2025-10-01,179164.0
5,5552011,สงขลา,สงขลา,2025-10-01,1473566.0
5,5552022,สตูล,สตูล,2025-10-01,338776.0
5,5552013,สงขลา,สะเดา,2025-10-01,469365.0
5,5552026,ปัตตานี,สายบุรี,2025-10-01,47773.0
5,5552029,นราธิวาส,สุไหงโก-ลก,2025-10-01,244024.0
5,5552012,สงขลา,หาดใหญ่,2025-10-01,2100043.0
5,5552019,ตรัง,ห้วยยอด,2025-10-01,176814.0
5,5552017,พัทลุง,เขาชัยสน,2025-10-01,48437.0
5,5552025,ยะลา,เบตง,2025-10-01,237843.0
6,5521016,ขอนแก่น,กระนวน,2025-10-01,233412.0
6,5521019,กาฬสินธุ์,กาฬสินธุ์,2025-10-01,542491.0
6,5521020,กาฬสินธุ์,กุฉินารายณ์,2025-10-01,81876.0
6,5521011,ขอนแก่น,ขอนแก่น,2025-10-01,2905793.0
6,5521026,ชัยภูมิ,จัตุรัส,2025-10-01,244582.0
6,5521015,ขอนแก่น,ชนบท,2025-10-01,242599.0
6,5521024,ชัยภูมิ,ชัยภูมิ,2025-10-01,752849.0
6,5521013,ขอนแก่น,ชุมแพ,2025-10-01,318485.0
6,5521014,ขอนแก่น,น้ำพอง,2025-10-01,405160.0
6,5521029,ชัยภูมิ,บำเหน็จณรงค์,2025-10-01,204886.0
6,5521012,ขอนแก่น,บ้านไผ่,2025-10-01,286725.0
6,5521023,มหาสารคาม,พยัคฆภูมิพิสัย,2025-10-01,138511.0
6,5521028,ชัยภูมิ,ภูเขียว,2025-10-01,187734.0
6,5521022,มหาสารคาม,มหาสารคาม,2025-10-01,1103195.0
6,5521030,ร้อยเอ็ด,ร้อยเอ็ด,2025-10-01,670769.84
6,5521021,กาฬสินธุ์,สมเด็จ,2025-10-01,117983.0
6,5521032,ร้อยเอ็ด,สุวรรณภูมิ,2025-10-01,108466.0
6,5521027,ชัยภูมิ,หนองบัวแดง,2025-10-01,124948.0
6,5521017,ขอนแก่น,หนองเรือ,2025-10-01,192459.0
6,5521018,ขอนแก่น,เมืองพล,2025-10-01,194421.0
6,5521025,ชัยภูมิ,แก้งคร้อ,2025-10-01,185089.0
6,5521031,ร้อยเอ็ด,โพนทอง,2025-10-01,138092.0
7,5522012,อุดรธานี,กุมภวาปี,2025-10-01,288476.0
7,5522018,เลย,ด่านซ้าย,2025-10-01,76869.0
7,5522028,นครพนม,ธาตุพนม,2025-10-01,182773.0
7,5522027,นครพนม,นครพนม,2025-10-01,350743.0
7,5522021,บึงกาฬ,บึงกาฬ,2025-10-01,149396.0
7,5522014,อุดรธานี,บ้านดุง,2025-10-01,172646.0
7,5522013,อุดรธานี,บ้านผือ,2025-10-01,155589.0
7,5522029,นครพนม,บ้านแพง,2025-10-01,69055.0
7,5522026,สกลนคร,พังโคน,2025-10-01,192975.0
7,5522019,เลย,วังสะพุง,2025-10-01,163085.0
7,5522030,นครพนม,ศรีสงคราม,2025-10-01,99143.0
7,5522022,หนองคาย,ศรีเชียงใหม่,2025-10-01,86675.0
7,5522024,สกลนคร,สกลนคร,2025-10-01,589914.0
7,5522025,สกลนคร,สว่างแดนดิน,2025-10-01,165708.0
7,5522020,หนองคาย,หนองคาย,2025-10-01,533832.0
7,5522015,หนองบัวลำภู,หนองบัวลำภู,2025-10-01,272008.0
7,5522011,อุดรธานี,อุดรธานี,2025-10-01,2075650.0
7,5522017,เลย,เชียงคาน,2025-10-01,164698.0
7,5522016,เลย,เลย,2025-10-01,501206.0
7,5522023,หนองคาย,โพนพิสัย,2025-10-01,139223.0
8,5532029,ศรีสะเกษ,กันทรลักษ์,2025-10-01,108355.0
8,5532022,บุรีรัมย์,นางรอง,2025-10-01,214146.0
8,5532019,บุรีรัมย์,บุรีรัมย์,2025-10-01,819018.0
8,5532012,อุบลราชธานี,พิบูลมังสาหาร,2025-10-01,102576.0
8,5532018,ยโสธร,มหาชนะชัย,2025-10-01,97314.0
8,5532030,มุกดาหาร,มุกดาหาร,2025-10-01,412503.0
8,5532016,ยโสธร,ยโสธร,2025-10-01,268629.0
8,5532026,สุรินทร์,รัตนบุรี,2025-10-01,166335.0
8,5532023,บุรีรัมย์,ละหานทราย,2025-10-01,214204.0
8,5532021,บุรีรัมย์,ลำปลายมาศ,2025-10-01,104888.0
8,5532028,ศรีสะเกษ,ศรีสะเกษ,2025-10-01,709451.0
8,5532025,สุรินทร์,ศีขรภูมิ,2025-10-01,147789.0
8,5532020,บุรีรัมย์,สตึก,2025-10-01,121070.0
8,5532027,สุรินทร์,สังขะ,2025-10-01,187750.0
8,5532024,สุรินทร์,สุรินทร์,2025-10-01,812271.0
8,5532015,อำนาจเจริญ,อำนาจเจริญ,2025-10-01,224933.0
8,5532011,อุบลราชธานี,อุบลราชธานี,2025-10-01,1432537.0
8,5532014,อุบลราชธานี,เขมราฐ,2025-10-01,143483.0
8,5532013,อุบลราชธานี,เดชอุดม,2025-10-01,165527.0
8,5532017,ยโสธร,เลิงนกทา,2025-10-01,115476.0
9,5511017,เชียงใหม่,จอมทอง,2025-10-01,94060.0
9,5511031,พะเยา,จุน,2025-10-01,102176.0
9,5511029,น่าน,ท่าวังผา,2025-10-01,96074.0
9,5511028,น่าน,น่าน,2025-10-01,348769.0
9,5511021,ลำพูน,บ้านโฮ่ง,2025-10-01,17576.0
9,5511016,เชียงใหม่,ฝาง,2025-10-01,119125.0
9,5511030,พะเยา,พะเยา,2025-10-01,492874.0
9,5511033,เชียงราย,พาน,2025-10-01,146657.0
9,5511027,แพร่,ร้องกวาง,2025-10-01,59024.0
9,5511022,ลำปาง,ลำปาง,2025-10-01,809222.0
9,5511020,ลำพูน,ลำพูน,2025-10-01,336718.0
9,5511013,เชียงใหม่,สันกำแพง,2025-10-01,323950.0
9,5511012,เชียงใหม่,ฮอด,2025-10-01,57819.0
9,5511023,ลำปาง,เกาะคา,2025-10-01,100985.0
9,5511032,เชียงราย,เชียงราย,2025-10-01,779297.0
9,5511011,เชียงใหม่,เชียงใหม่,2025-10-01,3282200.0
9,5511026,แพร่,เด่นชัย,2025-10-01,96274.0
9,5511024,ลำปาง,เถิน,2025-10-01,119347.0
9,5511034,เชียงราย,เทิง,2025-10-01,54644.0
9,5511035,เชียงราย,เวียงเชียงของ,2025-10-01,79206.0
9,5511025,แพร่,แพร่,2025-10-01,235863.0
9,5511037,เชียงราย,แม่ขะจาน,2025-10-01,65118.0
9,5511014,เชียงใหม่,แม่ริม,2025-10-01,493162.0
9,5511019,แม่ฮ่องสอน,แม่สะเรียง,2025-10-01,120830.0
9,5511036,เชียงราย,แม่สาย,2025-10-01,403531.0
9,5511018,แม่ฮ่องสอน,แม่ฮ่องสอน,2025-10-01,176176.0
9,5511015,เชียงใหม่,แม่แตง,2025-10-01,161572.0
10,5512017,กำแพงเพชร,กำแพงเพชร,2025-10-01,518080.0
10,5512018,กำแพงเพชร,ขาณุวรลักษบุรี,2025-10-01,111182.0
10,5512034,เพชรบูรณ์,ชนแดน,2025-10-01,60226.0
10,5512015,ชัยนาท,ชัยนาท,2025-10-01,248272.96
10,5512031,พิจิตร,ตะพานหิน,2025-10-01,152100.0
10,5512019,ตาก,ตาก,2025-10-01,499370.0
10,5512022,สุโขทัย,ทุ่งเสลี่ยม,2025-10-01,61782.0
10,5512012,นครสวรรค์,ท่าตะโก,2025-10-01,194590.0
10,5512011,นครสวรรค์,นครสวรรค์,2025-10-01,587174.0
10,5512028,พิษณุโลก,นครไทย,2025-10-01,93263.0
10,5512030,พิจิตร,บางมูลนาก,2025-10-01,92915.0
10,5512014,นครสวรรค์,พยุหะคีรี,2025-10-01,193300.0
10,5512029,พิจิตร,พิจิตร,2025-10-01,477138.0
10,5512027,พิษณุโลก,พิษณุโลก,2025-10-01,614171.0
10,5512013,นครสวรรค์,ลาดยาว,2025-10-01,116137.0
10,5512036,เพชรบูรณ์,วิเชียรบุรี,2025-10-01,131846.0
10,5512025,สุโขทัย,ศรีสัชนาลัย,2025-10-01,115659.0
10,5512023,สุโขทัย,ศรีสำโรง,2025-10-01,46421.0
10,5512024,สุโขทัย,สวรรคโลก,2025-10-01,116213.0
10,5512021,สุโขทัย,สุโขทัย,2025-10-01,357733.0
10,5512035,เพชรบูรณ์,หนองไผ่,2025-10-01,131866.0
10,5512033,เพชรบูรณ์,หล่มสัก,2025-10-01,225349.0
10,5512026,อุตรดิตถ์,อุตรดิตถ์,2025-10-01,73254.0
10,5512016,อุทัยธานี,อุทัยธานี,2025-10-01,202934.0
10,5512032,เพชรบูรณ์,เพชรบูรณ์,2025-10-01,344827.0
10,5512020,ตาก,แม่สอด,2025-10-01,783497.0
1,5531032,ปราจีนบุรี,กบินทร์บุรี,2025-11-01,310412.0
1,5531025,จันทบุรี,ขลุง,2025-11-01,252676.0
1,5531027,ตราด,คลองใหญ่,2025-11-01,68926.0
1,5531024,จันทบุรี,จันทบุรี,2025-11-01,1199950.0
1,5531017,ฉะเชิงเทรา,ฉะเชิงเทรา,2025-11-01,871629.0
1,5531011,ชลบุรี,ชลบุรี,2025-11-01,3857751.0
1,5531026,ตราด,ตราด,2025-11-01,513994.0
1,5531019,ฉะเชิงเทรา,บางคล้า,2025-11-01,1734075.0
1,5531018,ฉะเชิงเทรา,บางปะกง,2025-11-01,1154856.0
1,5531022,ระยอง,บ้านฉาง,2025-11-01,2348181.37
1,5531013,ชลบุรี,บ้านบึง,2025-11-01,1338640.0
1,5531031,ปราจีนบุรี,ปราจีนบุรี,2025-11-01,801273.0
1,5531023,ระยอง,ปากน้ำประแสร์,2025-11-01,460141.0
1,5531020,ฉะเชิงเทรา,พนมสารคาม,2025-11-01,553810.0
1,5531014,ชลบุรี,พนัสนิคม,2025-11-01,1772645.0
1,5531012,ชลบุรี,พัทยา,2025-11-01,4637639.0
1,5531021,ระยอง,ระยอง,2025-11-01,1625680.0
1,5531029,สระแก้ว,วัฒนานคร,2025-11-01,110904.0
1,5531015,ชลบุรี,ศรีราชา,2025-11-01,1542140.0
1,5531028,สระแก้ว,สระแก้ว,2025-11-01,309338.0
1,5531030,สระแก้ว,อรัญประเทศ,2025-11-01,361395.0
1,5531016,ชลบุรี,แหลมฉบัง,2025-11-01,2079189.0
2,5541031,นครราชสีมา,ครบุรี,2025-11-01,141880.0
2,5541039,ปทุมธานี,คลองหลวง,2025-11-01,2952569.0
2,5541017,ลพบุรี,ชัยบาดาล,2025-11-01,203262.0
2,5541036,นครราชสีมา,ชุมพวง,2025-11-01,100339.0
2,5541038,นครราชสีมา,ด่านขุนทด,2025-11-01,159704.0
2,5541024,พระนครศรีอยุธยา,ท่าเรือ,2025-11-01,133188.0
2,5541040,ปทุมธานี,ธัญบุรี,2025-11-01,1877602.0
2,5541027,นครนายก,นครนายก,2025-11-01,357925.0
2,5541029,นครราชสีมา,นครราชสีมา,2025-11-01,866892.0
2,5541028,นครนายก,บ้านนา,2025-11-01,299620.0
2,5541014,สระบุรี,บ้านหมอ,2025-11-01,83040.0
2,5541016,ลพบุรี,บ้านหมี่,2025-11-01,309407.0
2,5541025,ปทุมธานี,ปทุมธานี,2025-11-01,2319965.0
2,5541033,นครราชสีมา,ปักธงชัย,2025-11-01,229249.0
2,5541030,นครราชสีมา,ปากช่อง,2025-11-01,398009.0
2,5541022,พระนครศรีอยุธยา,ผักไห่,2025-11-01,40054.0
2,5541021,พระนครศรีอยุธยา,พระนครศรีอยุธยา,2025-11-01,2506366.0
2,5541011,สระบุรี,พระพุทธบาท,2025-11-01,382085.0
2,5541035,นครราชสีมา,พิมาย,2025-11-01,217878.0
2,5541013,สระบุรี,มวกเหล็ก,2025-11-01,532065.0
2,5541026,ปทุมธานี,รังสิต,2025-11-01,4128324.0
2,5541015,ลพบุรี,ลพบุรี,2025-11-01,1235634.0
2,5541020,อ่างทอง,วิเศษชัยชาญ,2025-11-01,85617.0
2,5541018,สิงห์บุรี,สิงห์บุรี,2025-11-01,228314.0
2,5541032,นครราชสีมา,สีคิ้ว,2025-11-01,757826.0
2,5541012,สระบุรี,หนองแค,2025-11-01,875270.0
2,5541019,อ่างทอง,อ่างทอง,2025-11-01,238048.0
2,5541023,พระนครศรีอยุธยา,เสนา,2025-11-01,241854.0
2,5541034,นครราชสีมา,โชคชัย,2025-11-01,290954.0
2,5541037,นครราชสีมา,โนนสูง,2025-11-01,135680.0
3,5542024,กาญจนบุรี,กาญจนบุรี,2025-11-01,656718.0
3,5542031,ประจวบคีรีขันธ์,กุยบุรี,2025-11-01,364412.0
3,5542022,สุพรรณบุรี,ด่านช้าง,2025-11-01,124641.0
3,5542027,กาญจนบุรี,ท่ามะกา,2025-11-01,213347.0
3,5542033,นครปฐม,นครปฐม,2025-11-01,599392.0
3,5542032,ประจวบคีรีขันธ์,บางสะพาน,2025-11-01,237949.0
3,5542011,ราชบุรี,บ้านโป่ง,2025-11-01,207454.0
3,5542029,ประจวบคีรีขันธ์,ประจวบคีรีขันธ์,2025-11-01,326070.0
3,5542030,ประจวบคีรีขันธ์,ปราณบุรี,2025-11-01,868852.0
3,5542013,ราชบุรี,ปากท่อ,2025-11-01,504826.0
3,5542026,กาญจนบุรี,พนมทวน,2025-11-01,156554.0
3,5542014,ราชบุรี,ราชบุรี,2025-11-01,686751.0
3,5542020,สุพรรณบุรี,ศรีประจันต์,2025-11-01,86029.0
3,5542015,สมุทรสงคราม,สมุทรสงคราม,2025-11-01,928932.0
3,5542016,สมุทรสาคร,สมุทรสาคร,2025-11-01,5655854.0
3,5542012,ราชบุรี,สวนผึ้ง,2025-11-01,120172.0
3,5542018,นครปฐม,สามพราน,2025-11-01,1073909.0
3,5542019,สุพรรณบุรี,สุพรรณบุรี,2025-11-01,571824.0
3,5542023,สุพรรณบุรี,อู่ทอง,2025-11-01,371880.0
3,5542017,สมุทรสาคร,อ้อมน้อย,2025-11-01,2666038.0
3,5542021,สุพรรณบุรี,เดิมบางนางบวช,2025-11-01,190517.0
3,5542028,เพชรบุรี,เพชรบุรี,2025-11-01,1242970.0
3,5542025,กาญจนบุรี,เลาขวัญ,2025-11-01,125170.0
4,5551025,กระบี่,กระบี่,2025-11-01,899724.0
4,5551012,สุราษฎร์ธานี,กาญจนดิษฐ์,2025-11-01,306054.0
4,5551031,นครศรีธรรมราช,ขนอม,2025-11-01,142546.0
4,5551034,กระบี่,คลองท่อม,2025-11-01,106329.0
4,5551030,นครศรีธรรมราช,จันดี,2025-11-01,128626.0
4,5551028,นครศรีธรรมราช,ชะอวด,2025-11-01,97723.0
4,5551017,ชุมพร,ชุมพร,2025-11-01,810080.0
4,5551022,พังงา,ตะกั่วป่า,2025-11-01,181272.0
4,5551027,นครศรีธรรมราช,ทุ่งสง,2025-11-01,487050.0
4,5551019,ชุมพร,ท่าแซะ,2025-11-01,91468.0
4,5551023,พังงา,ท้ายเหมือง,2025-11-01,89868.0
4,5551032,นครศรีธรรมราช,นครศรีธรรมราช,2025-11-01,237537.0
4,5551015,สุราษฎร์ธานี,บ้านตาขุน,2025-11-01,84516.0
4,5551029,นครศรีธรรมราช,ปากพนัง,2025-11-01,230887.0
4,5551021,พังงา,พังงา,2025-11-01,234548.0
4,5551024,ภูเก็ต,ภูเก็ต,2025-11-01,2147566.0
4,5551020,ระนอง,ระนอง,2025-11-01,467363.0
4,5551011,สุราษฎร์ธานี,สุราษฎร์ธานี,2025-11-01,1754769.6
4,5551018,ชุมพร,หลังสวน,2025-11-01,342232.0
4,5551026,กระบี่,อ่าวลึก,2025-11-01,92139.0
4,5551033,สุราษฎร์ธานี,เกาะพะงัน,2025-11-01,108929.0
4,5551013,สุราษฎร์ธานี,เกาะสมุย,2025-11-01,599017.0
4,5551014,สุราษฎร์ธานี,เวียงสระ,2025-11-01,163399.0
4,5551016,สุราษฎร์ธานี,ไชยา,2025-11-01,88800.0
5,5552021,ตรัง,กันตัง,2025-11-01,227671.0
5,5552018,ตรัง,ตรัง,2025-11-01,373609.0
5,5552027,นราธิวาส,นราธิวาส,2025-11-01,491219.0
5,5552014,สงขลา,นาทวี,2025-11-01,86671.0
5,5552030,สงขลา,พังลา,2025-11-01,91871.0
5,5552016,พัทลุง,พัทลุง,2025-11-01,368892.0
5,5552024,ยะลา,ยะหา,2025-11-01,55664.0
5,5552020,ตรัง,ย่านตาขาว,2025-11-01,121379.0
5,5552015,สงขลา,ระโนด,2025-11-01,43696.0
5,5552028,นราธิวาส,รือเสาะ,2025-11-01,46232.0
5,5552023,สตูล,ละงู,2025-11-01,182455.0
5,5552011,สงขลา,สงขลา,2025-11-01,1457948.0
5,5552022,สตูล,สตูล,2025-11-01,348880.0
5,5552013,สงขลา,สะเดา,2025-11-01,437355.0
5,5552026,ปัตตานี,สายบุรี,2025-11-01,46310.0
5,5552029,นราธิวาส,สุไหงโก-ลก,2025-11-01,248762.0
5,5552012,สงขลา,หาดใหญ่,2025-11-01,2086807.0
5,5552019,ตรัง,ห้วยยอด,2025-11-01,181421.0
5,5552017,พัทลุง,เขาชัยสน,2025-11-01,47083.0
5,5552025,ยะลา,เบตง,2025-11-01,235595.0
6,5521016,ขอนแก่น,กระนวน,2025-11-01,245136.0
6,5521019,กาฬสินธุ์,กาฬสินธุ์,2025-11-01,555292.0
6,5521020,กาฬสินธุ์,กุฉินารายณ์,2025-11-01,88671.0
6,5521011,ขอนแก่น,ขอนแก่น,2025-11-01,3024826.0
6,5521026,ชัยภูมิ,จัตุรัส,2025-11-01,256569.0
6,5521015,ขอนแก่น,ชนบท,2025-11-01,259815.0
6,5521024,ชัยภูมิ,ชัยภูมิ,2025-11-01,792337.0
6,5521013,ขอนแก่น,ชุมแพ,2025-11-01,342599.0
6,5521014,ขอนแก่น,น้ำพอง,2025-11-01,430685.0
6,5521029,ชัยภูมิ,บำเหน็จณรงค์,2025-11-01,214415.0
6,5521012,ขอนแก่น,บ้านไผ่,2025-11-01,303527.0
6,5521023,มหาสารคาม,พยัคฆภูมิพิสัย,2025-11-01,144226.0
6,5521028,ชัยภูมิ,ภูเขียว,2025-11-01,202177.0
6,5521022,มหาสารคาม,มหาสารคาม,2025-11-01,1123606.0
6,5521030,ร้อยเอ็ด,ร้อยเอ็ด,2025-11-01,714095.0
6,5521021,กาฬสินธุ์,สมเด็จ,2025-11-01,127699.0
6,5521032,ร้อยเอ็ด,สุวรรณภูมิ,2025-11-01,113534.0
6,5521027,ชัยภูมิ,หนองบัวแดง,2025-11-01,127540.0
6,5521017,ขอนแก่น,หนองเรือ,2025-11-01,199349.0
6,5521018,ขอนแก่น,เมืองพล,2025-11-01,206864.0
6,5521025,ชัยภูมิ,แก้งคร้อ,2025-11-01,193128.0
6,5521031,ร้อยเอ็ด,โพนทอง,2025-11-01,149471.0
7,5522012,อุดรธานี,กุมภวาปี,2025-11-01,312245.0
7,5522018,เลย,ด่านซ้าย,2025-11-01,78874.0
7,5522028,นครพนม,ธาตุพนม,2025-11-01,195216.0
7,5522027,นครพนม,นครพนม,2025-11-01,352450.0
7,5522021,บึงกาฬ,บึงกาฬ,2025-11-01,161060.0
7,5522014,อุดรธานี,บ้านดุง,2025-11-01,186690.0
7,5522013,อุดรธานี,บ้านผือ,2025-11-01,162995.0
7,5522029,นครพนม,บ้านแพง,2025-11-01,72901.0
7,5522026,สกลนคร,พังโคน,2025-11-01,204184.0
7,5522019,เลย,วังสะพุง,2025-11-01,169400.0
7,5522030,นครพนม,ศรีสงคราม,2025-11-01,106403.0
7,5522022,หนองคาย,ศรีเชียงใหม่,2025-11-01,91915.0
7,5522024,สกลนคร,สกลนคร,2025-11-01,625024.0
7,5522025,สกลนคร,สว่างแดนดิน,2025-11-01,178731.0
7,5522020,หนองคาย,หนองคาย,2025-11-01,558886.0
7,5522015,หนองบัวลำภู,หนองบัวลำภู,2025-11-01,289054.0
7,5522011,อุดรธานี,อุดรธานี,2025-11-01,2199216.0
7,5522017,เลย,เชียงคาน,2025-11-01,185243.0
7,5522016,เลย,เลย,2025-11-01,520383.0
7,5522023,หนองคาย,โพนพิสัย,2025-11-01,149525.0
8,5532029,ศรีสะเกษ,กันทรลักษ์,2025-11-01,112185.0
8,5532022,บุรีรัมย์,นางรอง,2025-11-01,217816.0
8,5532019,บุรีรัมย์,บุรีรัมย์,2025-11-01,833850.0
8,5532012,อุบลราชธานี,พิบูลมังสาหาร,2025-11-01,111539.0
8,5532018,ยโสธร,มหาชนะชัย,2025-11-01,103979.0
8,5532030,มุกดาหาร,มุกดาหาร,2025-11-01,432624.0
8,5532016,ยโสธร,ยโสธร,2025-11-01,281268.0
8,5532026,สุรินทร์,รัตนบุรี,2025-11-01,172118.0
8,5532023,บุรีรัมย์,ละหานทราย,2025-11-01,223884.0
8,5532021,บุรีรัมย์,ลำปลายมาศ,2025-11-01,110354.73
8,5532028,ศรีสะเกษ,ศรีสะเกษ,2025-11-01,737108.0
8,5532025,สุรินทร์,ศีขรภูมิ,2025-11-01,152251.0
8,5532020,บุรีรัมย์,สตึก,2025-11-01,121921.0
8,5532027,สุรินทร์,สังขะ,2025-11-01,193913.0
8,5532024,สุรินทร์,สุรินทร์,2025-11-01,821413.0
8,5532015,อำนาจเจริญ,อำนาจเจริญ,2025-11-01,223431.0
8,5532011,อุบลราชธานี,อุบลราชธานี,2025-11-01,1488276.0
8,5532014,อุบลราชธานี,เขมราฐ,2025-11-01,148705.0
8,5532013,อุบลราชธานี,เดชอุดม,2025-11-01,175075.0
8,5532017,ยโสธร,เลิงนกทา,2025-11-01,120617.0
9,5511017,เชียงใหม่,จอมทอง,2025-11-01,94218.0
9,5511031,พะเยา,จุน,2025-11-01,105610.0
9,5511029,น่าน,ท่าวังผา,2025-11-01,102493.0
9,5511028,น่าน,น่าน,2025-11-01,372421.0
9,5511021,ลำพูน,บ้านโฮ่ง,2025-11-01,18747.0
9,5511016,เชียงใหม่,ฝาง,2025-11-01,123797.0
9,5511030,พะเยา,พะเยา,2025-11-01,498213.0
9,5511033,เชียงราย,พาน,2025-11-01,156702.0
9,5511027,แพร่,ร้องกวาง,2025-11-01,56752.0
9,5511022,ลำปาง,ลำปาง,2025-11-01,840957.0
9,5511020,ลำพูน,ลำพูน,2025-11-01,356665.0
9,5511013,เชียงใหม่,สันกำแพง,2025-11-01,344598.0
9,5511012,เชียงใหม่,ฮอด,2025-11-01,61027.0
9,5511023,ลำปาง,เกาะคา,2025-11-01,104551.0
9,5511032,เชียงราย,เชียงราย,2025-11-01,798865.0
9,5511011,เชียงใหม่,เชียงใหม่,2025-11-01,3485816.0
9,5511026,แพร่,เด่นชัย,2025-11-01,98828.0
9,5511024,ลำปาง,เถิน,2025-11-01,126765.0
9,5511034,เชียงราย,เทิง,2025-11-01,58260.0
9,5511035,เชียงราย,เวียงเชียงของ,2025-11-01,84804.0
9,5511025,แพร่,แพร่,2025-11-01,244477.0
9,5511037,เชียงราย,แม่ขะจาน,2025-11-01,67852.0
9,5511014,เชียงใหม่,แม่ริม,2025-11-01,518782.0
9,5511019,แม่ฮ่องสอน,แม่สะเรียง,2025-11-01,126153.0
9,5511036,เชียงราย,แม่สาย,2025-11-01,414831.0
9,5511018,แม่ฮ่องสอน,แม่ฮ่องสอน,2025-11-01,173835.0
9,5511015,เชียงใหม่,แม่แตง,2025-11-01,177836.0
10,5512017,กำแพงเพชร,กำแพงเพชร,2025-11-01,539720.0
10,5512018,กำแพงเพชร,ขาณุวรลักษบุรี,2025-11-01,112021.0
10,5512034,เพชรบูรณ์,ชนแดน,2025-11-01,65315.0
10,5512015,ชัยนาท,ชัยนาท,2025-11-01,249734.0
10,5512031,พิจิตร,ตะพานหิน,2025-11-01,160269.0
10,5512019,ตาก,ตาก,2025-11-01,525485.0
10,5512022,สุโขทัย,ทุ่งเสลี่ยม,2025-11-01,64882.0
10,5512012,นครสวรรค์,ท่าตะโก,2025-11-01,203722.67
10,5512011,นครสวรรค์,นครสวรรค์,2025-11-01,610373.0
10,5512028,พิษณุโลก,นครไทย,2025-11-01,99569.0
10,5512030,พิจิตร,บางมูลนาก,2025-11-01,94940.0
10,5512014,นครสวรรค์,พยุหะคีรี,2025-11-01,202181.0
10,5512029,พิจิตร,พิจิตร,2025-11-01,498553.0
10,5512027,พิษณุโลก,พิษณุโลก,2025-11-01,621549.0
10,5512013,นครสวรรค์,ลาดยาว,2025-11-01,121408.0
10,5512036,เพชรบูรณ์,วิเชียรบุรี,2025-11-01,139777.0
10,5512025,สุโขทัย,ศรีสัชนาลัย,2025-11-01,122137.0
10,5512023,สุโขทัย,ศรีสำโรง,2025-11-01,47416.0
10,5512024,สุโขทัย,สวรรคโลก,2025-11-01,127223.0
10,5512021,สุโขทัย,สุโขทัย,2025-11-01,387486.0
10,5512035,เพชรบูรณ์,หนองไผ่,2025-11-01,135931.0
10,5512033,เพชรบูรณ์,หล่มสัก,2025-11-01,233111.0
10,5512026,อุตรดิตถ์,อุตรดิตถ์,2025-11-01,78831.0
10,5512016,อุทัยธานี,อุทัยธานี,2025-11-01,207111.0
10,5512032,เพชรบูรณ์,เพชรบูรณ์,2025-11-01,357095.0
10,5512020,ตาก,แม่สอด,2025-11-01,837920.0
1,5531032,ปราจีนบุรี,กบินทร์บุรี,2025-12-01,311616.0
1,5531025,จันทบุรี,ขลุง,2025-12-01,245566.0
1,5531027,ตราด,คลองใหญ่,2025-12-01,70145.0
1,5531024,จันทบุรี,จันทบุรี,2025-12-01,1184884.0
1,5531017,ฉะเชิงเทรา,ฉะเชิงเทรา,2025-12-01,857688.0
1,5531011,ชลบุรี,ชลบุรี,2025-12-01,3738516.0
1,5531026,ตราด,ตราด,2025-12-01,501552.0
1,5531019,ฉะเชิงเทรา,บางคล้า,2025-12-01,1694048.0
1,5531018,ฉะเชิงเทรา,บางปะกง,2025-12-01,1149651.0
1,5531022,ระยอง,บ้านฉาง,2025-12-01,2350833.0
1,5531013,ชลบุรี,บ้านบึง,2025-12-01,1309243.0
1,5531031,ปราจีนบุรี,ปราจีนบุรี,2025-12-01,801044.0
1,5531023,ระยอง,ปากน้ำประแสร์,2025-12-01,458839.0
1,5531020,ฉะเชิงเทรา,พนมสารคาม,2025-12-01,555066.0
1,5531014,ชลบุรี,พนัสนิคม,2025-12-01,1711253.0
1,5531012,ชลบุรี,พัทยา,2025-12-01,4699231.0
1,5531021,ระยอง,ระยอง,2025-12-01,1605048.0
1,5531029,สระแก้ว,วัฒนานคร,2025-12-01,110306.0
1,5531015,ชลบุรี,ศรีราชา,2025-12-01,1534886.0
1,5531028,สระแก้ว,สระแก้ว,2025-12-01,298685.0
1,5531030,สระแก้ว,อรัญประเทศ,2025-12-01,349395.0
1,5531016,ชลบุรี,แหลมฉบัง,2025-12-01,1990782.0
2,5541031,นครราชสีมา,ครบุรี,2025-12-01,133687.0
2,5541039,ปทุมธานี,คลองหลวง,2025-12-01,2822527.0
2,5541017,ลพบุรี,ชัยบาดาล,2025-12-01,194781.0
2,5541036,นครราชสีมา,ชุมพวง,2025-12-01,93759.0
2,5541038,นครราชสีมา,ด่านขุนทด,2025-12-01,155139.0
2,5541024,พระนครศรีอยุธยา,ท่าเรือ,2025-12-01,129754.0
2,5541040,ปทุมธานี,ธัญบุรี,2025-12-01,1840443.0
2,5541027,นครนายก,นครนายก,2025-12-01,350795.0
2,5541029,นครราชสีมา,นครราชสีมา,2025-12-01,832741.0
2,5541028,นครนายก,บ้านนา,2025-12-01,293643.0
2,5541014,สระบุรี,บ้านหมอ,2025-12-01,81978.0
2,5541016,ลพบุรี,บ้านหมี่,2025-12-01,300300.0
2,5541025,ปทุมธานี,ปทุมธานี,2025-12-01,2248235.0
2,5541033,นครราชสีมา,ปักธงชัย,2025-12-01,222578.0
2,5541030,นครราชสีมา,ปากช่อง,2025-12-01,388017.0
2,5541022,พระนครศรีอยุธยา,ผักไห่,2025-12-01,38995.0
2,5541021,พระนครศรีอยุธยา,พระนครศรีอยุธยา,2025-12-01,2329241.0
2,5541011,สระบุรี,พระพุทธบาท,2025-12-01,363625.0
2,5541035,นครราชสีมา,พิมาย,2025-12-01,214032.0
2,5541013,สระบุรี,มวกเหล็ก,2025-12-01,492090.0
2,5541026,ปทุมธานี,รังสิต,2025-12-01,4037328.0
2,5541015,ลพบุรี,ลพบุรี,2025-12-01,1202754.0
2,5541020,อ่างทอง,วิเศษชัยชาญ,2025-12-01,81540.0
2,5541018,สิงห์บุรี,สิงห์บุรี,2025-12-01,217992.0
2,5541032,นครราชสีมา,สีคิ้ว,2025-12-01,738535.0
2,5541012,สระบุรี,หนองแค,2025-12-01,839928.0
2,5541019,อ่างทอง,อ่างทอง,2025-12-01,229495.0
2,5541023,พระนครศรีอยุธยา,เสนา,2025-12-01,229120.0
2,5541034,นครราชสีมา,โชคชัย,2025-12-01,281890.0
2,5541037,นครราชสีมา,โนนสูง,2025-12-01,130871.0
3,5542024,กาญจนบุรี,กาญจนบุรี,2025-12-01,661341.0
3,5542031,ประจวบคีรีขันธ์,กุยบุรี,2025-12-01,340428.0
3,5542022,สุพรรณบุรี,ด่านช้าง,2025-12-01,117910.0
3,5542027,กาญจนบุรี,ท่ามะกา,2025-12-01,209573.0
3,5542033,นครปฐม,นครปฐม,2025-12-01,564961.0
3,5542032,ประจวบคีรีขันธ์,บางสะพาน,2025-12-01,228785.0
3,5542011,ราชบุรี,บ้านโป่ง,2025-12-01,194988.0
3,5542029,ประจวบคีรีขันธ์,ประจวบคีรีขันธ์,2025-12-01,312767.0
3,5542030,ประจวบคีรีขันธ์,ปราณบุรี,2025-12-01,855165.0
3,5542013,ราชบุรี,ปากท่อ,2025-12-01,457864.0
3,5542026,กาญจนบุรี,พนมทวน,2025-12-01,149417.0
3,5542014,ราชบุรี,ราชบุรี,2025-12-01,647535.0
3,5542020,สุพรรณบุรี,ศรีประจันต์,2025-12-01,89589.0
3,5542015,สมุทรสงคราม,สมุทรสงคราม,2025-12-01,869121.0
3,5542016,สมุทรสาคร,สมุทรสาคร,2025-12-01,5496137.0
3,5542012,ราชบุรี,สวนผึ้ง,2025-12-01,118620.0
3,5542018,นครปฐม,สามพราน,2025-12-01,1028774.0
3,5542019,สุพรรณบุรี,สุพรรณบุรี,2025-12-01,538618.0
3,5542023,สุพรรณบุรี,อู่ทอง,2025-12-01,354122.0
3,5542017,สมุทรสาคร,อ้อมน้อย,2025-12-01,2547994.0
3,5542021,สุพรรณบุรี,เดิมบางนางบวช,2025-12-01,179222.0
3,5542028,เพชรบุรี,เพชรบุรี,2025-12-01,1203610.0
3,5542025,กาญจนบุรี,เลาขวัญ,2025-12-01,124606.0
4,5551025,กระบี่,กระบี่,2025-12-01,887016.0
4,5551012,สุราษฎร์ธานี,กาญจนดิษฐ์,2025-12-01,282806.0
4,5551031,นครศรีธรรมราช,ขนอม,2025-12-01,124429.0
4,5551034,กระบี่,คลองท่อม,2025-12-01,101634.0
4,5551030,นครศรีธรรมราช,จันดี,2025-12-01,125022.0
4,5551028,นครศรีธรรมราช,ชะอวด,2025-12-01,96624.0
4,5551017,ชุมพร,ชุมพร,2025-12-01,779518.0
4,5551022,พังงา,ตะกั่วป่า,2025-12-01,179390.0
4,5551027,นครศรีธรรมราช,ทุ่งสง,2025-12-01,462535.0
4,5551019,ชุมพร,ท่าแซะ,2025-12-01,91411.0
4,5551023,พังงา,ท้ายเหมือง,2025-12-01,88200.0
4,5551032,นครศรีธรรมราช,นครศรีธรรมราช,2025-12-01,224467.0
4,5551015,สุราษฎร์ธานี,บ้านตาขุน,2025-12-01,79788.0
4,5551029,นครศรีธรรมราช,ปากพนัง,2025-12-01,218292.0
4,5551021,พังงา,พังงา,2025-12-01,225138.0
4,5551024,ภูเก็ต,ภูเก็ต,2025-12-01,2137436.0
4,5551020,ระนอง,ระนอง,2025-12-01,459000.0
4,5551011,สุราษฎร์ธานี,สุราษฎร์ธานี,2025-12-01,1670689.85
4,5551018,ชุมพร,หลังสวน,2025-12-01,321693.0
4,5551026,กระบี่,อ่าวลึก,2025-12-01,88064.0
4,5551033,สุราษฎร์ธานี,เกาะพะงัน,2025-12-01,106690.0
4,5551013,สุราษฎร์ธานี,เกาะสมุย,2025-12-01,601961.0
4,5551014,สุราษฎร์ธานี,เวียงสระ,2025-12-01,159922.0
4,5551016,สุราษฎร์ธานี,ไชยา,2025-12-01,88714.0
5,5552021,ตรัง,กันตัง,2025-12-01,212445.0
5,5552018,ตรัง,ตรัง,2025-12-01,361505.0
5,5552027,นราธิวาส,นราธิวาส,2025-12-01,500170.0
5,5552014,สงขลา,นาทวี,2025-12-01,91230.0
5,5552030,สงขลา,พังลา,2025-12-01,85061.0
5,5552016,พัทลุง,พัทลุง,2025-12-01,355361.0
5,5552024,ยะลา,ยะหา,2025-12-01,59005.0
5,5552020,ตรัง,ย่านตาขาว,2025-12-01,123858.0
5,5552015,สงขลา,ระโนด,2025-12-01,44673.0
5,5552028,นราธิวาส,รือเสาะ,2025-12-01,46345.0
5,5552023,สตูล,ละงู,2025-12-01,170302.0
5,5552011,สงขลา,สงขลา,2025-12-01,987593.0
5,5552022,สตูล,สตูล,2025-12-01,353022.0
5,5552013,สงขลา,สะเดา,2025-12-01,432256.0
5,5552026,ปัตตานี,สายบุรี,2025-12-01,49338.0
5,5552029,นราธิวาส,สุไหงโก-ลก,2025-12-01,231445.0
5,5552012,สงขลา,หาดใหญ่,2025-12-01,2155013.0
5,5552019,ตรัง,ห้วยยอด,2025-12-01,170332.0
5,5552017,พัทลุง,เขาชัยสน,2025-12-01,45839.0
5,5552025,ยะลา,เบตง,2025-12-01,230825.0
6,5521016,ขอนแก่น,กระนวน,2025-12-01,231832.0
6,5521019,กาฬสินธุ์,กาฬสินธุ์,2025-12-01,526541.0
6,5521020,กาฬสินธุ์,กุฉินารายณ์,2025-12-01,81811.0
6,5521011,ขอนแก่น,ขอนแก่น,2025-12-01,2897522.0
6,5521026,ชัยภูมิ,จัตุรัส,2025-12-01,240625.0
6,5521015,ขอนแก่น,ชนบท,2025-12-01,243690.0
6,5521024,ชัยภูมิ,ชัยภูมิ,2025-12-01,757335.0
6,5521013,ขอนแก่น,ชุมแพ,2025-12-01,319818.0
6,5521014,ขอนแก่น,น้ำพอง,2025-12-01,406038.0
6,5521029,ชัยภูมิ,บำเหน็จณรงค์,2025-12-01,205355.0
6,5521012,ขอนแก่น,บ้านไผ่,2025-12-01,295213.0
6,5521023,มหาสารคาม,พยัคฆภูมิพิสัย,2025-12-01,136837.0
6,5521028,ชัยภูมิ,ภูเขียว,2025-12-01,189223.0
6,5521022,มหาสารคาม,มหาสารคาม,2025-12-01,1121037.0
6,5521030,ร้อยเอ็ด,ร้อยเอ็ด,2025-12-01,683258.0
6,5521021,กาฬสินธุ์,สมเด็จ,2025-12-01,123919.0
6,5521032,ร้อยเอ็ด,สุวรรณภูมิ,2025-12-01,108874.0
6,5521027,ชัยภูมิ,หนองบัวแดง,2025-12-01,122600.0
6,5521017,ขอนแก่น,หนองเรือ,2025-12-01,188521.0
6,5521018,ขอนแก่น,เมืองพล,2025-12-01,202499.0
6,5521025,ชัยภูมิ,แก้งคร้อ,2025-12-01,187020.0
6,5521031,ร้อยเอ็ด,โพนทอง,2025-12-01,145504.0
7,5522012,อุดรธานี,กุมภวาปี,2025-12-01,288233.0
7,5522018,เลย,ด่านซ้าย,2025-12-01,75511.0
7,5522028,นครพนม,ธาตุพนม,2025-12-01,186676.0
7,5522027,นครพนม,นครพนม,2025-12-01,343137.0
7,5522021,บึงกาฬ,บึงกาฬ,2025-12-01,154895.0
7,5522014,อุดรธานี,บ้านดุง,2025-12-01,184649.0
7,5522013,อุดรธานี,บ้านผือ,2025-12-01,151295.0
7,5522029,นครพนม,บ้านแพง,2025-12-01,69703.0
7,5522026,สกลนคร,พังโคน,2025-12-01,196579.0
7,5522019,เลย,วังสะพุง,2025-12-01,165372.0
7,5522030,นครพนม,ศรีสงคราม,2025-12-01,104245.0
7,5522022,หนองคาย,ศรีเชียงใหม่,2025-12-01,87269.0
7,5522024,สกลนคร,สกลนคร,2025-12-01,614943.0
7,5522025,สกลนคร,สว่างแดนดิน,2025-12-01,171026.0
7,5522020,หนองคาย,หนองคาย,2025-12-01,519943.0
7,5522015,หนองบัวลำภู,หนองบัวลำภู,2025-12-01,284225.0
7,5522011,อุดรธานี,อุดรธานี,2025-12-01,2129686.0
7,5522017,เลย,เชียงคาน,2025-12-01,173879.0
7,5522016,เลย,เลย,2025-12-01,493578.0
7,5522023,หนองคาย,โพนพิสัย,2025-12-01,146896.0
8,5532029,ศรีสะเกษ,กันทรลักษ์,2025-12-01,110705.0
8,5532022,บุรีรัมย์,นางรอง,2025-12-01,214430.0
8,5532019,บุรีรัมย์,บุรีรัมย์,2025-12-01,811915.0
8,5532012,อุบลราชธานี,พิบูลมังสาหาร,2025-12-01,106616.0
8,5532018,ยโสธร,มหาชนะชัย,2025-12-01,100178.0
8,5532030,มุกดาหาร,มุกดาหาร,2025-12-01,424841.0
8,5532016,ยโสธร,ยโสธร,2025-12-01,272475.0
8,5532026,สุรินทร์,รัตนบุรี,2025-12-01,163509.0
8,5532023,บุรีรัมย์,ละหานทราย,2025-12-01,210647.0
8,5532021,บุรีรัมย์,ลำปลายมาศ,2025-12-01,102914.0
8,5532028,ศรีสะเกษ,ศรีสะเกษ,2025-12-01,713556.0
8,5532025,สุรินทร์,ศีขรภูมิ,2025-12-01,148673.0
8,5532020,บุรีรัมย์,สตึก,2025-12-01,117490.0
8,5532027,สุรินทร์,สังขะ,2025-12-01,180483.0
8,5532024,สุรินทร์,สุรินทร์,2025-12-01,816476.0
8,5532015,อำนาจเจริญ,อำนาจเจริญ,2025-12-01,222453.0
8,5532011,อุบลราชธานี,อุบลราชธานี,2025-12-01,1447391.0
8,5532014,อุบลราชธานี,เขมราฐ,2025-12-01,146522.0
8,5532013,อุบลราชธานี,เดชอุดม,2025-12-01,171461.0
8,5532017,ยโสธร,เลิงนกทา,2025-12-01,116079.0
9,5511017,เชียงใหม่,จอมทอง,2025-12-01,92717.0
9,5511031,พะเยา,จุน,2025-12-01,101139.0
9,5511029,น่าน,ท่าวังผา,2025-12-01,97479.0
9,5511028,น่าน,น่าน,2025-12-01,351306.0
9,5511021,ลำพูน,บ้านโฮ่ง,2025-12-01,16843.0
9,5511016,เชียงใหม่,ฝาง,2025-12-01,118086.0
9,5511030,พะเยา,พะเยา,2025-12-01,475809.0
9,5511033,เชียงราย,พาน,2025-12-01,150046.0
9,5511027,แพร่,ร้องกวาง,2025-12-01,56293.0
9,5511022,ลำปาง,ลำปาง,2025-12-01,804969.0
9,5511020,ลำพูน,ลำพูน,2025-12-01,332599.0
9,5511013,เชียงใหม่,สันกำแพง,2025-12-01,331900.0
9,5511012,เชียงใหม่,ฮอด,2025-12-01,57140.0
9,5511023,ลำปาง,เกาะคา,2025-12-01,100556.0
9,5511032,เชียงราย,เชียงราย,2025-12-01,772658.0
9,5511011,เชียงใหม่,เชียงใหม่,2025-12-01,3397342.0
9,5511026,แพร่,เด่นชัย,2025-12-01,93227.0
9,5511024,ลำปาง,เถิน,2025-12-01,118146.0
9,5511034,เชียงราย,เทิง,2025-12-01,55335.0
9,5511035,เชียงราย,เวียงเชียงของ,2025-12-01,79013.0
9,5511025,แพร่,แพร่,2025-12-01,235237.0
9,5511037,เชียงราย,แม่ขะจาน,2025-12-01,62395.7
9,5511014,เชียงใหม่,แม่ริม,2025-12-01,502725.0
9,5511019,แม่ฮ่องสอน,แม่สะเรียง,2025-12-01,117696.0
9,5511036,เชียงราย,แม่สาย,2025-12-01,398718.0
9,5511018,แม่ฮ่องสอน,แม่ฮ่องสอน,2025-12-01,166910.0
9,5511015,เชียงใหม่,แม่แตง,2025-12-01,169141.0
10,5512017,กำแพงเพชร,กำแพงเพชร,2025-12-01,521013.0
10,5512018,กำแพงเพชร,ขาณุวรลักษบุรี,2025-12-01,108066.0
10,5512034,เพชรบูรณ์,ชนแดน,2025-12-01,61183.0
10,5512015,ชัยนาท,ชัยนาท,2025-12-01,239786.0
10,5512031,พิจิตร,ตะพานหิน,2025-12-01,150053.0
10,5512019,ตาก,ตาก,2025-12-01,502207.0
10,5512022,สุโขทัย,ทุ่งเสลี่ยม,2025-12-01,62018.0
10,5512012,นครสวรรค์,ท่าตะโก,2025-12-01,198635.0
10,5512011,นครสวรรค์,นครสวรรค์,2025-12-01,580490.0
10,5512028,พิษณุโลก,นครไทย,2025-12-01,95597.0
10,5512030,พิจิตร,บางมูลนาก,2025-12-01,91999.0
10,5512014,นครสวรรค์,พยุหะคีรี,2025-12-01,196519.0
10,5512029,พิจิตร,พิจิตร,2025-12-01,475958.0
10,5512027,พิษณุโลก,พิษณุโลก,2025-12-01,601879.0
10,5512013,นครสวรรค์,ลาดยาว,2025-12-01,114717.0
10,5512036,เพชรบูรณ์,วิเชียรบุรี,2025-12-01,133388.0
10,5512025,สุโขทัย,ศรีสัชนาลัย,2025-12-01,111350.0
10,5512023,สุโขทัย,ศรีสำโรง,2025-12-01,45656.0
10,5512024,สุโขทัย,สวรรคโลก,2025-12-01,118111.0
10,5512021,สุโขทัย,สุโขทัย,2025-12-01,365952.0
10,5512035,เพชรบูรณ์,หนองไผ่,2025-12-01,131601.0
10,5512033,เพชรบูรณ์,หล่มสัก,2025-12-01,221909.0
10,5512026,อุตรดิตถ์,อุตรดิตถ์,2025-12-01,73635.0
10,5512016,อุทัยธานี,อุทัยธานี,2025-12-01,207092.0
10,5512032,เพชรบูรณ์,เพชรบูรณ์,2025-12-01,348718.0
10,5512020,ตาก,แม่สอด,2025-12-01,789955.0
